customer_id,month,category,payment_type,spend
ATQCUS0001,May,Bills,Credit Card,1862
ATQCUS0001,May,Bills,UPI,2246
ATQCUS0001,May,Bills,Debit Card,1671
ATQCUS0001,May,Bills,Net Banking,614
ATQCUS0001,May,Groceries,Credit Card,690
ATQCUS0001,May,Groceries,UPI,480
ATQCUS0001,May,Groceries,Debit Card,216
ATQCUS0001,May,Groceries,Net Banking,407
ATQCUS0001,May,Electronics,Credit Card,892
ATQCUS0001,May,Electronics,UPI,161
ATQCUS0001,May,Electronics,Debit Card,278
ATQCUS0001,May,Electronics,Net Banking,226
ATQCUS0001,May,Health & Wellness,Credit Card,1180
ATQCUS0001,May,Health & Wellness,UPI,158
ATQCUS0001,May,Health & Wellness,Debit Card,559
ATQCUS0001,May,Health & Wellness,Net Banking,240
ATQCUS0001,May,Travel,Credit Card,158
ATQCUS0001,May,Travel,UPI,249
ATQCUS0001,May,Travel,Debit Card,419
ATQCUS0001,May,Travel,Net Banking,141
ATQCUS0001,May,Food,Credit Card,1058
ATQCUS0001,May,Food,UPI,701
ATQCUS0001,May,Food,Debit Card,338
ATQCUS0001,May,Food,Net Banking,324
ATQCUS0001,May,Entertainment,Credit Card,827
ATQCUS0001,May,Entertainment,UPI,816
ATQCUS0001,May,Entertainment,Debit Card,322
ATQCUS0001,May,Entertainment,Net Banking,394
ATQCUS0001,May,Apparel,Credit Card,442
ATQCUS0001,May,Apparel,UPI,229
ATQCUS0001,May,Apparel,Debit Card,519
ATQCUS0001,May,Apparel,Net Banking,87
ATQCUS0001,May,Others,Credit Card,502
ATQCUS0001,May,Others,UPI,260
ATQCUS0001,May,Others,Debit Card,95
ATQCUS0001,May,Others,Net Banking,103
ATQCUS0001,June,Bills,Credit Card,41
ATQCUS0001,June,Bills,UPI,951
ATQCUS0001,June,Bills,Debit Card,609
ATQCUS0001,June,Bills,Net Banking,45
ATQCUS0001,June,Groceries,Credit Card,843
ATQCUS0001,June,Groceries,UPI,527
ATQCUS0001,June,Groceries,Debit Card,537
ATQCUS0001,June,Groceries,Net Banking,580
ATQCUS0001,June,Electronics,Credit Card,1262
ATQCUS0001,June,Electronics,UPI,814
ATQCUS0001,June,Electronics,Debit Card,1398
ATQCUS0001,June,Electronics,Net Banking,239
ATQCUS0001,June,Health & Wellness,Credit Card,380
ATQCUS0001,June,Health & Wellness,UPI,170
ATQCUS0001,June,Health & Wellness,Debit Card,403
ATQCUS0001,June,Health & Wellness,Net Banking,129
ATQCUS0001,June,Travel,Credit Card,419
ATQCUS0001,June,Travel,UPI,431
ATQCUS0001,June,Travel,Debit Card,643
ATQCUS0001,June,Travel,Net Banking,202
ATQCUS0001,June,Food,Credit Card,816
ATQCUS0001,June,Food,UPI,384
ATQCUS0001,June,Food,Debit Card,332
ATQCUS0001,June,Food,Net Banking,178
ATQCUS0001,June,Entertainment,Credit Card,247
ATQCUS0001,June,Entertainment,UPI,106
ATQCUS0001,June,Entertainment,Debit Card,349
ATQCUS0001,June,Entertainment,Net Banking,257
ATQCUS0001,June,Apparel,Credit Card,473
ATQCUS0001,June,Apparel,UPI,129
ATQCUS0001,June,Apparel,Debit Card,115
ATQCUS0001,June,Apparel,Net Banking,128
ATQCUS0001,June,Others,Credit Card,615
ATQCUS0001,June,Others,UPI,106
ATQCUS0001,June,Others,Debit Card,179
ATQCUS0001,June,Others,Net Banking,137
ATQCUS0001,July,Bills,Credit Card,1034
ATQCUS0001,July,Bills,UPI,370
ATQCUS0001,July,Bills,Debit Card,373
ATQCUS0001,July,Bills,Net Banking,385
ATQCUS0001,July,Groceries,Credit Card,477
ATQCUS0001,July,Groceries,UPI,1147
ATQCUS0001,July,Groceries,Debit Card,948
ATQCUS0001,July,Groceries,Net Banking,357
ATQCUS0001,July,Electronics,Credit Card,960
ATQCUS0001,July,Electronics,UPI,1332
ATQCUS0001,July,Electronics,Debit Card,771
ATQCUS0001,July,Electronics,Net Banking,283
ATQCUS0001,July,Health & Wellness,Credit Card,293
ATQCUS0001,July,Health & Wellness,UPI,332
ATQCUS0001,July,Health & Wellness,Debit Card,320
ATQCUS0001,July,Health & Wellness,Net Banking,516
ATQCUS0001,July,Travel,Credit Card,586
ATQCUS0001,July,Travel,UPI,1590
ATQCUS0001,July,Travel,Debit Card,45
ATQCUS0001,July,Travel,Net Banking,189
ATQCUS0001,July,Food,Credit Card,686
ATQCUS0001,July,Food,UPI,614
ATQCUS0001,July,Food,Debit Card,737
ATQCUS0001,July,Food,Net Banking,226
ATQCUS0001,July,Entertainment,Credit Card,1530
ATQCUS0001,July,Entertainment,UPI,619
ATQCUS0001,July,Entertainment,Debit Card,291
ATQCUS0001,July,Entertainment,Net Banking,237
ATQCUS0001,July,Apparel,Credit Card,318
ATQCUS0001,July,Apparel,UPI,83
ATQCUS0001,July,Apparel,Debit Card,495
ATQCUS0001,July,Apparel,Net Banking,38
ATQCUS0001,July,Others,Credit Card,302
ATQCUS0001,July,Others,UPI,129
ATQCUS0001,July,Others,Debit Card,356
ATQCUS0001,July,Others,Net Banking,44
ATQCUS0001,August,Bills,Credit Card,822
ATQCUS0001,August,Bills,UPI,995
ATQCUS0001,August,Bills,Debit Card,377
ATQCUS0001,August,Bills,Net Banking,299
ATQCUS0001,August,Groceries,Credit Card,609
ATQCUS0001,August,Groceries,UPI,1303
ATQCUS0001,August,Groceries,Debit Card,96
ATQCUS0001,August,Groceries,Net Banking,137
ATQCUS0001,August,Electronics,Credit Card,2323
ATQCUS0001,August,Electronics,UPI,438
ATQCUS0001,August,Electronics,Debit Card,294
ATQCUS0001,August,Electronics,Net Banking,533
ATQCUS0001,August,Health & Wellness,Credit Card,568
ATQCUS0001,August,Health & Wellness,UPI,303
ATQCUS0001,August,Health & Wellness,Debit Card,85
ATQCUS0001,August,Health & Wellness,Net Banking,175
ATQCUS0001,August,Travel,Credit Card,345
ATQCUS0001,August,Travel,UPI,425
ATQCUS0001,August,Travel,Debit Card,461
ATQCUS0001,August,Travel,Net Banking,438
ATQCUS0001,August,Food,Credit Card,785
ATQCUS0001,August,Food,UPI,688
ATQCUS0001,August,Food,Debit Card,615
ATQCUS0001,August,Food,Net Banking,126
ATQCUS0001,August,Entertainment,Credit Card,1285
ATQCUS0001,August,Entertainment,UPI,323
ATQCUS0001,August,Entertainment,Debit Card,213
ATQCUS0001,August,Entertainment,Net Banking,220
ATQCUS0001,August,Apparel,Credit Card,1100
ATQCUS0001,August,Apparel,UPI,351
ATQCUS0001,August,Apparel,Debit Card,224
ATQCUS0001,August,Apparel,Net Banking,335
ATQCUS0001,August,Others,Credit Card,548
ATQCUS0001,August,Others,UPI,708
ATQCUS0001,August,Others,Debit Card,85
ATQCUS0001,August,Others,Net Banking,89
ATQCUS0001,September,Bills,Credit Card,1274
ATQCUS0001,September,Bills,UPI,1230
ATQCUS0001,September,Bills,Debit Card,1142
ATQCUS0001,September,Bills,Net Banking,615
ATQCUS0001,September,Groceries,Credit Card,2466
ATQCUS0001,September,Groceries,UPI,666
ATQCUS0001,September,Groceries,Debit Card,403
ATQCUS0001,September,Groceries,Net Banking,403
ATQCUS0001,September,Electronics,Credit Card,779
ATQCUS0001,September,Electronics,UPI,561
ATQCUS0001,September,Electronics,Debit Card,437
ATQCUS0001,September,Electronics,Net Banking,696
ATQCUS0001,September,Health & Wellness,Credit Card,810
ATQCUS0001,September,Health & Wellness,UPI,150
ATQCUS0001,September,Health & Wellness,Debit Card,468
ATQCUS0001,September,Health & Wellness,Net Banking,252
ATQCUS0001,September,Travel,Credit Card,2029
ATQCUS0001,September,Travel,UPI,804
ATQCUS0001,September,Travel,Debit Card,356
ATQCUS0001,September,Travel,Net Banking,456
ATQCUS0001,September,Food,Credit Card,939
ATQCUS0001,September,Food,UPI,104
ATQCUS0001,September,Food,Debit Card,672
ATQCUS0001,September,Food,Net Banking,143
ATQCUS0001,September,Entertainment,Credit Card,1070
ATQCUS0001,September,Entertainment,UPI,327
ATQCUS0001,September,Entertainment,Debit Card,408
ATQCUS0001,September,Entertainment,Net Banking,288
ATQCUS0001,September,Apparel,Credit Card,103
ATQCUS0001,September,Apparel,UPI,141
ATQCUS0001,September,Apparel,Debit Card,301
ATQCUS0001,September,Apparel,Net Banking,90
ATQCUS0001,September,Others,Credit Card,180
ATQCUS0001,September,Others,UPI,71
ATQCUS0001,September,Others,Debit Card,113
ATQCUS0001,September,Others,Net Banking,152
ATQCUS0001,October,Bills,Credit Card,2627
ATQCUS0001,October,Bills,UPI,1275
ATQCUS0001,October,Bills,Debit Card,1016
ATQCUS0001,October,Bills,Net Banking,117
ATQCUS0001,October,Groceries,Credit Card,2406
ATQCUS0001,October,Groceries,UPI,1053
ATQCUS0001,October,Groceries,Debit Card,633
ATQCUS0001,October,Groceries,Net Banking,80
ATQCUS0001,October,Electronics,Credit Card,994
ATQCUS0001,October,Electronics,UPI,383
ATQCUS0001,October,Electronics,Debit Card,192
ATQCUS0001,October,Electronics,Net Banking,278
ATQCUS0001,October,Health & Wellness,Credit Card,1737
ATQCUS0001,October,Health & Wellness,UPI,198
ATQCUS0001,October,Health & Wellness,Debit Card,307
ATQCUS0001,October,Health & Wellness,Net Banking,62
ATQCUS0001,October,Travel,Credit Card,882
ATQCUS0001,October,Travel,UPI,291
ATQCUS0001,October,Travel,Debit Card,164
ATQCUS0001,October,Travel,Net Banking,235
ATQCUS0001,October,Food,Credit Card,539
ATQCUS0001,October,Food,UPI,257
ATQCUS0001,October,Food,Debit Card,469
ATQCUS0001,October,Food,Net Banking,41
ATQCUS0001,October,Entertainment,Credit Card,692
ATQCUS0001,October,Entertainment,UPI,93
ATQCUS0001,October,Entertainment,Debit Card,264
ATQCUS0001,October,Entertainment,Net Banking,135
ATQCUS0001,October,Apparel,Credit Card,136
ATQCUS0001,October,Apparel,UPI,576
ATQCUS0001,October,Apparel,Debit Card,150
ATQCUS0001,October,Apparel,Net Banking,52
ATQCUS0001,October,Others,Credit Card,177
ATQCUS0001,October,Others,UPI,250
ATQCUS0001,October,Others,Debit Card,115
ATQCUS0001,October,Others,Net Banking,211
ATQCUS0002,May,Bills,Credit Card,1633
ATQCUS0002,May,Bills,UPI,1187
ATQCUS0002,May,Bills,Debit Card,2424
ATQCUS0002,May,Bills,Net Banking,60
ATQCUS0002,May,Groceries,Credit Card,471
ATQCUS0002,May,Groceries,UPI,1007
ATQCUS0002,May,Groceries,Debit Card,493
ATQCUS0002,May,Groceries,Net Banking,118
ATQCUS0002,May,Electronics,Credit Card,2093
ATQCUS0002,May,Electronics,UPI,782
ATQCUS0002,May,Electronics,Debit Card,610
ATQCUS0002,May,Electronics,Net Banking,345
ATQCUS0002,May,Health & Wellness,Credit Card,534
ATQCUS0002,May,Health & Wellness,UPI,423
ATQCUS0002,May,Health & Wellness,Debit Card,189
ATQCUS0002,May,Health & Wellness,Net Banking,431
ATQCUS0002,May,Travel,Credit Card,1638
ATQCUS0002,May,Travel,UPI,120
ATQCUS0002,May,Travel,Debit Card,907
ATQCUS0002,May,Travel,Net Banking,900
ATQCUS0002,May,Food,Credit Card,675
ATQCUS0002,May,Food,UPI,593
ATQCUS0002,May,Food,Debit Card,378
ATQCUS0002,May,Food,Net Banking,539
ATQCUS0002,May,Entertainment,Credit Card,344
ATQCUS0002,May,Entertainment,UPI,396
ATQCUS0002,May,Entertainment,Debit Card,559
ATQCUS0002,May,Entertainment,Net Banking,108
ATQCUS0002,May,Apparel,Credit Card,102
ATQCUS0002,May,Apparel,UPI,259
ATQCUS0002,May,Apparel,Debit Card,655
ATQCUS0002,May,Apparel,Net Banking,157
ATQCUS0002,May,Others,Credit Card,128
ATQCUS0002,May,Others,UPI,306
ATQCUS0002,May,Others,Debit Card,154
ATQCUS0002,May,Others,Net Banking,113
ATQCUS0002,June,Bills,Credit Card,940
ATQCUS0002,June,Bills,UPI,663
ATQCUS0002,June,Bills,Debit Card,627
ATQCUS0002,June,Bills,Net Banking,1217
ATQCUS0002,June,Groceries,Credit Card,980
ATQCUS0002,June,Groceries,UPI,654
ATQCUS0002,June,Groceries,Debit Card,235
ATQCUS0002,June,Groceries,Net Banking,1167
ATQCUS0002,June,Electronics,Credit Card,1792
ATQCUS0002,June,Electronics,UPI,278
ATQCUS0002,June,Electronics,Debit Card,187
ATQCUS0002,June,Electronics,Net Banking,575
ATQCUS0002,June,Health & Wellness,Credit Card,626
ATQCUS0002,June,Health & Wellness,UPI,1306
ATQCUS0002,June,Health & Wellness,Debit Card,568
ATQCUS0002,June,Health & Wellness,Net Banking,96
ATQCUS0002,June,Travel,Credit Card,421
ATQCUS0002,June,Travel,UPI,156
ATQCUS0002,June,Travel,Debit Card,84
ATQCUS0002,June,Travel,Net Banking,670
ATQCUS0002,June,Food,Credit Card,679
ATQCUS0002,June,Food,UPI,981
ATQCUS0002,June,Food,Debit Card,429
ATQCUS0002,June,Food,Net Banking,76
ATQCUS0002,June,Entertainment,Credit Card,600
ATQCUS0002,June,Entertainment,UPI,567
ATQCUS0002,June,Entertainment,Debit Card,363
ATQCUS0002,June,Entertainment,Net Banking,114
ATQCUS0002,June,Apparel,Credit Card,632
ATQCUS0002,June,Apparel,UPI,726
ATQCUS0002,June,Apparel,Debit Card,42
ATQCUS0002,June,Apparel,Net Banking,82
ATQCUS0002,June,Others,Credit Card,400
ATQCUS0002,June,Others,UPI,140
ATQCUS0002,June,Others,Debit Card,95
ATQCUS0002,June,Others,Net Banking,250
ATQCUS0002,July,Bills,Credit Card,2259
ATQCUS0002,July,Bills,UPI,246
ATQCUS0002,July,Bills,Debit Card,579
ATQCUS0002,July,Bills,Net Banking,554
ATQCUS0002,July,Groceries,Credit Card,297
ATQCUS0002,July,Groceries,UPI,623
ATQCUS0002,July,Groceries,Debit Card,143
ATQCUS0002,July,Groceries,Net Banking,831
ATQCUS0002,July,Electronics,Credit Card,342
ATQCUS0002,July,Electronics,UPI,649
ATQCUS0002,July,Electronics,Debit Card,1246
ATQCUS0002,July,Electronics,Net Banking,661
ATQCUS0002,July,Health & Wellness,Credit Card,1460
ATQCUS0002,July,Health & Wellness,UPI,667
ATQCUS0002,July,Health & Wellness,Debit Card,882
ATQCUS0002,July,Health & Wellness,Net Banking,232
ATQCUS0002,July,Travel,Credit Card,194
ATQCUS0002,July,Travel,UPI,747
ATQCUS0002,July,Travel,Debit Card,321
ATQCUS0002,July,Travel,Net Banking,259
ATQCUS0002,July,Food,Credit Card,1190
ATQCUS0002,July,Food,UPI,598
ATQCUS0002,July,Food,Debit Card,581
ATQCUS0002,July,Food,Net Banking,238
ATQCUS0002,July,Entertainment,Credit Card,411
ATQCUS0002,July,Entertainment,UPI,310
ATQCUS0002,July,Entertainment,Debit Card,739
ATQCUS0002,July,Entertainment,Net Banking,62
ATQCUS0002,July,Apparel,Credit Card,219
ATQCUS0002,July,Apparel,UPI,363
ATQCUS0002,July,Apparel,Debit Card,334
ATQCUS0002,July,Apparel,Net Banking,310
ATQCUS0002,July,Others,Credit Card,282
ATQCUS0002,July,Others,UPI,282
ATQCUS0002,July,Others,Debit Card,242
ATQCUS0002,July,Others,Net Banking,77
ATQCUS0002,August,Bills,Credit Card,856
ATQCUS0002,August,Bills,UPI,703
ATQCUS0002,August,Bills,Debit Card,260
ATQCUS0002,August,Bills,Net Banking,243
ATQCUS0002,August,Groceries,Credit Card,598
ATQCUS0002,August,Groceries,UPI,606
ATQCUS0002,August,Groceries,Debit Card,863
ATQCUS0002,August,Groceries,Net Banking,487
ATQCUS0002,August,Electronics,Credit Card,1977
ATQCUS0002,August,Electronics,UPI,1218
ATQCUS0002,August,Electronics,Debit Card,236
ATQCUS0002,August,Electronics,Net Banking,151
ATQCUS0002,August,Health & Wellness,Credit Card,1211
ATQCUS0002,August,Health & Wellness,UPI,1652
ATQCUS0002,August,Health & Wellness,Debit Card,674
ATQCUS0002,August,Health & Wellness,Net Banking,350
ATQCUS0002,August,Travel,Credit Card,604
ATQCUS0002,August,Travel,UPI,547
ATQCUS0002,August,Travel,Debit Card,348
ATQCUS0002,August,Travel,Net Banking,505
ATQCUS0002,August,Food,Credit Card,186
ATQCUS0002,August,Food,UPI,691
ATQCUS0002,August,Food,Debit Card,366
ATQCUS0002,August,Food,Net Banking,526
ATQCUS0002,August,Entertainment,Credit Card,384
ATQCUS0002,August,Entertainment,UPI,438
ATQCUS0002,August,Entertainment,Debit Card,606
ATQCUS0002,August,Entertainment,Net Banking,203
ATQCUS0002,August,Apparel,Credit Card,304
ATQCUS0002,August,Apparel,UPI,523
ATQCUS0002,August,Apparel,Debit Card,93
ATQCUS0002,August,Apparel,Net Banking,25
ATQCUS0002,August,Others,Credit Card,362
ATQCUS0002,August,Others,UPI,137
ATQCUS0002,August,Others,Debit Card,262
ATQCUS0002,August,Others,Net Banking,97
ATQCUS0002,September,Bills,Credit Card,2813
ATQCUS0002,September,Bills,UPI,923
ATQCUS0002,September,Bills,Debit Card,1495
ATQCUS0002,September,Bills,Net Banking,384
ATQCUS0002,September,Groceries,Credit Card,2104
ATQCUS0002,September,Groceries,UPI,1470
ATQCUS0002,September,Groceries,Debit Card,1453
ATQCUS0002,September,Groceries,Net Banking,571
ATQCUS0002,September,Electronics,Credit Card,303
ATQCUS0002,September,Electronics,UPI,603
ATQCUS0002,September,Electronics,Debit Card,321
ATQCUS0002,September,Electronics,Net Banking,667
ATQCUS0002,September,Health & Wellness,Credit Card,3695
ATQCUS0002,September,Health & Wellness,UPI,426
ATQCUS0002,September,Health & Wellness,Debit Card,424
ATQCUS0002,September,Health & Wellness,Net Banking,166
ATQCUS0002,September,Travel,Credit Card,3214
ATQCUS0002,September,Travel,UPI,534
ATQCUS0002,September,Travel,Debit Card,179
ATQCUS0002,September,Travel,Net Banking,254
ATQCUS0002,September,Food,Credit Card,812
ATQCUS0002,September,Food,UPI,190
ATQCUS0002,September,Food,Debit Card,415
ATQCUS0002,September,Food,Net Banking,107
ATQCUS0002,September,Entertainment,Credit Card,1879
ATQCUS0002,September,Entertainment,UPI,551
ATQCUS0002,September,Entertainment,Debit Card,343
ATQCUS0002,September,Entertainment,Net Banking,366
ATQCUS0002,September,Apparel,Credit Card,385
ATQCUS0002,September,Apparel,UPI,452
ATQCUS0002,September,Apparel,Debit Card,133
ATQCUS0002,September,Apparel,Net Banking,126
ATQCUS0002,September,Others,Credit Card,601
ATQCUS0002,September,Others,UPI,368
ATQCUS0002,September,Others,Debit Card,92
ATQCUS0002,September,Others,Net Banking,158
ATQCUS0002,October,Bills,Credit Card,2204
ATQCUS0002,October,Bills,UPI,228
ATQCUS0002,October,Bills,Debit Card,2411
ATQCUS0002,October,Bills,Net Banking,124
ATQCUS0002,October,Groceries,Credit Card,732
ATQCUS0002,October,Groceries,UPI,2006
ATQCUS0002,October,Groceries,Debit Card,990
ATQCUS0002,October,Groceries,Net Banking,447
ATQCUS0002,October,Electronics,Credit Card,799
ATQCUS0002,October,Electronics,UPI,64
ATQCUS0002,October,Electronics,Debit Card,632
ATQCUS0002,October,Electronics,Net Banking,558
ATQCUS0002,October,Health & Wellness,Credit Card,283
ATQCUS0002,October,Health & Wellness,UPI,125
ATQCUS0002,October,Health & Wellness,Debit Card,322
ATQCUS0002,October,Health & Wellness,Net Banking,216
ATQCUS0002,October,Travel,Credit Card,1566
ATQCUS0002,October,Travel,UPI,901
ATQCUS0002,October,Travel,Debit Card,803
ATQCUS0002,October,Travel,Net Banking,176
ATQCUS0002,October,Food,Credit Card,826
ATQCUS0002,October,Food,UPI,399
ATQCUS0002,October,Food,Debit Card,125
ATQCUS0002,October,Food,Net Banking,226
ATQCUS0002,October,Entertainment,Credit Card,761
ATQCUS0002,October,Entertainment,UPI,190
ATQCUS0002,October,Entertainment,Debit Card,368
ATQCUS0002,October,Entertainment,Net Banking,238
ATQCUS0002,October,Apparel,Credit Card,296
ATQCUS0002,October,Apparel,UPI,352
ATQCUS0002,October,Apparel,Debit Card,795
ATQCUS0002,October,Apparel,Net Banking,172
ATQCUS0002,October,Others,Credit Card,441
ATQCUS0002,October,Others,UPI,158
ATQCUS0002,October,Others,Debit Card,236
ATQCUS0002,October,Others,Net Banking,211
ATQCUS0003,May,Bills,Credit Card,1623
ATQCUS0003,May,Bills,UPI,2856
ATQCUS0003,May,Bills,Debit Card,1523
ATQCUS0003,May,Bills,Net Banking,665
ATQCUS0003,May,Groceries,Credit Card,670
ATQCUS0003,May,Groceries,UPI,541
ATQCUS0003,May,Groceries,Debit Card,2263
ATQCUS0003,May,Groceries,Net Banking,590
ATQCUS0003,May,Electronics,Credit Card,801
ATQCUS0003,May,Electronics,UPI,1044
ATQCUS0003,May,Electronics,Debit Card,1546
ATQCUS0003,May,Electronics,Net Banking,1133
ATQCUS0003,May,Health & Wellness,Credit Card,203
ATQCUS0003,May,Health & Wellness,UPI,631
ATQCUS0003,May,Health & Wellness,Debit Card,748
ATQCUS0003,May,Health & Wellness,Net Banking,336
ATQCUS0003,May,Travel,Credit Card,462
ATQCUS0003,May,Travel,UPI,126
ATQCUS0003,May,Travel,Debit Card,681
ATQCUS0003,May,Travel,Net Banking,277
ATQCUS0003,May,Food,Credit Card,805
ATQCUS0003,May,Food,UPI,737
ATQCUS0003,May,Food,Debit Card,231
ATQCUS0003,May,Food,Net Banking,208
ATQCUS0003,May,Entertainment,Credit Card,843
ATQCUS0003,May,Entertainment,UPI,457
ATQCUS0003,May,Entertainment,Debit Card,555
ATQCUS0003,May,Entertainment,Net Banking,223
ATQCUS0003,May,Apparel,Credit Card,1155
ATQCUS0003,May,Apparel,UPI,1487
ATQCUS0003,May,Apparel,Debit Card,190
ATQCUS0003,May,Apparel,Net Banking,301
ATQCUS0003,May,Others,Credit Card,238
ATQCUS0003,May,Others,UPI,711
ATQCUS0003,May,Others,Debit Card,654
ATQCUS0003,May,Others,Net Banking,201
ATQCUS0003,June,Bills,Credit Card,1856
ATQCUS0003,June,Bills,UPI,1932
ATQCUS0003,June,Bills,Debit Card,2656
ATQCUS0003,June,Bills,Net Banking,356
ATQCUS0003,June,Groceries,Credit Card,638
ATQCUS0003,June,Groceries,UPI,1301
ATQCUS0003,June,Groceries,Debit Card,182
ATQCUS0003,June,Groceries,Net Banking,178
ATQCUS0003,June,Electronics,Credit Card,1098
ATQCUS0003,June,Electronics,UPI,2797
ATQCUS0003,June,Electronics,Debit Card,280
ATQCUS0003,June,Electronics,Net Banking,659
ATQCUS0003,June,Health & Wellness,Credit Card,2478
ATQCUS0003,June,Health & Wellness,UPI,252
ATQCUS0003,June,Health & Wellness,Debit Card,563
ATQCUS0003,June,Health & Wellness,Net Banking,535
ATQCUS0003,June,Travel,Credit Card,627
ATQCUS0003,June,Travel,UPI,840
ATQCUS0003,June,Travel,Debit Card,181
ATQCUS0003,June,Travel,Net Banking,154
ATQCUS0003,June,Food,Credit Card,417
ATQCUS0003,June,Food,UPI,160
ATQCUS0003,June,Food,Debit Card,503
ATQCUS0003,June,Food,Net Banking,252
ATQCUS0003,June,Entertainment,Credit Card,538
ATQCUS0003,June,Entertainment,UPI,1133
ATQCUS0003,June,Entertainment,Debit Card,245
ATQCUS0003,June,Entertainment,Net Banking,196
ATQCUS0003,June,Apparel,Credit Card,642
ATQCUS0003,June,Apparel,UPI,530
ATQCUS0003,June,Apparel,Debit Card,1343
ATQCUS0003,June,Apparel,Net Banking,165
ATQCUS0003,June,Others,Credit Card,305
ATQCUS0003,June,Others,UPI,164
ATQCUS0003,June,Others,Debit Card,312
ATQCUS0003,June,Others,Net Banking,151
ATQCUS0003,July,Bills,Credit Card,598
ATQCUS0003,July,Bills,UPI,1877
ATQCUS0003,July,Bills,Debit Card,781
ATQCUS0003,July,Bills,Net Banking,1417
ATQCUS0003,July,Groceries,Credit Card,869
ATQCUS0003,July,Groceries,UPI,842
ATQCUS0003,July,Groceries,Debit Card,1028
ATQCUS0003,July,Groceries,Net Banking,992
ATQCUS0003,July,Electronics,Credit Card,362
ATQCUS0003,July,Electronics,UPI,770
ATQCUS0003,July,Electronics,Debit Card,402
ATQCUS0003,July,Electronics,Net Banking,413
ATQCUS0003,July,Health & Wellness,Credit Card,395
ATQCUS0003,July,Health & Wellness,UPI,302
ATQCUS0003,July,Health & Wellness,Debit Card,479
ATQCUS0003,July,Health & Wellness,Net Banking,133
ATQCUS0003,July,Travel,Credit Card,862
ATQCUS0003,July,Travel,UPI,326
ATQCUS0003,July,Travel,Debit Card,270
ATQCUS0003,July,Travel,Net Banking,573
ATQCUS0003,July,Food,Credit Card,2953
ATQCUS0003,July,Food,UPI,356
ATQCUS0003,July,Food,Debit Card,433
ATQCUS0003,July,Food,Net Banking,156
ATQCUS0003,July,Entertainment,Credit Card,506
ATQCUS0003,July,Entertainment,UPI,580
ATQCUS0003,July,Entertainment,Debit Card,133
ATQCUS0003,July,Entertainment,Net Banking,98
ATQCUS0003,July,Apparel,Credit Card,1293
ATQCUS0003,July,Apparel,UPI,722
ATQCUS0003,July,Apparel,Debit Card,596
ATQCUS0003,July,Apparel,Net Banking,100
ATQCUS0003,July,Others,Credit Card,961
ATQCUS0003,July,Others,UPI,451
ATQCUS0003,July,Others,Debit Card,143
ATQCUS0003,July,Others,Net Banking,258
ATQCUS0003,August,Bills,Credit Card,967
ATQCUS0003,August,Bills,UPI,1796
ATQCUS0003,August,Bills,Debit Card,210
ATQCUS0003,August,Bills,Net Banking,82
ATQCUS0003,August,Groceries,Credit Card,1915
ATQCUS0003,August,Groceries,UPI,1038
ATQCUS0003,August,Groceries,Debit Card,1499
ATQCUS0003,August,Groceries,Net Banking,279
ATQCUS0003,August,Electronics,Credit Card,599
ATQCUS0003,August,Electronics,UPI,1423
ATQCUS0003,August,Electronics,Debit Card,693
ATQCUS0003,August,Electronics,Net Banking,421
ATQCUS0003,August,Health & Wellness,Credit Card,1579
ATQCUS0003,August,Health & Wellness,UPI,1281
ATQCUS0003,August,Health & Wellness,Debit Card,1739
ATQCUS0003,August,Health & Wellness,Net Banking,518
ATQCUS0003,August,Travel,Credit Card,832
ATQCUS0003,August,Travel,UPI,679
ATQCUS0003,August,Travel,Debit Card,1179
ATQCUS0003,August,Travel,Net Banking,238
ATQCUS0003,August,Food,Credit Card,592
ATQCUS0003,August,Food,UPI,258
ATQCUS0003,August,Food,Debit Card,124
ATQCUS0003,August,Food,Net Banking,144
ATQCUS0003,August,Entertainment,Credit Card,415
ATQCUS0003,August,Entertainment,UPI,73
ATQCUS0003,August,Entertainment,Debit Card,1146
ATQCUS0003,August,Entertainment,Net Banking,159
ATQCUS0003,August,Apparel,Credit Card,776
ATQCUS0003,August,Apparel,UPI,249
ATQCUS0003,August,Apparel,Debit Card,1086
ATQCUS0003,August,Apparel,Net Banking,656
ATQCUS0003,August,Others,Credit Card,436
ATQCUS0003,August,Others,UPI,765
ATQCUS0003,August,Others,Debit Card,441
ATQCUS0003,August,Others,Net Banking,230
ATQCUS0003,September,Bills,Credit Card,1754
ATQCUS0003,September,Bills,UPI,1211
ATQCUS0003,September,Bills,Debit Card,404
ATQCUS0003,September,Bills,Net Banking,1799
ATQCUS0003,September,Groceries,Credit Card,1158
ATQCUS0003,September,Groceries,UPI,2266
ATQCUS0003,September,Groceries,Debit Card,896
ATQCUS0003,September,Groceries,Net Banking,97
ATQCUS0003,September,Electronics,Credit Card,1947
ATQCUS0003,September,Electronics,UPI,602
ATQCUS0003,September,Electronics,Debit Card,684
ATQCUS0003,September,Electronics,Net Banking,1240
ATQCUS0003,September,Health & Wellness,Credit Card,450
ATQCUS0003,September,Health & Wellness,UPI,899
ATQCUS0003,September,Health & Wellness,Debit Card,486
ATQCUS0003,September,Health & Wellness,Net Banking,275
ATQCUS0003,September,Travel,Credit Card,1768
ATQCUS0003,September,Travel,UPI,346
ATQCUS0003,September,Travel,Debit Card,69
ATQCUS0003,September,Travel,Net Banking,543
ATQCUS0003,September,Food,Credit Card,864
ATQCUS0003,September,Food,UPI,845
ATQCUS0003,September,Food,Debit Card,742
ATQCUS0003,September,Food,Net Banking,124
ATQCUS0003,September,Entertainment,Credit Card,152
ATQCUS0003,September,Entertainment,UPI,1113
ATQCUS0003,September,Entertainment,Debit Card,424
ATQCUS0003,September,Entertainment,Net Banking,503
ATQCUS0003,September,Apparel,Credit Card,706
ATQCUS0003,September,Apparel,UPI,343
ATQCUS0003,September,Apparel,Debit Card,443
ATQCUS0003,September,Apparel,Net Banking,373
ATQCUS0003,September,Others,Credit Card,439
ATQCUS0003,September,Others,UPI,192
ATQCUS0003,September,Others,Debit Card,137
ATQCUS0003,September,Others,Net Banking,89
ATQCUS0003,October,Bills,Credit Card,1364
ATQCUS0003,October,Bills,UPI,1796
ATQCUS0003,October,Bills,Debit Card,869
ATQCUS0003,October,Bills,Net Banking,290
ATQCUS0003,October,Groceries,Credit Card,3035
ATQCUS0003,October,Groceries,UPI,1500
ATQCUS0003,October,Groceries,Debit Card,138
ATQCUS0003,October,Groceries,Net Banking,553
ATQCUS0003,October,Electronics,Credit Card,2199
ATQCUS0003,October,Electronics,UPI,806
ATQCUS0003,October,Electronics,Debit Card,1160
ATQCUS0003,October,Electronics,Net Banking,280
ATQCUS0003,October,Health & Wellness,Credit Card,655
ATQCUS0003,October,Health & Wellness,UPI,471
ATQCUS0003,October,Health & Wellness,Debit Card,301
ATQCUS0003,October,Health & Wellness,Net Banking,391
ATQCUS0003,October,Travel,Credit Card,1108
ATQCUS0003,October,Travel,UPI,640
ATQCUS0003,October,Travel,Debit Card,176
ATQCUS0003,October,Travel,Net Banking,252
ATQCUS0003,October,Food,Credit Card,431
ATQCUS0003,October,Food,UPI,879
ATQCUS0003,October,Food,Debit Card,332
ATQCUS0003,October,Food,Net Banking,55
ATQCUS0003,October,Entertainment,Credit Card,490
ATQCUS0003,October,Entertainment,UPI,961
ATQCUS0003,October,Entertainment,Debit Card,238
ATQCUS0003,October,Entertainment,Net Banking,181
ATQCUS0003,October,Apparel,Credit Card,158
ATQCUS0003,October,Apparel,UPI,982
ATQCUS0003,October,Apparel,Debit Card,422
ATQCUS0003,October,Apparel,Net Banking,101
ATQCUS0003,October,Others,Credit Card,299
ATQCUS0003,October,Others,UPI,437
ATQCUS0003,October,Others,Debit Card,30
ATQCUS0003,October,Others,Net Banking,163
ATQCUS0004,May,Bills,Credit Card,2914
ATQCUS0004,May,Bills,UPI,1989
ATQCUS0004,May,Bills,Debit Card,392
ATQCUS0004,May,Bills,Net Banking,612
ATQCUS0004,May,Groceries,Credit Card,1770
ATQCUS0004,May,Groceries,UPI,1000
ATQCUS0004,May,Groceries,Debit Card,623
ATQCUS0004,May,Groceries,Net Banking,629
ATQCUS0004,May,Electronics,Credit Card,2370
ATQCUS0004,May,Electronics,UPI,601
ATQCUS0004,May,Electronics,Debit Card,285
ATQCUS0004,May,Electronics,Net Banking,421
ATQCUS0004,May,Health & Wellness,Credit Card,231
ATQCUS0004,May,Health & Wellness,UPI,1213
ATQCUS0004,May,Health & Wellness,Debit Card,704
ATQCUS0004,May,Health & Wellness,Net Banking,548
ATQCUS0004,May,Travel,Credit Card,1490
ATQCUS0004,May,Travel,UPI,393
ATQCUS0004,May,Travel,Debit Card,262
ATQCUS0004,May,Travel,Net Banking,276
ATQCUS0004,May,Food,Credit Card,984
ATQCUS0004,May,Food,UPI,882
ATQCUS0004,May,Food,Debit Card,98
ATQCUS0004,May,Food,Net Banking,173
ATQCUS0004,May,Entertainment,Credit Card,2510
ATQCUS0004,May,Entertainment,UPI,186
ATQCUS0004,May,Entertainment,Debit Card,169
ATQCUS0004,May,Entertainment,Net Banking,254
ATQCUS0004,May,Apparel,Credit Card,1558
ATQCUS0004,May,Apparel,UPI,644
ATQCUS0004,May,Apparel,Debit Card,212
ATQCUS0004,May,Apparel,Net Banking,62
ATQCUS0004,May,Others,Credit Card,355
ATQCUS0004,May,Others,UPI,41
ATQCUS0004,May,Others,Debit Card,178
ATQCUS0004,May,Others,Net Banking,126
ATQCUS0004,June,Bills,Credit Card,2039
ATQCUS0004,June,Bills,UPI,2744
ATQCUS0004,June,Bills,Debit Card,956
ATQCUS0004,June,Bills,Net Banking,294
ATQCUS0004,June,Groceries,Credit Card,1284
ATQCUS0004,June,Groceries,UPI,294
ATQCUS0004,June,Groceries,Debit Card,125
ATQCUS0004,June,Groceries,Net Banking,797
ATQCUS0004,June,Electronics,Credit Card,765
ATQCUS0004,June,Electronics,UPI,909
ATQCUS0004,June,Electronics,Debit Card,368
ATQCUS0004,June,Electronics,Net Banking,196
ATQCUS0004,June,Health & Wellness,Credit Card,699
ATQCUS0004,June,Health & Wellness,UPI,935
ATQCUS0004,June,Health & Wellness,Debit Card,419
ATQCUS0004,June,Health & Wellness,Net Banking,348
ATQCUS0004,June,Travel,Credit Card,1408
ATQCUS0004,June,Travel,UPI,588
ATQCUS0004,June,Travel,Debit Card,228
ATQCUS0004,June,Travel,Net Banking,1167
ATQCUS0004,June,Food,Credit Card,494
ATQCUS0004,June,Food,UPI,938
ATQCUS0004,June,Food,Debit Card,873
ATQCUS0004,June,Food,Net Banking,117
ATQCUS0004,June,Entertainment,Credit Card,270
ATQCUS0004,June,Entertainment,UPI,86
ATQCUS0004,June,Entertainment,Debit Card,208
ATQCUS0004,June,Entertainment,Net Banking,101
ATQCUS0004,June,Apparel,Credit Card,1449
ATQCUS0004,June,Apparel,UPI,191
ATQCUS0004,June,Apparel,Debit Card,206
ATQCUS0004,June,Apparel,Net Banking,176
ATQCUS0004,June,Others,Credit Card,213
ATQCUS0004,June,Others,UPI,844
ATQCUS0004,June,Others,Debit Card,148
ATQCUS0004,June,Others,Net Banking,104
ATQCUS0004,July,Bills,Credit Card,2177
ATQCUS0004,July,Bills,UPI,959
ATQCUS0004,July,Bills,Debit Card,2313
ATQCUS0004,July,Bills,Net Banking,834
ATQCUS0004,July,Groceries,Credit Card,1039
ATQCUS0004,July,Groceries,UPI,881
ATQCUS0004,July,Groceries,Debit Card,941
ATQCUS0004,July,Groceries,Net Banking,1260
ATQCUS0004,July,Electronics,Credit Card,4561
ATQCUS0004,July,Electronics,UPI,431
ATQCUS0004,July,Electronics,Debit Card,392
ATQCUS0004,July,Electronics,Net Banking,51
ATQCUS0004,July,Health & Wellness,Credit Card,1549
ATQCUS0004,July,Health & Wellness,UPI,529
ATQCUS0004,July,Health & Wellness,Debit Card,1547
ATQCUS0004,July,Health & Wellness,Net Banking,602
ATQCUS0004,July,Travel,Credit Card,1000
ATQCUS0004,July,Travel,UPI,1220
ATQCUS0004,July,Travel,Debit Card,473
ATQCUS0004,July,Travel,Net Banking,388
ATQCUS0004,July,Food,Credit Card,577
ATQCUS0004,July,Food,UPI,1096
ATQCUS0004,July,Food,Debit Card,357
ATQCUS0004,July,Food,Net Banking,156
ATQCUS0004,July,Entertainment,Credit Card,1597
ATQCUS0004,July,Entertainment,UPI,458
ATQCUS0004,July,Entertainment,Debit Card,434
ATQCUS0004,July,Entertainment,Net Banking,184
ATQCUS0004,July,Apparel,Credit Card,520
ATQCUS0004,July,Apparel,UPI,621
ATQCUS0004,July,Apparel,Debit Card,30
ATQCUS0004,July,Apparel,Net Banking,356
ATQCUS0004,July,Others,Credit Card,709
ATQCUS0004,July,Others,UPI,195
ATQCUS0004,July,Others,Debit Card,376
ATQCUS0004,July,Others,Net Banking,212
ATQCUS0004,August,Bills,Credit Card,2504
ATQCUS0004,August,Bills,UPI,1655
ATQCUS0004,August,Bills,Debit Card,558
ATQCUS0004,August,Bills,Net Banking,271
ATQCUS0004,August,Groceries,Credit Card,1683
ATQCUS0004,August,Groceries,UPI,892
ATQCUS0004,August,Groceries,Debit Card,455
ATQCUS0004,August,Groceries,Net Banking,443
ATQCUS0004,August,Electronics,Credit Card,1941
ATQCUS0004,August,Electronics,UPI,767
ATQCUS0004,August,Electronics,Debit Card,668
ATQCUS0004,August,Electronics,Net Banking,700
ATQCUS0004,August,Health & Wellness,Credit Card,573
ATQCUS0004,August,Health & Wellness,UPI,193
ATQCUS0004,August,Health & Wellness,Debit Card,446
ATQCUS0004,August,Health & Wellness,Net Banking,161
ATQCUS0004,August,Travel,Credit Card,1120
ATQCUS0004,August,Travel,UPI,358
ATQCUS0004,August,Travel,Debit Card,531
ATQCUS0004,August,Travel,Net Banking,315
ATQCUS0004,August,Food,Credit Card,1889
ATQCUS0004,August,Food,UPI,110
ATQCUS0004,August,Food,Debit Card,407
ATQCUS0004,August,Food,Net Banking,170
ATQCUS0004,August,Entertainment,Credit Card,711
ATQCUS0004,August,Entertainment,UPI,239
ATQCUS0004,August,Entertainment,Debit Card,752
ATQCUS0004,August,Entertainment,Net Banking,425
ATQCUS0004,August,Apparel,Credit Card,344
ATQCUS0004,August,Apparel,UPI,409
ATQCUS0004,August,Apparel,Debit Card,982
ATQCUS0004,August,Apparel,Net Banking,296
ATQCUS0004,August,Others,Credit Card,233
ATQCUS0004,August,Others,UPI,141
ATQCUS0004,August,Others,Debit Card,396
ATQCUS0004,August,Others,Net Banking,177
ATQCUS0004,September,Bills,Credit Card,1494
ATQCUS0004,September,Bills,UPI,769
ATQCUS0004,September,Bills,Debit Card,766
ATQCUS0004,September,Bills,Net Banking,806
ATQCUS0004,September,Groceries,Credit Card,511
ATQCUS0004,September,Groceries,UPI,237
ATQCUS0004,September,Groceries,Debit Card,1222
ATQCUS0004,September,Groceries,Net Banking,149
ATQCUS0004,September,Electronics,Credit Card,3407
ATQCUS0004,September,Electronics,UPI,549
ATQCUS0004,September,Electronics,Debit Card,558
ATQCUS0004,September,Electronics,Net Banking,316
ATQCUS0004,September,Health & Wellness,Credit Card,402
ATQCUS0004,September,Health & Wellness,UPI,650
ATQCUS0004,September,Health & Wellness,Debit Card,384
ATQCUS0004,September,Health & Wellness,Net Banking,499
ATQCUS0004,September,Travel,Credit Card,1359
ATQCUS0004,September,Travel,UPI,936
ATQCUS0004,September,Travel,Debit Card,640
ATQCUS0004,September,Travel,Net Banking,285
ATQCUS0004,September,Food,Credit Card,1999
ATQCUS0004,September,Food,UPI,578
ATQCUS0004,September,Food,Debit Card,415
ATQCUS0004,September,Food,Net Banking,199
ATQCUS0004,September,Entertainment,Credit Card,1692
ATQCUS0004,September,Entertainment,UPI,434
ATQCUS0004,September,Entertainment,Debit Card,108
ATQCUS0004,September,Entertainment,Net Banking,201
ATQCUS0004,September,Apparel,Credit Card,659
ATQCUS0004,September,Apparel,UPI,319
ATQCUS0004,September,Apparel,Debit Card,221
ATQCUS0004,September,Apparel,Net Banking,268
ATQCUS0004,September,Others,Credit Card,803
ATQCUS0004,September,Others,UPI,254
ATQCUS0004,September,Others,Debit Card,261
ATQCUS0004,September,Others,Net Banking,100
ATQCUS0004,October,Bills,Credit Card,6025
ATQCUS0004,October,Bills,UPI,781
ATQCUS0004,October,Bills,Debit Card,1002
ATQCUS0004,October,Bills,Net Banking,332
ATQCUS0004,October,Groceries,Credit Card,1290
ATQCUS0004,October,Groceries,UPI,1379
ATQCUS0004,October,Groceries,Debit Card,949
ATQCUS0004,October,Groceries,Net Banking,451
ATQCUS0004,October,Electronics,Credit Card,1527
ATQCUS0004,October,Electronics,UPI,980
ATQCUS0004,October,Electronics,Debit Card,660
ATQCUS0004,October,Electronics,Net Banking,402
ATQCUS0004,October,Health & Wellness,Credit Card,1407
ATQCUS0004,October,Health & Wellness,UPI,306
ATQCUS0004,October,Health & Wellness,Debit Card,848
ATQCUS0004,October,Health & Wellness,Net Banking,278
ATQCUS0004,October,Travel,Credit Card,2318
ATQCUS0004,October,Travel,UPI,922
ATQCUS0004,October,Travel,Debit Card,162
ATQCUS0004,October,Travel,Net Banking,244
ATQCUS0004,October,Food,Credit Card,349
ATQCUS0004,October,Food,UPI,315
ATQCUS0004,October,Food,Debit Card,116
ATQCUS0004,October,Food,Net Banking,107
ATQCUS0004,October,Entertainment,Credit Card,105
ATQCUS0004,October,Entertainment,UPI,916
ATQCUS0004,October,Entertainment,Debit Card,150
ATQCUS0004,October,Entertainment,Net Banking,349
ATQCUS0004,October,Apparel,Credit Card,423
ATQCUS0004,October,Apparel,UPI,656
ATQCUS0004,October,Apparel,Debit Card,801
ATQCUS0004,October,Apparel,Net Banking,225
ATQCUS0004,October,Others,Credit Card,340
ATQCUS0004,October,Others,UPI,499
ATQCUS0004,October,Others,Debit Card,100
ATQCUS0004,October,Others,Net Banking,151
ATQCUS0005,May,Bills,Credit Card,1386
ATQCUS0005,May,Bills,UPI,1689
ATQCUS0005,May,Bills,Debit Card,1023
ATQCUS0005,May,Bills,Net Banking,229
ATQCUS0005,May,Groceries,Credit Card,186
ATQCUS0005,May,Groceries,UPI,1171
ATQCUS0005,May,Groceries,Debit Card,37
ATQCUS0005,May,Groceries,Net Banking,154
ATQCUS0005,May,Electronics,Credit Card,460
ATQCUS0005,May,Electronics,UPI,1374
ATQCUS0005,May,Electronics,Debit Card,775
ATQCUS0005,May,Electronics,Net Banking,487
ATQCUS0005,May,Health & Wellness,Credit Card,1034
ATQCUS0005,May,Health & Wellness,UPI,1202
ATQCUS0005,May,Health & Wellness,Debit Card,93
ATQCUS0005,May,Health & Wellness,Net Banking,326
ATQCUS0005,May,Travel,Credit Card,381
ATQCUS0005,May,Travel,UPI,123
ATQCUS0005,May,Travel,Debit Card,542
ATQCUS0005,May,Travel,Net Banking,235
ATQCUS0005,May,Food,Credit Card,439
ATQCUS0005,May,Food,UPI,1190
ATQCUS0005,May,Food,Debit Card,491
ATQCUS0005,May,Food,Net Banking,142
ATQCUS0005,May,Entertainment,Credit Card,661
ATQCUS0005,May,Entertainment,UPI,582
ATQCUS0005,May,Entertainment,Debit Card,122
ATQCUS0005,May,Entertainment,Net Banking,106
ATQCUS0005,May,Apparel,Credit Card,129
ATQCUS0005,May,Apparel,UPI,253
ATQCUS0005,May,Apparel,Debit Card,240
ATQCUS0005,May,Apparel,Net Banking,108
ATQCUS0005,May,Others,Credit Card,66
ATQCUS0005,May,Others,UPI,405
ATQCUS0005,May,Others,Debit Card,255
ATQCUS0005,May,Others,Net Banking,90
ATQCUS0005,June,Bills,Credit Card,1191
ATQCUS0005,June,Bills,UPI,485
ATQCUS0005,June,Bills,Debit Card,1269
ATQCUS0005,June,Bills,Net Banking,173
ATQCUS0005,June,Groceries,Credit Card,2938
ATQCUS0005,June,Groceries,UPI,418
ATQCUS0005,June,Groceries,Debit Card,1174
ATQCUS0005,June,Groceries,Net Banking,643
ATQCUS0005,June,Electronics,Credit Card,657
ATQCUS0005,June,Electronics,UPI,369
ATQCUS0005,June,Electronics,Debit Card,123
ATQCUS0005,June,Electronics,Net Banking,293
ATQCUS0005,June,Health & Wellness,Credit Card,381
ATQCUS0005,June,Health & Wellness,UPI,1302
ATQCUS0005,June,Health & Wellness,Debit Card,85
ATQCUS0005,June,Health & Wellness,Net Banking,199
ATQCUS0005,June,Travel,Credit Card,552
ATQCUS0005,June,Travel,UPI,481
ATQCUS0005,June,Travel,Debit Card,639
ATQCUS0005,June,Travel,Net Banking,366
ATQCUS0005,June,Food,Credit Card,452
ATQCUS0005,June,Food,UPI,448
ATQCUS0005,June,Food,Debit Card,280
ATQCUS0005,June,Food,Net Banking,143
ATQCUS0005,June,Entertainment,Credit Card,364
ATQCUS0005,June,Entertainment,UPI,417
ATQCUS0005,June,Entertainment,Debit Card,147
ATQCUS0005,June,Entertainment,Net Banking,132
ATQCUS0005,June,Apparel,Credit Card,1121
ATQCUS0005,June,Apparel,UPI,206
ATQCUS0005,June,Apparel,Debit Card,340
ATQCUS0005,June,Apparel,Net Banking,84
ATQCUS0005,June,Others,Credit Card,143
ATQCUS0005,June,Others,UPI,118
ATQCUS0005,June,Others,Debit Card,399
ATQCUS0005,June,Others,Net Banking,188
ATQCUS0005,July,Bills,Credit Card,1257
ATQCUS0005,July,Bills,UPI,1407
ATQCUS0005,July,Bills,Debit Card,345
ATQCUS0005,July,Bills,Net Banking,386
ATQCUS0005,July,Groceries,Credit Card,522
ATQCUS0005,July,Groceries,UPI,204
ATQCUS0005,July,Groceries,Debit Card,159
ATQCUS0005,July,Groceries,Net Banking,507
ATQCUS0005,July,Electronics,Credit Card,533
ATQCUS0005,July,Electronics,UPI,1093
ATQCUS0005,July,Electronics,Debit Card,422
ATQCUS0005,July,Electronics,Net Banking,162
ATQCUS0005,July,Health & Wellness,Credit Card,210
ATQCUS0005,July,Health & Wellness,UPI,809
ATQCUS0005,July,Health & Wellness,Debit Card,596
ATQCUS0005,July,Health & Wellness,Net Banking,265
ATQCUS0005,July,Travel,Credit Card,244
ATQCUS0005,July,Travel,UPI,217
ATQCUS0005,July,Travel,Debit Card,456
ATQCUS0005,July,Travel,Net Banking,277
ATQCUS0005,July,Food,Credit Card,592
ATQCUS0005,July,Food,UPI,50
ATQCUS0005,July,Food,Debit Card,336
ATQCUS0005,July,Food,Net Banking,898
ATQCUS0005,July,Entertainment,Credit Card,644
ATQCUS0005,July,Entertainment,UPI,522
ATQCUS0005,July,Entertainment,Debit Card,346
ATQCUS0005,July,Entertainment,Net Banking,64
ATQCUS0005,July,Apparel,Credit Card,768
ATQCUS0005,July,Apparel,UPI,516
ATQCUS0005,July,Apparel,Debit Card,119
ATQCUS0005,July,Apparel,Net Banking,67
ATQCUS0005,July,Others,Credit Card,116
ATQCUS0005,July,Others,UPI,142
ATQCUS0005,July,Others,Debit Card,62
ATQCUS0005,July,Others,Net Banking,23
ATQCUS0005,August,Bills,Credit Card,2238
ATQCUS0005,August,Bills,UPI,666
ATQCUS0005,August,Bills,Debit Card,454
ATQCUS0005,August,Bills,Net Banking,188
ATQCUS0005,August,Groceries,Credit Card,848
ATQCUS0005,August,Groceries,UPI,773
ATQCUS0005,August,Groceries,Debit Card,475
ATQCUS0005,August,Groceries,Net Banking,158
ATQCUS0005,August,Electronics,Credit Card,1873
ATQCUS0005,August,Electronics,UPI,634
ATQCUS0005,August,Electronics,Debit Card,371
ATQCUS0005,August,Electronics,Net Banking,637
ATQCUS0005,August,Health & Wellness,Credit Card,572
ATQCUS0005,August,Health & Wellness,UPI,243
ATQCUS0005,August,Health & Wellness,Debit Card,293
ATQCUS0005,August,Health & Wellness,Net Banking,385
ATQCUS0005,August,Travel,Credit Card,495
ATQCUS0005,August,Travel,UPI,249
ATQCUS0005,August,Travel,Debit Card,125
ATQCUS0005,August,Travel,Net Banking,113
ATQCUS0005,August,Food,Credit Card,1540
ATQCUS0005,August,Food,UPI,287
ATQCUS0005,August,Food,Debit Card,247
ATQCUS0005,August,Food,Net Banking,569
ATQCUS0005,August,Entertainment,Credit Card,1117
ATQCUS0005,August,Entertainment,UPI,417
ATQCUS0005,August,Entertainment,Debit Card,457
ATQCUS0005,August,Entertainment,Net Banking,392
ATQCUS0005,August,Apparel,Credit Card,508
ATQCUS0005,August,Apparel,UPI,347
ATQCUS0005,August,Apparel,Debit Card,621
ATQCUS0005,August,Apparel,Net Banking,251
ATQCUS0005,August,Others,Credit Card,157
ATQCUS0005,August,Others,UPI,115
ATQCUS0005,August,Others,Debit Card,69
ATQCUS0005,August,Others,Net Banking,117
ATQCUS0005,September,Bills,Credit Card,661
ATQCUS0005,September,Bills,UPI,1468
ATQCUS0005,September,Bills,Debit Card,226
ATQCUS0005,September,Bills,Net Banking,185
ATQCUS0005,September,Groceries,Credit Card,1740
ATQCUS0005,September,Groceries,UPI,221
ATQCUS0005,September,Groceries,Debit Card,595
ATQCUS0005,September,Groceries,Net Banking,196
ATQCUS0005,September,Electronics,Credit Card,1089
ATQCUS0005,September,Electronics,UPI,165
ATQCUS0005,September,Electronics,Debit Card,361
ATQCUS0005,September,Electronics,Net Banking,453
ATQCUS0005,September,Health & Wellness,Credit Card,891
ATQCUS0005,September,Health & Wellness,UPI,1006
ATQCUS0005,September,Health & Wellness,Debit Card,146
ATQCUS0005,September,Health & Wellness,Net Banking,184
ATQCUS0005,September,Travel,Credit Card,1185
ATQCUS0005,September,Travel,UPI,147
ATQCUS0005,September,Travel,Debit Card,407
ATQCUS0005,September,Travel,Net Banking,387
ATQCUS0005,September,Food,Credit Card,584
ATQCUS0005,September,Food,UPI,379
ATQCUS0005,September,Food,Debit Card,407
ATQCUS0005,September,Food,Net Banking,67
ATQCUS0005,September,Entertainment,Credit Card,694
ATQCUS0005,September,Entertainment,UPI,604
ATQCUS0005,September,Entertainment,Debit Card,96
ATQCUS0005,September,Entertainment,Net Banking,383
ATQCUS0005,September,Apparel,Credit Card,765
ATQCUS0005,September,Apparel,UPI,673
ATQCUS0005,September,Apparel,Debit Card,317
ATQCUS0005,September,Apparel,Net Banking,64
ATQCUS0005,September,Others,Credit Card,730
ATQCUS0005,September,Others,UPI,347
ATQCUS0005,September,Others,Debit Card,35
ATQCUS0005,September,Others,Net Banking,105
ATQCUS0005,October,Bills,Credit Card,192
ATQCUS0005,October,Bills,UPI,1671
ATQCUS0005,October,Bills,Debit Card,1097
ATQCUS0005,October,Bills,Net Banking,450
ATQCUS0005,October,Groceries,Credit Card,831
ATQCUS0005,October,Groceries,UPI,811
ATQCUS0005,October,Groceries,Debit Card,618
ATQCUS0005,October,Groceries,Net Banking,314
ATQCUS0005,October,Electronics,Credit Card,1046
ATQCUS0005,October,Electronics,UPI,716
ATQCUS0005,October,Electronics,Debit Card,246
ATQCUS0005,October,Electronics,Net Banking,144
ATQCUS0005,October,Health & Wellness,Credit Card,128
ATQCUS0005,October,Health & Wellness,UPI,311
ATQCUS0005,October,Health & Wellness,Debit Card,261
ATQCUS0005,October,Health & Wellness,Net Banking,128
ATQCUS0005,October,Travel,Credit Card,452
ATQCUS0005,October,Travel,UPI,507
ATQCUS0005,October,Travel,Debit Card,76
ATQCUS0005,October,Travel,Net Banking,179
ATQCUS0005,October,Food,Credit Card,186
ATQCUS0005,October,Food,UPI,359
ATQCUS0005,October,Food,Debit Card,40
ATQCUS0005,October,Food,Net Banking,133
ATQCUS0005,October,Entertainment,Credit Card,681
ATQCUS0005,October,Entertainment,UPI,893
ATQCUS0005,October,Entertainment,Debit Card,538
ATQCUS0005,October,Entertainment,Net Banking,157
ATQCUS0005,October,Apparel,Credit Card,1134
ATQCUS0005,October,Apparel,UPI,266
ATQCUS0005,October,Apparel,Debit Card,174
ATQCUS0005,October,Apparel,Net Banking,239
ATQCUS0005,October,Others,Credit Card,328
ATQCUS0005,October,Others,UPI,68
ATQCUS0005,October,Others,Debit Card,23
ATQCUS0005,October,Others,Net Banking,149
ATQCUS0006,May,Bills,Credit Card,1299
ATQCUS0006,May,Bills,UPI,476
ATQCUS0006,May,Bills,Debit Card,362
ATQCUS0006,May,Bills,Net Banking,141
ATQCUS0006,May,Groceries,Credit Card,1050
ATQCUS0006,May,Groceries,UPI,759
ATQCUS0006,May,Groceries,Debit Card,286
ATQCUS0006,May,Groceries,Net Banking,375
ATQCUS0006,May,Electronics,Credit Card,1633
ATQCUS0006,May,Electronics,UPI,757
ATQCUS0006,May,Electronics,Debit Card,603
ATQCUS0006,May,Electronics,Net Banking,207
ATQCUS0006,May,Health & Wellness,Credit Card,515
ATQCUS0006,May,Health & Wellness,UPI,682
ATQCUS0006,May,Health & Wellness,Debit Card,88
ATQCUS0006,May,Health & Wellness,Net Banking,124
ATQCUS0006,May,Travel,Credit Card,629
ATQCUS0006,May,Travel,UPI,573
ATQCUS0006,May,Travel,Debit Card,272
ATQCUS0006,May,Travel,Net Banking,416
ATQCUS0006,May,Food,Credit Card,124
ATQCUS0006,May,Food,UPI,253
ATQCUS0006,May,Food,Debit Card,140
ATQCUS0006,May,Food,Net Banking,115
ATQCUS0006,May,Entertainment,Credit Card,484
ATQCUS0006,May,Entertainment,UPI,217
ATQCUS0006,May,Entertainment,Debit Card,144
ATQCUS0006,May,Entertainment,Net Banking,132
ATQCUS0006,May,Apparel,Credit Card,213
ATQCUS0006,May,Apparel,UPI,116
ATQCUS0006,May,Apparel,Debit Card,267
ATQCUS0006,May,Apparel,Net Banking,69
ATQCUS0006,May,Others,Credit Card,275
ATQCUS0006,May,Others,UPI,212
ATQCUS0006,May,Others,Debit Card,248
ATQCUS0006,May,Others,Net Banking,143
ATQCUS0006,June,Bills,Credit Card,212
ATQCUS0006,June,Bills,UPI,462
ATQCUS0006,June,Bills,Debit Card,709
ATQCUS0006,June,Bills,Net Banking,259
ATQCUS0006,June,Groceries,Credit Card,813
ATQCUS0006,June,Groceries,UPI,966
ATQCUS0006,June,Groceries,Debit Card,693
ATQCUS0006,June,Groceries,Net Banking,371
ATQCUS0006,June,Electronics,Credit Card,275
ATQCUS0006,June,Electronics,UPI,377
ATQCUS0006,June,Electronics,Debit Card,503
ATQCUS0006,June,Electronics,Net Banking,102
ATQCUS0006,June,Health & Wellness,Credit Card,95
ATQCUS0006,June,Health & Wellness,UPI,359
ATQCUS0006,June,Health & Wellness,Debit Card,47
ATQCUS0006,June,Health & Wellness,Net Banking,182
ATQCUS0006,June,Travel,Credit Card,213
ATQCUS0006,June,Travel,UPI,1053
ATQCUS0006,June,Travel,Debit Card,396
ATQCUS0006,June,Travel,Net Banking,217
ATQCUS0006,June,Food,Credit Card,578
ATQCUS0006,June,Food,UPI,314
ATQCUS0006,June,Food,Debit Card,139
ATQCUS0006,June,Food,Net Banking,228
ATQCUS0006,June,Entertainment,Credit Card,52
ATQCUS0006,June,Entertainment,UPI,138
ATQCUS0006,June,Entertainment,Debit Card,288
ATQCUS0006,June,Entertainment,Net Banking,71
ATQCUS0006,June,Apparel,Credit Card,295
ATQCUS0006,June,Apparel,UPI,519
ATQCUS0006,June,Apparel,Debit Card,48
ATQCUS0006,June,Apparel,Net Banking,43
ATQCUS0006,June,Others,Credit Card,159
ATQCUS0006,June,Others,UPI,311
ATQCUS0006,June,Others,Debit Card,119
ATQCUS0006,June,Others,Net Banking,105
ATQCUS0006,July,Bills,Credit Card,1050
ATQCUS0006,July,Bills,UPI,678
ATQCUS0006,July,Bills,Debit Card,582
ATQCUS0006,July,Bills,Net Banking,141
ATQCUS0006,July,Groceries,Credit Card,1657
ATQCUS0006,July,Groceries,UPI,161
ATQCUS0006,July,Groceries,Debit Card,239
ATQCUS0006,July,Groceries,Net Banking,154
ATQCUS0006,July,Electronics,Credit Card,798
ATQCUS0006,July,Electronics,UPI,466
ATQCUS0006,July,Electronics,Debit Card,223
ATQCUS0006,July,Electronics,Net Banking,611
ATQCUS0006,July,Health & Wellness,Credit Card,552
ATQCUS0006,July,Health & Wellness,UPI,436
ATQCUS0006,July,Health & Wellness,Debit Card,437
ATQCUS0006,July,Health & Wellness,Net Banking,121
ATQCUS0006,July,Travel,Credit Card,1465
ATQCUS0006,July,Travel,UPI,727
ATQCUS0006,July,Travel,Debit Card,265
ATQCUS0006,July,Travel,Net Banking,147
ATQCUS0006,July,Food,Credit Card,925
ATQCUS0006,July,Food,UPI,279
ATQCUS0006,July,Food,Debit Card,312
ATQCUS0006,July,Food,Net Banking,124
ATQCUS0006,July,Entertainment,Credit Card,536
ATQCUS0006,July,Entertainment,UPI,718
ATQCUS0006,July,Entertainment,Debit Card,375
ATQCUS0006,July,Entertainment,Net Banking,60
ATQCUS0006,July,Apparel,Credit Card,464
ATQCUS0006,July,Apparel,UPI,209
ATQCUS0006,July,Apparel,Debit Card,71
ATQCUS0006,July,Apparel,Net Banking,199
ATQCUS0006,July,Others,Credit Card,622
ATQCUS0006,July,Others,UPI,223
ATQCUS0006,July,Others,Debit Card,81
ATQCUS0006,July,Others,Net Banking,39
ATQCUS0006,August,Bills,Credit Card,2124
ATQCUS0006,August,Bills,UPI,707
ATQCUS0006,August,Bills,Debit Card,305
ATQCUS0006,August,Bills,Net Banking,126
ATQCUS0006,August,Groceries,Credit Card,1400
ATQCUS0006,August,Groceries,UPI,1168
ATQCUS0006,August,Groceries,Debit Card,335
ATQCUS0006,August,Groceries,Net Banking,145
ATQCUS0006,August,Electronics,Credit Card,32
ATQCUS0006,August,Electronics,UPI,338
ATQCUS0006,August,Electronics,Debit Card,776
ATQCUS0006,August,Electronics,Net Banking,256
ATQCUS0006,August,Health & Wellness,Credit Card,175
ATQCUS0006,August,Health & Wellness,UPI,78
ATQCUS0006,August,Health & Wellness,Debit Card,121
ATQCUS0006,August,Health & Wellness,Net Banking,271
ATQCUS0006,August,Travel,Credit Card,193
ATQCUS0006,August,Travel,UPI,202
ATQCUS0006,August,Travel,Debit Card,441
ATQCUS0006,August,Travel,Net Banking,212
ATQCUS0006,August,Food,Credit Card,177
ATQCUS0006,August,Food,UPI,556
ATQCUS0006,August,Food,Debit Card,380
ATQCUS0006,August,Food,Net Banking,405
ATQCUS0006,August,Entertainment,Credit Card,105
ATQCUS0006,August,Entertainment,UPI,46
ATQCUS0006,August,Entertainment,Debit Card,225
ATQCUS0006,August,Entertainment,Net Banking,145
ATQCUS0006,August,Apparel,Credit Card,141
ATQCUS0006,August,Apparel,UPI,124
ATQCUS0006,August,Apparel,Debit Card,308
ATQCUS0006,August,Apparel,Net Banking,153
ATQCUS0006,August,Others,Credit Card,344
ATQCUS0006,August,Others,UPI,438
ATQCUS0006,August,Others,Debit Card,76
ATQCUS0006,August,Others,Net Banking,107
ATQCUS0006,September,Bills,Credit Card,1896
ATQCUS0006,September,Bills,UPI,822
ATQCUS0006,September,Bills,Debit Card,383
ATQCUS0006,September,Bills,Net Banking,411
ATQCUS0006,September,Groceries,Credit Card,818
ATQCUS0006,September,Groceries,UPI,436
ATQCUS0006,September,Groceries,Debit Card,483
ATQCUS0006,September,Groceries,Net Banking,267
ATQCUS0006,September,Electronics,Credit Card,362
ATQCUS0006,September,Electronics,UPI,497
ATQCUS0006,September,Electronics,Debit Card,140
ATQCUS0006,September,Electronics,Net Banking,190
ATQCUS0006,September,Health & Wellness,Credit Card,575
ATQCUS0006,September,Health & Wellness,UPI,408
ATQCUS0006,September,Health & Wellness,Debit Card,427
ATQCUS0006,September,Health & Wellness,Net Banking,90
ATQCUS0006,September,Travel,Credit Card,1002
ATQCUS0006,September,Travel,UPI,106
ATQCUS0006,September,Travel,Debit Card,153
ATQCUS0006,September,Travel,Net Banking,176
ATQCUS0006,September,Food,Credit Card,145
ATQCUS0006,September,Food,UPI,192
ATQCUS0006,September,Food,Debit Card,336
ATQCUS0006,September,Food,Net Banking,631
ATQCUS0006,September,Entertainment,Credit Card,110
ATQCUS0006,September,Entertainment,UPI,160
ATQCUS0006,September,Entertainment,Debit Card,213
ATQCUS0006,September,Entertainment,Net Banking,159
ATQCUS0006,September,Apparel,Credit Card,209
ATQCUS0006,September,Apparel,UPI,454
ATQCUS0006,September,Apparel,Debit Card,85
ATQCUS0006,September,Apparel,Net Banking,100
ATQCUS0006,September,Others,Credit Card,431
ATQCUS0006,September,Others,UPI,279
ATQCUS0006,September,Others,Debit Card,111
ATQCUS0006,September,Others,Net Banking,20
ATQCUS0006,October,Bills,Credit Card,1006
ATQCUS0006,October,Bills,UPI,304
ATQCUS0006,October,Bills,Debit Card,606
ATQCUS0006,October,Bills,Net Banking,179
ATQCUS0006,October,Groceries,Credit Card,863
ATQCUS0006,October,Groceries,UPI,394
ATQCUS0006,October,Groceries,Debit Card,1225
ATQCUS0006,October,Groceries,Net Banking,399
ATQCUS0006,October,Electronics,Credit Card,1107
ATQCUS0006,October,Electronics,UPI,1635
ATQCUS0006,October,Electronics,Debit Card,168
ATQCUS0006,October,Electronics,Net Banking,530
ATQCUS0006,October,Health & Wellness,Credit Card,929
ATQCUS0006,October,Health & Wellness,UPI,404
ATQCUS0006,October,Health & Wellness,Debit Card,199
ATQCUS0006,October,Health & Wellness,Net Banking,183
ATQCUS0006,October,Travel,Credit Card,221
ATQCUS0006,October,Travel,UPI,86
ATQCUS0006,October,Travel,Debit Card,146
ATQCUS0006,October,Travel,Net Banking,567
ATQCUS0006,October,Food,Credit Card,634
ATQCUS0006,October,Food,UPI,381
ATQCUS0006,October,Food,Debit Card,63
ATQCUS0006,October,Food,Net Banking,92
ATQCUS0006,October,Entertainment,Credit Card,1532
ATQCUS0006,October,Entertainment,UPI,661
ATQCUS0006,October,Entertainment,Debit Card,143
ATQCUS0006,October,Entertainment,Net Banking,144
ATQCUS0006,October,Apparel,Credit Card,352
ATQCUS0006,October,Apparel,UPI,271
ATQCUS0006,October,Apparel,Debit Card,254
ATQCUS0006,October,Apparel,Net Banking,303
ATQCUS0006,October,Others,Credit Card,371
ATQCUS0006,October,Others,UPI,283
ATQCUS0006,October,Others,Debit Card,203
ATQCUS0006,October,Others,Net Banking,175
ATQCUS0007,May,Bills,Credit Card,998
ATQCUS0007,May,Bills,UPI,660
ATQCUS0007,May,Bills,Debit Card,230
ATQCUS0007,May,Bills,Net Banking,285
ATQCUS0007,May,Groceries,Credit Card,1582
ATQCUS0007,May,Groceries,UPI,819
ATQCUS0007,May,Groceries,Debit Card,1027
ATQCUS0007,May,Groceries,Net Banking,626
ATQCUS0007,May,Electronics,Credit Card,1173
ATQCUS0007,May,Electronics,UPI,178
ATQCUS0007,May,Electronics,Debit Card,554
ATQCUS0007,May,Electronics,Net Banking,587
ATQCUS0007,May,Health & Wellness,Credit Card,877
ATQCUS0007,May,Health & Wellness,UPI,145
ATQCUS0007,May,Health & Wellness,Debit Card,253
ATQCUS0007,May,Health & Wellness,Net Banking,238
ATQCUS0007,May,Travel,Credit Card,539
ATQCUS0007,May,Travel,UPI,154
ATQCUS0007,May,Travel,Debit Card,302
ATQCUS0007,May,Travel,Net Banking,324
ATQCUS0007,May,Food,Credit Card,538
ATQCUS0007,May,Food,UPI,134
ATQCUS0007,May,Food,Debit Card,170
ATQCUS0007,May,Food,Net Banking,145
ATQCUS0007,May,Entertainment,Credit Card,256
ATQCUS0007,May,Entertainment,UPI,96
ATQCUS0007,May,Entertainment,Debit Card,405
ATQCUS0007,May,Entertainment,Net Banking,45
ATQCUS0007,May,Apparel,Credit Card,279
ATQCUS0007,May,Apparel,UPI,21
ATQCUS0007,May,Apparel,Debit Card,496
ATQCUS0007,May,Apparel,Net Banking,177
ATQCUS0007,May,Others,Credit Card,363
ATQCUS0007,May,Others,UPI,150
ATQCUS0007,May,Others,Debit Card,140
ATQCUS0007,May,Others,Net Banking,68
ATQCUS0007,June,Bills,Credit Card,811
ATQCUS0007,June,Bills,UPI,1291
ATQCUS0007,June,Bills,Debit Card,383
ATQCUS0007,June,Bills,Net Banking,787
ATQCUS0007,June,Groceries,Credit Card,1310
ATQCUS0007,June,Groceries,UPI,879
ATQCUS0007,June,Groceries,Debit Card,89
ATQCUS0007,June,Groceries,Net Banking,666
ATQCUS0007,June,Electronics,Credit Card,397
ATQCUS0007,June,Electronics,UPI,524
ATQCUS0007,June,Electronics,Debit Card,1087
ATQCUS0007,June,Electronics,Net Banking,119
ATQCUS0007,June,Health & Wellness,Credit Card,251
ATQCUS0007,June,Health & Wellness,UPI,577
ATQCUS0007,June,Health & Wellness,Debit Card,760
ATQCUS0007,June,Health & Wellness,Net Banking,147
ATQCUS0007,June,Travel,Credit Card,977
ATQCUS0007,June,Travel,UPI,760
ATQCUS0007,June,Travel,Debit Card,956
ATQCUS0007,June,Travel,Net Banking,69
ATQCUS0007,June,Food,Credit Card,1079
ATQCUS0007,June,Food,UPI,178
ATQCUS0007,June,Food,Debit Card,150
ATQCUS0007,June,Food,Net Banking,179
ATQCUS0007,June,Entertainment,Credit Card,492
ATQCUS0007,June,Entertainment,UPI,381
ATQCUS0007,June,Entertainment,Debit Card,574
ATQCUS0007,June,Entertainment,Net Banking,215
ATQCUS0007,June,Apparel,Credit Card,261
ATQCUS0007,June,Apparel,UPI,169
ATQCUS0007,June,Apparel,Debit Card,51
ATQCUS0007,June,Apparel,Net Banking,398
ATQCUS0007,June,Others,Credit Card,84
ATQCUS0007,June,Others,UPI,204
ATQCUS0007,June,Others,Debit Card,368
ATQCUS0007,June,Others,Net Banking,188
ATQCUS0007,July,Bills,Credit Card,4865
ATQCUS0007,July,Bills,UPI,246
ATQCUS0007,July,Bills,Debit Card,257
ATQCUS0007,July,Bills,Net Banking,760
ATQCUS0007,July,Groceries,Credit Card,527
ATQCUS0007,July,Groceries,UPI,410
ATQCUS0007,July,Groceries,Debit Card,880
ATQCUS0007,July,Groceries,Net Banking,164
ATQCUS0007,July,Electronics,Credit Card,901
ATQCUS0007,July,Electronics,UPI,694
ATQCUS0007,July,Electronics,Debit Card,215
ATQCUS0007,July,Electronics,Net Banking,219
ATQCUS0007,July,Health & Wellness,Credit Card,111
ATQCUS0007,July,Health & Wellness,UPI,495
ATQCUS0007,July,Health & Wellness,Debit Card,112
ATQCUS0007,July,Health & Wellness,Net Banking,137
ATQCUS0007,July,Travel,Credit Card,824
ATQCUS0007,July,Travel,UPI,530
ATQCUS0007,July,Travel,Debit Card,207
ATQCUS0007,July,Travel,Net Banking,173
ATQCUS0007,July,Food,Credit Card,686
ATQCUS0007,July,Food,UPI,474
ATQCUS0007,July,Food,Debit Card,402
ATQCUS0007,July,Food,Net Banking,104
ATQCUS0007,July,Entertainment,Credit Card,542
ATQCUS0007,July,Entertainment,UPI,1301
ATQCUS0007,July,Entertainment,Debit Card,559
ATQCUS0007,July,Entertainment,Net Banking,61
ATQCUS0007,July,Apparel,Credit Card,821
ATQCUS0007,July,Apparel,UPI,523
ATQCUS0007,July,Apparel,Debit Card,253
ATQCUS0007,July,Apparel,Net Banking,118
ATQCUS0007,July,Others,Credit Card,340
ATQCUS0007,July,Others,UPI,455
ATQCUS0007,July,Others,Debit Card,347
ATQCUS0007,July,Others,Net Banking,113
ATQCUS0007,August,Bills,Credit Card,518
ATQCUS0007,August,Bills,UPI,2066
ATQCUS0007,August,Bills,Debit Card,626
ATQCUS0007,August,Bills,Net Banking,445
ATQCUS0007,August,Groceries,Credit Card,1919
ATQCUS0007,August,Groceries,UPI,388
ATQCUS0007,August,Groceries,Debit Card,478
ATQCUS0007,August,Groceries,Net Banking,365
ATQCUS0007,August,Electronics,Credit Card,853
ATQCUS0007,August,Electronics,UPI,1210
ATQCUS0007,August,Electronics,Debit Card,512
ATQCUS0007,August,Electronics,Net Banking,196
ATQCUS0007,August,Health & Wellness,Credit Card,951
ATQCUS0007,August,Health & Wellness,UPI,316
ATQCUS0007,August,Health & Wellness,Debit Card,373
ATQCUS0007,August,Health & Wellness,Net Banking,343
ATQCUS0007,August,Travel,Credit Card,547
ATQCUS0007,August,Travel,UPI,226
ATQCUS0007,August,Travel,Debit Card,467
ATQCUS0007,August,Travel,Net Banking,91
ATQCUS0007,August,Food,Credit Card,476
ATQCUS0007,August,Food,UPI,268
ATQCUS0007,August,Food,Debit Card,334
ATQCUS0007,August,Food,Net Banking,381
ATQCUS0007,August,Entertainment,Credit Card,337
ATQCUS0007,August,Entertainment,UPI,435
ATQCUS0007,August,Entertainment,Debit Card,236
ATQCUS0007,August,Entertainment,Net Banking,168
ATQCUS0007,August,Apparel,Credit Card,409
ATQCUS0007,August,Apparel,UPI,474
ATQCUS0007,August,Apparel,Debit Card,139
ATQCUS0007,August,Apparel,Net Banking,71
ATQCUS0007,August,Others,Credit Card,151
ATQCUS0007,August,Others,UPI,71
ATQCUS0007,August,Others,Debit Card,60
ATQCUS0007,August,Others,Net Banking,87
ATQCUS0007,September,Bills,Credit Card,825
ATQCUS0007,September,Bills,UPI,384
ATQCUS0007,September,Bills,Debit Card,715
ATQCUS0007,September,Bills,Net Banking,174
ATQCUS0007,September,Groceries,Credit Card,956
ATQCUS0007,September,Groceries,UPI,1764
ATQCUS0007,September,Groceries,Debit Card,511
ATQCUS0007,September,Groceries,Net Banking,176
ATQCUS0007,September,Electronics,Credit Card,379
ATQCUS0007,September,Electronics,UPI,784
ATQCUS0007,September,Electronics,Debit Card,219
ATQCUS0007,September,Electronics,Net Banking,430
ATQCUS0007,September,Health & Wellness,Credit Card,1427
ATQCUS0007,September,Health & Wellness,UPI,319
ATQCUS0007,September,Health & Wellness,Debit Card,294
ATQCUS0007,September,Health & Wellness,Net Banking,304
ATQCUS0007,September,Travel,Credit Card,526
ATQCUS0007,September,Travel,UPI,925
ATQCUS0007,September,Travel,Debit Card,176
ATQCUS0007,September,Travel,Net Banking,204
ATQCUS0007,September,Food,Credit Card,880
ATQCUS0007,September,Food,UPI,117
ATQCUS0007,September,Food,Debit Card,590
ATQCUS0007,September,Food,Net Banking,131
ATQCUS0007,September,Entertainment,Credit Card,346
ATQCUS0007,September,Entertainment,UPI,133
ATQCUS0007,September,Entertainment,Debit Card,563
ATQCUS0007,September,Entertainment,Net Banking,101
ATQCUS0007,September,Apparel,Credit Card,640
ATQCUS0007,September,Apparel,UPI,298
ATQCUS0007,September,Apparel,Debit Card,120
ATQCUS0007,September,Apparel,Net Banking,73
ATQCUS0007,September,Others,Credit Card,201
ATQCUS0007,September,Others,UPI,281
ATQCUS0007,September,Others,Debit Card,137
ATQCUS0007,September,Others,Net Banking,170
ATQCUS0007,October,Bills,Credit Card,1216
ATQCUS0007,October,Bills,UPI,295
ATQCUS0007,October,Bills,Debit Card,164
ATQCUS0007,October,Bills,Net Banking,634
ATQCUS0007,October,Groceries,Credit Card,1082
ATQCUS0007,October,Groceries,UPI,799
ATQCUS0007,October,Groceries,Debit Card,532
ATQCUS0007,October,Groceries,Net Banking,273
ATQCUS0007,October,Electronics,Credit Card,533
ATQCUS0007,October,Electronics,UPI,1159
ATQCUS0007,October,Electronics,Debit Card,476
ATQCUS0007,October,Electronics,Net Banking,372
ATQCUS0007,October,Health & Wellness,Credit Card,562
ATQCUS0007,October,Health & Wellness,UPI,278
ATQCUS0007,October,Health & Wellness,Debit Card,134
ATQCUS0007,October,Health & Wellness,Net Banking,271
ATQCUS0007,October,Travel,Credit Card,535
ATQCUS0007,October,Travel,UPI,1139
ATQCUS0007,October,Travel,Debit Card,151
ATQCUS0007,October,Travel,Net Banking,135
ATQCUS0007,October,Food,Credit Card,101
ATQCUS0007,October,Food,UPI,656
ATQCUS0007,October,Food,Debit Card,364
ATQCUS0007,October,Food,Net Banking,294
ATQCUS0007,October,Entertainment,Credit Card,744
ATQCUS0007,October,Entertainment,UPI,250
ATQCUS0007,October,Entertainment,Debit Card,132
ATQCUS0007,October,Entertainment,Net Banking,97
ATQCUS0007,October,Apparel,Credit Card,714
ATQCUS0007,October,Apparel,UPI,235
ATQCUS0007,October,Apparel,Debit Card,87
ATQCUS0007,October,Apparel,Net Banking,85
ATQCUS0007,October,Others,Credit Card,185
ATQCUS0007,October,Others,UPI,125
ATQCUS0007,October,Others,Debit Card,419
ATQCUS0007,October,Others,Net Banking,71
ATQCUS0008,May,Bills,Credit Card,1648
ATQCUS0008,May,Bills,UPI,1172
ATQCUS0008,May,Bills,Debit Card,695
ATQCUS0008,May,Bills,Net Banking,594
ATQCUS0008,May,Groceries,Credit Card,429
ATQCUS0008,May,Groceries,UPI,911
ATQCUS0008,May,Groceries,Debit Card,60
ATQCUS0008,May,Groceries,Net Banking,1058
ATQCUS0008,May,Electronics,Credit Card,480
ATQCUS0008,May,Electronics,UPI,70
ATQCUS0008,May,Electronics,Debit Card,478
ATQCUS0008,May,Electronics,Net Banking,786
ATQCUS0008,May,Health & Wellness,Credit Card,930
ATQCUS0008,May,Health & Wellness,UPI,155
ATQCUS0008,May,Health & Wellness,Debit Card,538
ATQCUS0008,May,Health & Wellness,Net Banking,165
ATQCUS0008,May,Travel,Credit Card,986
ATQCUS0008,May,Travel,UPI,187
ATQCUS0008,May,Travel,Debit Card,371
ATQCUS0008,May,Travel,Net Banking,192
ATQCUS0008,May,Food,Credit Card,346
ATQCUS0008,May,Food,UPI,1488
ATQCUS0008,May,Food,Debit Card,79
ATQCUS0008,May,Food,Net Banking,132
ATQCUS0008,May,Entertainment,Credit Card,436
ATQCUS0008,May,Entertainment,UPI,987
ATQCUS0008,May,Entertainment,Debit Card,451
ATQCUS0008,May,Entertainment,Net Banking,118
ATQCUS0008,May,Apparel,Credit Card,830
ATQCUS0008,May,Apparel,UPI,354
ATQCUS0008,May,Apparel,Debit Card,399
ATQCUS0008,May,Apparel,Net Banking,210
ATQCUS0008,May,Others,Credit Card,720
ATQCUS0008,May,Others,UPI,68
ATQCUS0008,May,Others,Debit Card,186
ATQCUS0008,May,Others,Net Banking,67
ATQCUS0008,June,Bills,Credit Card,572
ATQCUS0008,June,Bills,UPI,1193
ATQCUS0008,June,Bills,Debit Card,255
ATQCUS0008,June,Bills,Net Banking,818
ATQCUS0008,June,Groceries,Credit Card,777
ATQCUS0008,June,Groceries,UPI,876
ATQCUS0008,June,Groceries,Debit Card,434
ATQCUS0008,June,Groceries,Net Banking,284
ATQCUS0008,June,Electronics,Credit Card,2262
ATQCUS0008,June,Electronics,UPI,596
ATQCUS0008,June,Electronics,Debit Card,1065
ATQCUS0008,June,Electronics,Net Banking,252
ATQCUS0008,June,Health & Wellness,Credit Card,283
ATQCUS0008,June,Health & Wellness,UPI,1328
ATQCUS0008,June,Health & Wellness,Debit Card,562
ATQCUS0008,June,Health & Wellness,Net Banking,149
ATQCUS0008,June,Travel,Credit Card,1618
ATQCUS0008,June,Travel,UPI,869
ATQCUS0008,June,Travel,Debit Card,292
ATQCUS0008,June,Travel,Net Banking,271
ATQCUS0008,June,Food,Credit Card,1633
ATQCUS0008,June,Food,UPI,97
ATQCUS0008,June,Food,Debit Card,259
ATQCUS0008,June,Food,Net Banking,30
ATQCUS0008,June,Entertainment,Credit Card,1013
ATQCUS0008,June,Entertainment,UPI,438
ATQCUS0008,June,Entertainment,Debit Card,139
ATQCUS0008,June,Entertainment,Net Banking,476
ATQCUS0008,June,Apparel,Credit Card,421
ATQCUS0008,June,Apparel,UPI,267
ATQCUS0008,June,Apparel,Debit Card,382
ATQCUS0008,June,Apparel,Net Banking,401
ATQCUS0008,June,Others,Credit Card,393
ATQCUS0008,June,Others,UPI,214
ATQCUS0008,June,Others,Debit Card,198
ATQCUS0008,June,Others,Net Banking,87
ATQCUS0008,July,Bills,Credit Card,216
ATQCUS0008,July,Bills,UPI,955
ATQCUS0008,July,Bills,Debit Card,473
ATQCUS0008,July,Bills,Net Banking,212
ATQCUS0008,July,Groceries,Credit Card,1489
ATQCUS0008,July,Groceries,UPI,639
ATQCUS0008,July,Groceries,Debit Card,525
ATQCUS0008,July,Groceries,Net Banking,614
ATQCUS0008,July,Electronics,Credit Card,381
ATQCUS0008,July,Electronics,UPI,1269
ATQCUS0008,July,Electronics,Debit Card,437
ATQCUS0008,July,Electronics,Net Banking,137
ATQCUS0008,July,Health & Wellness,Credit Card,630
ATQCUS0008,July,Health & Wellness,UPI,964
ATQCUS0008,July,Health & Wellness,Debit Card,314
ATQCUS0008,July,Health & Wellness,Net Banking,374
ATQCUS0008,July,Travel,Credit Card,487
ATQCUS0008,July,Travel,UPI,228
ATQCUS0008,July,Travel,Debit Card,161
ATQCUS0008,July,Travel,Net Banking,284
ATQCUS0008,July,Food,Credit Card,28
ATQCUS0008,July,Food,UPI,678
ATQCUS0008,July,Food,Debit Card,86
ATQCUS0008,July,Food,Net Banking,187
ATQCUS0008,July,Entertainment,Credit Card,755
ATQCUS0008,July,Entertainment,UPI,450
ATQCUS0008,July,Entertainment,Debit Card,85
ATQCUS0008,July,Entertainment,Net Banking,158
ATQCUS0008,July,Apparel,Credit Card,949
ATQCUS0008,July,Apparel,UPI,375
ATQCUS0008,July,Apparel,Debit Card,219
ATQCUS0008,July,Apparel,Net Banking,66
ATQCUS0008,July,Others,Credit Card,132
ATQCUS0008,July,Others,UPI,43
ATQCUS0008,July,Others,Debit Card,283
ATQCUS0008,July,Others,Net Banking,141
ATQCUS0008,August,Bills,Credit Card,4771
ATQCUS0008,August,Bills,UPI,1823
ATQCUS0008,August,Bills,Debit Card,727
ATQCUS0008,August,Bills,Net Banking,215
ATQCUS0008,August,Groceries,Credit Card,1788
ATQCUS0008,August,Groceries,UPI,599
ATQCUS0008,August,Groceries,Debit Card,192
ATQCUS0008,August,Groceries,Net Banking,611
ATQCUS0008,August,Electronics,Credit Card,263
ATQCUS0008,August,Electronics,UPI,253
ATQCUS0008,August,Electronics,Debit Card,454
ATQCUS0008,August,Electronics,Net Banking,366
ATQCUS0008,August,Health & Wellness,Credit Card,1516
ATQCUS0008,August,Health & Wellness,UPI,950
ATQCUS0008,August,Health & Wellness,Debit Card,964
ATQCUS0008,August,Health & Wellness,Net Banking,361
ATQCUS0008,August,Travel,Credit Card,193
ATQCUS0008,August,Travel,UPI,380
ATQCUS0008,August,Travel,Debit Card,708
ATQCUS0008,August,Travel,Net Banking,56
ATQCUS0008,August,Food,Credit Card,403
ATQCUS0008,August,Food,UPI,127
ATQCUS0008,August,Food,Debit Card,180
ATQCUS0008,August,Food,Net Banking,304
ATQCUS0008,August,Entertainment,Credit Card,711
ATQCUS0008,August,Entertainment,UPI,466
ATQCUS0008,August,Entertainment,Debit Card,293
ATQCUS0008,August,Entertainment,Net Banking,146
ATQCUS0008,August,Apparel,Credit Card,231
ATQCUS0008,August,Apparel,UPI,625
ATQCUS0008,August,Apparel,Debit Card,381
ATQCUS0008,August,Apparel,Net Banking,81
ATQCUS0008,August,Others,Credit Card,71
ATQCUS0008,August,Others,UPI,322
ATQCUS0008,August,Others,Debit Card,474
ATQCUS0008,August,Others,Net Banking,193
ATQCUS0008,September,Bills,Credit Card,1218
ATQCUS0008,September,Bills,UPI,242
ATQCUS0008,September,Bills,Debit Card,398
ATQCUS0008,September,Bills,Net Banking,460
ATQCUS0008,September,Groceries,Credit Card,2045
ATQCUS0008,September,Groceries,UPI,987
ATQCUS0008,September,Groceries,Debit Card,556
ATQCUS0008,September,Groceries,Net Banking,257
ATQCUS0008,September,Electronics,Credit Card,1165
ATQCUS0008,September,Electronics,UPI,319
ATQCUS0008,September,Electronics,Debit Card,464
ATQCUS0008,September,Electronics,Net Banking,573
ATQCUS0008,September,Health & Wellness,Credit Card,910
ATQCUS0008,September,Health & Wellness,UPI,997
ATQCUS0008,September,Health & Wellness,Debit Card,283
ATQCUS0008,September,Health & Wellness,Net Banking,160
ATQCUS0008,September,Travel,Credit Card,367
ATQCUS0008,September,Travel,UPI,553
ATQCUS0008,September,Travel,Debit Card,412
ATQCUS0008,September,Travel,Net Banking,198
ATQCUS0008,September,Food,Credit Card,1312
ATQCUS0008,September,Food,UPI,935
ATQCUS0008,September,Food,Debit Card,209
ATQCUS0008,September,Food,Net Banking,175
ATQCUS0008,September,Entertainment,Credit Card,471
ATQCUS0008,September,Entertainment,UPI,207
ATQCUS0008,September,Entertainment,Debit Card,142
ATQCUS0008,September,Entertainment,Net Banking,164
ATQCUS0008,September,Apparel,Credit Card,866
ATQCUS0008,September,Apparel,UPI,656
ATQCUS0008,September,Apparel,Debit Card,196
ATQCUS0008,September,Apparel,Net Banking,154
ATQCUS0008,September,Others,Credit Card,173
ATQCUS0008,September,Others,UPI,197
ATQCUS0008,September,Others,Debit Card,175
ATQCUS0008,September,Others,Net Banking,58
ATQCUS0008,October,Bills,Credit Card,168
ATQCUS0008,October,Bills,UPI,493
ATQCUS0008,October,Bills,Debit Card,430
ATQCUS0008,October,Bills,Net Banking,295
ATQCUS0008,October,Groceries,Credit Card,2503
ATQCUS0008,October,Groceries,UPI,939
ATQCUS0008,October,Groceries,Debit Card,1220
ATQCUS0008,October,Groceries,Net Banking,1048
ATQCUS0008,October,Electronics,Credit Card,1701
ATQCUS0008,October,Electronics,UPI,885
ATQCUS0008,October,Electronics,Debit Card,625
ATQCUS0008,October,Electronics,Net Banking,694
ATQCUS0008,October,Health & Wellness,Credit Card,502
ATQCUS0008,October,Health & Wellness,UPI,852
ATQCUS0008,October,Health & Wellness,Debit Card,129
ATQCUS0008,October,Health & Wellness,Net Banking,290
ATQCUS0008,October,Travel,Credit Card,913
ATQCUS0008,October,Travel,UPI,308
ATQCUS0008,October,Travel,Debit Card,225
ATQCUS0008,October,Travel,Net Banking,149
ATQCUS0008,October,Food,Credit Card,205
ATQCUS0008,October,Food,UPI,773
ATQCUS0008,October,Food,Debit Card,79
ATQCUS0008,October,Food,Net Banking,224
ATQCUS0008,October,Entertainment,Credit Card,286
ATQCUS0008,October,Entertainment,UPI,402
ATQCUS0008,October,Entertainment,Debit Card,337
ATQCUS0008,October,Entertainment,Net Banking,377
ATQCUS0008,October,Apparel,Credit Card,332
ATQCUS0008,October,Apparel,UPI,763
ATQCUS0008,October,Apparel,Debit Card,98
ATQCUS0008,October,Apparel,Net Banking,291
ATQCUS0008,October,Others,Credit Card,271
ATQCUS0008,October,Others,UPI,466
ATQCUS0008,October,Others,Debit Card,334
ATQCUS0008,October,Others,Net Banking,119
ATQCUS0009,May,Bills,Credit Card,1773
ATQCUS0009,May,Bills,UPI,2337
ATQCUS0009,May,Bills,Debit Card,447
ATQCUS0009,May,Bills,Net Banking,233
ATQCUS0009,May,Groceries,Credit Card,2414
ATQCUS0009,May,Groceries,UPI,397
ATQCUS0009,May,Groceries,Debit Card,1240
ATQCUS0009,May,Groceries,Net Banking,519
ATQCUS0009,May,Electronics,Credit Card,920
ATQCUS0009,May,Electronics,UPI,704
ATQCUS0009,May,Electronics,Debit Card,798
ATQCUS0009,May,Electronics,Net Banking,430
ATQCUS0009,May,Health & Wellness,Credit Card,939
ATQCUS0009,May,Health & Wellness,UPI,419
ATQCUS0009,May,Health & Wellness,Debit Card,230
ATQCUS0009,May,Health & Wellness,Net Banking,247
ATQCUS0009,May,Travel,Credit Card,460
ATQCUS0009,May,Travel,UPI,429
ATQCUS0009,May,Travel,Debit Card,390
ATQCUS0009,May,Travel,Net Banking,576
ATQCUS0009,May,Food,Credit Card,706
ATQCUS0009,May,Food,UPI,1232
ATQCUS0009,May,Food,Debit Card,143
ATQCUS0009,May,Food,Net Banking,554
ATQCUS0009,May,Entertainment,Credit Card,607
ATQCUS0009,May,Entertainment,UPI,1321
ATQCUS0009,May,Entertainment,Debit Card,81
ATQCUS0009,May,Entertainment,Net Banking,117
ATQCUS0009,May,Apparel,Credit Card,309
ATQCUS0009,May,Apparel,UPI,308
ATQCUS0009,May,Apparel,Debit Card,540
ATQCUS0009,May,Apparel,Net Banking,58
ATQCUS0009,May,Others,Credit Card,1435
ATQCUS0009,May,Others,UPI,758
ATQCUS0009,May,Others,Debit Card,139
ATQCUS0009,May,Others,Net Banking,189
ATQCUS0009,June,Bills,Credit Card,461
ATQCUS0009,June,Bills,UPI,615
ATQCUS0009,June,Bills,Debit Card,767
ATQCUS0009,June,Bills,Net Banking,550
ATQCUS0009,June,Groceries,Credit Card,3804
ATQCUS0009,June,Groceries,UPI,654
ATQCUS0009,June,Groceries,Debit Card,810
ATQCUS0009,June,Groceries,Net Banking,356
ATQCUS0009,June,Electronics,Credit Card,413
ATQCUS0009,June,Electronics,UPI,849
ATQCUS0009,June,Electronics,Debit Card,320
ATQCUS0009,June,Electronics,Net Banking,561
ATQCUS0009,June,Health & Wellness,Credit Card,1283
ATQCUS0009,June,Health & Wellness,UPI,968
ATQCUS0009,June,Health & Wellness,Debit Card,114
ATQCUS0009,June,Health & Wellness,Net Banking,475
ATQCUS0009,June,Travel,Credit Card,359
ATQCUS0009,June,Travel,UPI,480
ATQCUS0009,June,Travel,Debit Card,266
ATQCUS0009,June,Travel,Net Banking,104
ATQCUS0009,June,Food,Credit Card,1075
ATQCUS0009,June,Food,UPI,437
ATQCUS0009,June,Food,Debit Card,437
ATQCUS0009,June,Food,Net Banking,202
ATQCUS0009,June,Entertainment,Credit Card,525
ATQCUS0009,June,Entertainment,UPI,207
ATQCUS0009,June,Entertainment,Debit Card,118
ATQCUS0009,June,Entertainment,Net Banking,483
ATQCUS0009,June,Apparel,Credit Card,339
ATQCUS0009,June,Apparel,UPI,250
ATQCUS0009,June,Apparel,Debit Card,426
ATQCUS0009,June,Apparel,Net Banking,632
ATQCUS0009,June,Others,Credit Card,740
ATQCUS0009,June,Others,UPI,427
ATQCUS0009,June,Others,Debit Card,208
ATQCUS0009,June,Others,Net Banking,128
ATQCUS0009,July,Bills,Credit Card,526
ATQCUS0009,July,Bills,UPI,1071
ATQCUS0009,July,Bills,Debit Card,405
ATQCUS0009,July,Bills,Net Banking,516
ATQCUS0009,July,Groceries,Credit Card,1326
ATQCUS0009,July,Groceries,UPI,1250
ATQCUS0009,July,Groceries,Debit Card,343
ATQCUS0009,July,Groceries,Net Banking,425
ATQCUS0009,July,Electronics,Credit Card,933
ATQCUS0009,July,Electronics,UPI,568
ATQCUS0009,July,Electronics,Debit Card,144
ATQCUS0009,July,Electronics,Net Banking,803
ATQCUS0009,July,Health & Wellness,Credit Card,1429
ATQCUS0009,July,Health & Wellness,UPI,807
ATQCUS0009,July,Health & Wellness,Debit Card,182
ATQCUS0009,July,Health & Wellness,Net Banking,237
ATQCUS0009,July,Travel,Credit Card,1247
ATQCUS0009,July,Travel,UPI,575
ATQCUS0009,July,Travel,Debit Card,184
ATQCUS0009,July,Travel,Net Banking,229
ATQCUS0009,July,Food,Credit Card,93
ATQCUS0009,July,Food,UPI,303
ATQCUS0009,July,Food,Debit Card,279
ATQCUS0009,July,Food,Net Banking,47
ATQCUS0009,July,Entertainment,Credit Card,467
ATQCUS0009,July,Entertainment,UPI,241
ATQCUS0009,July,Entertainment,Debit Card,47
ATQCUS0009,July,Entertainment,Net Banking,540
ATQCUS0009,July,Apparel,Credit Card,442
ATQCUS0009,July,Apparel,UPI,216
ATQCUS0009,July,Apparel,Debit Card,570
ATQCUS0009,July,Apparel,Net Banking,136
ATQCUS0009,July,Others,Credit Card,484
ATQCUS0009,July,Others,UPI,248
ATQCUS0009,July,Others,Debit Card,97
ATQCUS0009,July,Others,Net Banking,184
ATQCUS0009,August,Bills,Credit Card,1408
ATQCUS0009,August,Bills,UPI,2055
ATQCUS0009,August,Bills,Debit Card,315
ATQCUS0009,August,Bills,Net Banking,748
ATQCUS0009,August,Groceries,Credit Card,2088
ATQCUS0009,August,Groceries,UPI,2287
ATQCUS0009,August,Groceries,Debit Card,390
ATQCUS0009,August,Groceries,Net Banking,690
ATQCUS0009,August,Electronics,Credit Card,1049
ATQCUS0009,August,Electronics,UPI,529
ATQCUS0009,August,Electronics,Debit Card,863
ATQCUS0009,August,Electronics,Net Banking,774
ATQCUS0009,August,Health & Wellness,Credit Card,3664
ATQCUS0009,August,Health & Wellness,UPI,1180
ATQCUS0009,August,Health & Wellness,Debit Card,871
ATQCUS0009,August,Health & Wellness,Net Banking,174
ATQCUS0009,August,Travel,Credit Card,269
ATQCUS0009,August,Travel,UPI,665
ATQCUS0009,August,Travel,Debit Card,286
ATQCUS0009,August,Travel,Net Banking,93
ATQCUS0009,August,Food,Credit Card,857
ATQCUS0009,August,Food,UPI,288
ATQCUS0009,August,Food,Debit Card,724
ATQCUS0009,August,Food,Net Banking,143
ATQCUS0009,August,Entertainment,Credit Card,884
ATQCUS0009,August,Entertainment,UPI,256
ATQCUS0009,August,Entertainment,Debit Card,925
ATQCUS0009,August,Entertainment,Net Banking,98
ATQCUS0009,August,Apparel,Credit Card,181
ATQCUS0009,August,Apparel,UPI,107
ATQCUS0009,August,Apparel,Debit Card,116
ATQCUS0009,August,Apparel,Net Banking,99
ATQCUS0009,August,Others,Credit Card,282
ATQCUS0009,August,Others,UPI,352
ATQCUS0009,August,Others,Debit Card,108
ATQCUS0009,August,Others,Net Banking,202
ATQCUS0009,September,Bills,Credit Card,1738
ATQCUS0009,September,Bills,UPI,2015
ATQCUS0009,September,Bills,Debit Card,1020
ATQCUS0009,September,Bills,Net Banking,843
ATQCUS0009,September,Groceries,Credit Card,2264
ATQCUS0009,September,Groceries,UPI,852
ATQCUS0009,September,Groceries,Debit Card,320
ATQCUS0009,September,Groceries,Net Banking,1460
ATQCUS0009,September,Electronics,Credit Card,2047
ATQCUS0009,September,Electronics,UPI,703
ATQCUS0009,September,Electronics,Debit Card,678
ATQCUS0009,September,Electronics,Net Banking,280
ATQCUS0009,September,Health & Wellness,Credit Card,517
ATQCUS0009,September,Health & Wellness,UPI,2289
ATQCUS0009,September,Health & Wellness,Debit Card,986
ATQCUS0009,September,Health & Wellness,Net Banking,399
ATQCUS0009,September,Travel,Credit Card,533
ATQCUS0009,September,Travel,UPI,1141
ATQCUS0009,September,Travel,Debit Card,450
ATQCUS0009,September,Travel,Net Banking,375
ATQCUS0009,September,Food,Credit Card,628
ATQCUS0009,September,Food,UPI,596
ATQCUS0009,September,Food,Debit Card,266
ATQCUS0009,September,Food,Net Banking,148
ATQCUS0009,September,Entertainment,Credit Card,1436
ATQCUS0009,September,Entertainment,UPI,304
ATQCUS0009,September,Entertainment,Debit Card,655
ATQCUS0009,September,Entertainment,Net Banking,231
ATQCUS0009,September,Apparel,Credit Card,654
ATQCUS0009,September,Apparel,UPI,1993
ATQCUS0009,September,Apparel,Debit Card,442
ATQCUS0009,September,Apparel,Net Banking,76
ATQCUS0009,September,Others,Credit Card,595
ATQCUS0009,September,Others,UPI,1393
ATQCUS0009,September,Others,Debit Card,59
ATQCUS0009,September,Others,Net Banking,119
ATQCUS0009,October,Bills,Credit Card,1358
ATQCUS0009,October,Bills,UPI,823
ATQCUS0009,October,Bills,Debit Card,524
ATQCUS0009,October,Bills,Net Banking,493
ATQCUS0009,October,Groceries,Credit Card,2050
ATQCUS0009,October,Groceries,UPI,861
ATQCUS0009,October,Groceries,Debit Card,51
ATQCUS0009,October,Groceries,Net Banking,97
ATQCUS0009,October,Electronics,Credit Card,1619
ATQCUS0009,October,Electronics,UPI,1536
ATQCUS0009,October,Electronics,Debit Card,660
ATQCUS0009,October,Electronics,Net Banking,643
ATQCUS0009,October,Health & Wellness,Credit Card,1616
ATQCUS0009,October,Health & Wellness,UPI,2133
ATQCUS0009,October,Health & Wellness,Debit Card,1183
ATQCUS0009,October,Health & Wellness,Net Banking,191
ATQCUS0009,October,Travel,Credit Card,468
ATQCUS0009,October,Travel,UPI,83
ATQCUS0009,October,Travel,Debit Card,320
ATQCUS0009,October,Travel,Net Banking,392
ATQCUS0009,October,Food,Credit Card,1311
ATQCUS0009,October,Food,UPI,366
ATQCUS0009,October,Food,Debit Card,426
ATQCUS0009,October,Food,Net Banking,248
ATQCUS0009,October,Entertainment,Credit Card,460
ATQCUS0009,October,Entertainment,UPI,97
ATQCUS0009,October,Entertainment,Debit Card,874
ATQCUS0009,October,Entertainment,Net Banking,322
ATQCUS0009,October,Apparel,Credit Card,1556
ATQCUS0009,October,Apparel,UPI,1290
ATQCUS0009,October,Apparel,Debit Card,319
ATQCUS0009,October,Apparel,Net Banking,115
ATQCUS0009,October,Others,Credit Card,407
ATQCUS0009,October,Others,UPI,82
ATQCUS0009,October,Others,Debit Card,540
ATQCUS0009,October,Others,Net Banking,91
ATQCUS0010,May,Bills,Credit Card,2244
ATQCUS0010,May,Bills,UPI,1969
ATQCUS0010,May,Bills,Debit Card,1224
ATQCUS0010,May,Bills,Net Banking,425
ATQCUS0010,May,Groceries,Credit Card,7908
ATQCUS0010,May,Groceries,UPI,1130
ATQCUS0010,May,Groceries,Debit Card,1285
ATQCUS0010,May,Groceries,Net Banking,149
ATQCUS0010,May,Electronics,Credit Card,1057
ATQCUS0010,May,Electronics,UPI,1730
ATQCUS0010,May,Electronics,Debit Card,425
ATQCUS0010,May,Electronics,Net Banking,541
ATQCUS0010,May,Health & Wellness,Credit Card,1287
ATQCUS0010,May,Health & Wellness,UPI,1098
ATQCUS0010,May,Health & Wellness,Debit Card,844
ATQCUS0010,May,Health & Wellness,Net Banking,205
ATQCUS0010,May,Travel,Credit Card,645
ATQCUS0010,May,Travel,UPI,1528
ATQCUS0010,May,Travel,Debit Card,378
ATQCUS0010,May,Travel,Net Banking,328
ATQCUS0010,May,Food,Credit Card,814
ATQCUS0010,May,Food,UPI,961
ATQCUS0010,May,Food,Debit Card,306
ATQCUS0010,May,Food,Net Banking,333
ATQCUS0010,May,Entertainment,Credit Card,4397
ATQCUS0010,May,Entertainment,UPI,564
ATQCUS0010,May,Entertainment,Debit Card,417
ATQCUS0010,May,Entertainment,Net Banking,156
ATQCUS0010,May,Apparel,Credit Card,268
ATQCUS0010,May,Apparel,UPI,747
ATQCUS0010,May,Apparel,Debit Card,1097
ATQCUS0010,May,Apparel,Net Banking,262
ATQCUS0010,May,Others,Credit Card,351
ATQCUS0010,May,Others,UPI,263
ATQCUS0010,May,Others,Debit Card,279
ATQCUS0010,May,Others,Net Banking,226
ATQCUS0010,June,Bills,Credit Card,1221
ATQCUS0010,June,Bills,UPI,878
ATQCUS0010,June,Bills,Debit Card,761
ATQCUS0010,June,Bills,Net Banking,130
ATQCUS0010,June,Groceries,Credit Card,3716
ATQCUS0010,June,Groceries,UPI,1941
ATQCUS0010,June,Groceries,Debit Card,865
ATQCUS0010,June,Groceries,Net Banking,260
ATQCUS0010,June,Electronics,Credit Card,2235
ATQCUS0010,June,Electronics,UPI,747
ATQCUS0010,June,Electronics,Debit Card,69
ATQCUS0010,June,Electronics,Net Banking,643
ATQCUS0010,June,Health & Wellness,Credit Card,3492
ATQCUS0010,June,Health & Wellness,UPI,2979
ATQCUS0010,June,Health & Wellness,Debit Card,729
ATQCUS0010,June,Health & Wellness,Net Banking,932
ATQCUS0010,June,Travel,Credit Card,774
ATQCUS0010,June,Travel,UPI,1291
ATQCUS0010,June,Travel,Debit Card,424
ATQCUS0010,June,Travel,Net Banking,225
ATQCUS0010,June,Food,Credit Card,1549
ATQCUS0010,June,Food,UPI,328
ATQCUS0010,June,Food,Debit Card,331
ATQCUS0010,June,Food,Net Banking,383
ATQCUS0010,June,Entertainment,Credit Card,950
ATQCUS0010,June,Entertainment,UPI,410
ATQCUS0010,June,Entertainment,Debit Card,187
ATQCUS0010,June,Entertainment,Net Banking,326
ATQCUS0010,June,Apparel,Credit Card,1300
ATQCUS0010,June,Apparel,UPI,695
ATQCUS0010,June,Apparel,Debit Card,260
ATQCUS0010,June,Apparel,Net Banking,342
ATQCUS0010,June,Others,Credit Card,78
ATQCUS0010,June,Others,UPI,406
ATQCUS0010,June,Others,Debit Card,573
ATQCUS0010,June,Others,Net Banking,221
ATQCUS0010,July,Bills,Credit Card,369
ATQCUS0010,July,Bills,UPI,1473
ATQCUS0010,July,Bills,Debit Card,1656
ATQCUS0010,July,Bills,Net Banking,1072
ATQCUS0010,July,Groceries,Credit Card,2411
ATQCUS0010,July,Groceries,UPI,590
ATQCUS0010,July,Groceries,Debit Card,357
ATQCUS0010,July,Groceries,Net Banking,247
ATQCUS0010,July,Electronics,Credit Card,1639
ATQCUS0010,July,Electronics,UPI,240
ATQCUS0010,July,Electronics,Debit Card,611
ATQCUS0010,July,Electronics,Net Banking,921
ATQCUS0010,July,Health & Wellness,Credit Card,1257
ATQCUS0010,July,Health & Wellness,UPI,1065
ATQCUS0010,July,Health & Wellness,Debit Card,113
ATQCUS0010,July,Health & Wellness,Net Banking,405
ATQCUS0010,July,Travel,Credit Card,2159
ATQCUS0010,July,Travel,UPI,484
ATQCUS0010,July,Travel,Debit Card,254
ATQCUS0010,July,Travel,Net Banking,261
ATQCUS0010,July,Food,Credit Card,1482
ATQCUS0010,July,Food,UPI,130
ATQCUS0010,July,Food,Debit Card,274
ATQCUS0010,July,Food,Net Banking,224
ATQCUS0010,July,Entertainment,Credit Card,104
ATQCUS0010,July,Entertainment,UPI,611
ATQCUS0010,July,Entertainment,Debit Card,839
ATQCUS0010,July,Entertainment,Net Banking,188
ATQCUS0010,July,Apparel,Credit Card,369
ATQCUS0010,July,Apparel,UPI,486
ATQCUS0010,July,Apparel,Debit Card,526
ATQCUS0010,July,Apparel,Net Banking,377
ATQCUS0010,July,Others,Credit Card,406
ATQCUS0010,July,Others,UPI,814
ATQCUS0010,July,Others,Debit Card,237
ATQCUS0010,July,Others,Net Banking,212
ATQCUS0010,August,Bills,Credit Card,1325
ATQCUS0010,August,Bills,UPI,1499
ATQCUS0010,August,Bills,Debit Card,489
ATQCUS0010,August,Bills,Net Banking,275
ATQCUS0010,August,Groceries,Credit Card,2253
ATQCUS0010,August,Groceries,UPI,922
ATQCUS0010,August,Groceries,Debit Card,264
ATQCUS0010,August,Groceries,Net Banking,1118
ATQCUS0010,August,Electronics,Credit Card,356
ATQCUS0010,August,Electronics,UPI,1103
ATQCUS0010,August,Electronics,Debit Card,394
ATQCUS0010,August,Electronics,Net Banking,475
ATQCUS0010,August,Health & Wellness,Credit Card,1778
ATQCUS0010,August,Health & Wellness,UPI,262
ATQCUS0010,August,Health & Wellness,Debit Card,489
ATQCUS0010,August,Health & Wellness,Net Banking,245
ATQCUS0010,August,Travel,Credit Card,410
ATQCUS0010,August,Travel,UPI,322
ATQCUS0010,August,Travel,Debit Card,415
ATQCUS0010,August,Travel,Net Banking,308
ATQCUS0010,August,Food,Credit Card,68
ATQCUS0010,August,Food,UPI,160
ATQCUS0010,August,Food,Debit Card,337
ATQCUS0010,August,Food,Net Banking,393
ATQCUS0010,August,Entertainment,Credit Card,1047
ATQCUS0010,August,Entertainment,UPI,327
ATQCUS0010,August,Entertainment,Debit Card,202
ATQCUS0010,August,Entertainment,Net Banking,400
ATQCUS0010,August,Apparel,Credit Card,641
ATQCUS0010,August,Apparel,UPI,475
ATQCUS0010,August,Apparel,Debit Card,247
ATQCUS0010,August,Apparel,Net Banking,227
ATQCUS0010,August,Others,Credit Card,232
ATQCUS0010,August,Others,UPI,355
ATQCUS0010,August,Others,Debit Card,669
ATQCUS0010,August,Others,Net Banking,156
ATQCUS0010,September,Bills,Credit Card,1163
ATQCUS0010,September,Bills,UPI,1165
ATQCUS0010,September,Bills,Debit Card,2749
ATQCUS0010,September,Bills,Net Banking,1990
ATQCUS0010,September,Groceries,Credit Card,2220
ATQCUS0010,September,Groceries,UPI,1235
ATQCUS0010,September,Groceries,Debit Card,1103
ATQCUS0010,September,Groceries,Net Banking,380
ATQCUS0010,September,Electronics,Credit Card,5000
ATQCUS0010,September,Electronics,UPI,120
ATQCUS0010,September,Electronics,Debit Card,1937
ATQCUS0010,September,Electronics,Net Banking,508
ATQCUS0010,September,Health & Wellness,Credit Card,298
ATQCUS0010,September,Health & Wellness,UPI,291
ATQCUS0010,September,Health & Wellness,Debit Card,313
ATQCUS0010,September,Health & Wellness,Net Banking,195
ATQCUS0010,September,Travel,Credit Card,781
ATQCUS0010,September,Travel,UPI,1114
ATQCUS0010,September,Travel,Debit Card,293
ATQCUS0010,September,Travel,Net Banking,663
ATQCUS0010,September,Food,Credit Card,494
ATQCUS0010,September,Food,UPI,327
ATQCUS0010,September,Food,Debit Card,329
ATQCUS0010,September,Food,Net Banking,404
ATQCUS0010,September,Entertainment,Credit Card,1039
ATQCUS0010,September,Entertainment,UPI,1252
ATQCUS0010,September,Entertainment,Debit Card,540
ATQCUS0010,September,Entertainment,Net Banking,123
ATQCUS0010,September,Apparel,Credit Card,442
ATQCUS0010,September,Apparel,UPI,782
ATQCUS0010,September,Apparel,Debit Card,958
ATQCUS0010,September,Apparel,Net Banking,101
ATQCUS0010,September,Others,Credit Card,914
ATQCUS0010,September,Others,UPI,313
ATQCUS0010,September,Others,Debit Card,292
ATQCUS0010,September,Others,Net Banking,149
ATQCUS0010,October,Bills,Credit Card,4208
ATQCUS0010,October,Bills,UPI,2305
ATQCUS0010,October,Bills,Debit Card,776
ATQCUS0010,October,Bills,Net Banking,447
ATQCUS0010,October,Groceries,Credit Card,492
ATQCUS0010,October,Groceries,UPI,1211
ATQCUS0010,October,Groceries,Debit Card,1852
ATQCUS0010,October,Groceries,Net Banking,272
ATQCUS0010,October,Electronics,Credit Card,3208
ATQCUS0010,October,Electronics,UPI,2790
ATQCUS0010,October,Electronics,Debit Card,406
ATQCUS0010,October,Electronics,Net Banking,578
ATQCUS0010,October,Health & Wellness,Credit Card,1506
ATQCUS0010,October,Health & Wellness,UPI,651
ATQCUS0010,October,Health & Wellness,Debit Card,491
ATQCUS0010,October,Health & Wellness,Net Banking,329
ATQCUS0010,October,Travel,Credit Card,1365
ATQCUS0010,October,Travel,UPI,867
ATQCUS0010,October,Travel,Debit Card,806
ATQCUS0010,October,Travel,Net Banking,965
ATQCUS0010,October,Food,Credit Card,595
ATQCUS0010,October,Food,UPI,71
ATQCUS0010,October,Food,Debit Card,353
ATQCUS0010,October,Food,Net Banking,80
ATQCUS0010,October,Entertainment,Credit Card,997
ATQCUS0010,October,Entertainment,UPI,1057
ATQCUS0010,October,Entertainment,Debit Card,241
ATQCUS0010,October,Entertainment,Net Banking,439
ATQCUS0010,October,Apparel,Credit Card,2421
ATQCUS0010,October,Apparel,UPI,232
ATQCUS0010,October,Apparel,Debit Card,602
ATQCUS0010,October,Apparel,Net Banking,155
ATQCUS0010,October,Others,Credit Card,301
ATQCUS0010,October,Others,UPI,864
ATQCUS0010,October,Others,Debit Card,215
ATQCUS0010,October,Others,Net Banking,330
ATQCUS0011,May,Bills,Credit Card,1362
ATQCUS0011,May,Bills,UPI,454
ATQCUS0011,May,Bills,Debit Card,500
ATQCUS0011,May,Bills,Net Banking,149
ATQCUS0011,May,Groceries,Credit Card,227
ATQCUS0011,May,Groceries,UPI,1983
ATQCUS0011,May,Groceries,Debit Card,194
ATQCUS0011,May,Groceries,Net Banking,390
ATQCUS0011,May,Electronics,Credit Card,438
ATQCUS0011,May,Electronics,UPI,542
ATQCUS0011,May,Electronics,Debit Card,351
ATQCUS0011,May,Electronics,Net Banking,82
ATQCUS0011,May,Health & Wellness,Credit Card,840
ATQCUS0011,May,Health & Wellness,UPI,126
ATQCUS0011,May,Health & Wellness,Debit Card,325
ATQCUS0011,May,Health & Wellness,Net Banking,131
ATQCUS0011,May,Travel,Credit Card,660
ATQCUS0011,May,Travel,UPI,780
ATQCUS0011,May,Travel,Debit Card,305
ATQCUS0011,May,Travel,Net Banking,44
ATQCUS0011,May,Food,Credit Card,662
ATQCUS0011,May,Food,UPI,212
ATQCUS0011,May,Food,Debit Card,456
ATQCUS0011,May,Food,Net Banking,175
ATQCUS0011,May,Entertainment,Credit Card,809
ATQCUS0011,May,Entertainment,UPI,74
ATQCUS0011,May,Entertainment,Debit Card,143
ATQCUS0011,May,Entertainment,Net Banking,105
ATQCUS0011,May,Apparel,Credit Card,339
ATQCUS0011,May,Apparel,UPI,152
ATQCUS0011,May,Apparel,Debit Card,249
ATQCUS0011,May,Apparel,Net Banking,151
ATQCUS0011,May,Others,Credit Card,473
ATQCUS0011,May,Others,UPI,578
ATQCUS0011,May,Others,Debit Card,173
ATQCUS0011,May,Others,Net Banking,65
ATQCUS0011,June,Bills,Credit Card,441
ATQCUS0011,June,Bills,UPI,964
ATQCUS0011,June,Bills,Debit Card,327
ATQCUS0011,June,Bills,Net Banking,537
ATQCUS0011,June,Groceries,Credit Card,2283
ATQCUS0011,June,Groceries,UPI,469
ATQCUS0011,June,Groceries,Debit Card,356
ATQCUS0011,June,Groceries,Net Banking,321
ATQCUS0011,June,Electronics,Credit Card,220
ATQCUS0011,June,Electronics,UPI,3623
ATQCUS0011,June,Electronics,Debit Card,266
ATQCUS0011,June,Electronics,Net Banking,506
ATQCUS0011,June,Health & Wellness,Credit Card,70
ATQCUS0011,June,Health & Wellness,UPI,690
ATQCUS0011,June,Health & Wellness,Debit Card,656
ATQCUS0011,June,Health & Wellness,Net Banking,266
ATQCUS0011,June,Travel,Credit Card,563
ATQCUS0011,June,Travel,UPI,412
ATQCUS0011,June,Travel,Debit Card,355
ATQCUS0011,June,Travel,Net Banking,282
ATQCUS0011,June,Food,Credit Card,548
ATQCUS0011,June,Food,UPI,59
ATQCUS0011,June,Food,Debit Card,273
ATQCUS0011,June,Food,Net Banking,420
ATQCUS0011,June,Entertainment,Credit Card,1390
ATQCUS0011,June,Entertainment,UPI,28
ATQCUS0011,June,Entertainment,Debit Card,448
ATQCUS0011,June,Entertainment,Net Banking,184
ATQCUS0011,June,Apparel,Credit Card,609
ATQCUS0011,June,Apparel,UPI,200
ATQCUS0011,June,Apparel,Debit Card,71
ATQCUS0011,June,Apparel,Net Banking,159
ATQCUS0011,June,Others,Credit Card,294
ATQCUS0011,June,Others,UPI,269
ATQCUS0011,June,Others,Debit Card,123
ATQCUS0011,June,Others,Net Banking,144
ATQCUS0011,July,Bills,Credit Card,447
ATQCUS0011,July,Bills,UPI,132
ATQCUS0011,July,Bills,Debit Card,879
ATQCUS0011,July,Bills,Net Banking,197
ATQCUS0011,July,Groceries,Credit Card,2963
ATQCUS0011,July,Groceries,UPI,1575
ATQCUS0011,July,Groceries,Debit Card,177
ATQCUS0011,July,Groceries,Net Banking,298
ATQCUS0011,July,Electronics,Credit Card,1118
ATQCUS0011,July,Electronics,UPI,206
ATQCUS0011,July,Electronics,Debit Card,1086
ATQCUS0011,July,Electronics,Net Banking,314
ATQCUS0011,July,Health & Wellness,Credit Card,328
ATQCUS0011,July,Health & Wellness,UPI,157
ATQCUS0011,July,Health & Wellness,Debit Card,283
ATQCUS0011,July,Health & Wellness,Net Banking,98
ATQCUS0011,July,Travel,Credit Card,189
ATQCUS0011,July,Travel,UPI,945
ATQCUS0011,July,Travel,Debit Card,227
ATQCUS0011,July,Travel,Net Banking,742
ATQCUS0011,July,Food,Credit Card,571
ATQCUS0011,July,Food,UPI,366
ATQCUS0011,July,Food,Debit Card,128
ATQCUS0011,July,Food,Net Banking,193
ATQCUS0011,July,Entertainment,Credit Card,719
ATQCUS0011,July,Entertainment,UPI,738
ATQCUS0011,July,Entertainment,Debit Card,304
ATQCUS0011,July,Entertainment,Net Banking,225
ATQCUS0011,July,Apparel,Credit Card,1505
ATQCUS0011,July,Apparel,UPI,303
ATQCUS0011,July,Apparel,Debit Card,371
ATQCUS0011,July,Apparel,Net Banking,172
ATQCUS0011,July,Others,Credit Card,168
ATQCUS0011,July,Others,UPI,205
ATQCUS0011,July,Others,Debit Card,111
ATQCUS0011,July,Others,Net Banking,243
ATQCUS0011,August,Bills,Credit Card,4003
ATQCUS0011,August,Bills,UPI,930
ATQCUS0011,August,Bills,Debit Card,159
ATQCUS0011,August,Bills,Net Banking,78
ATQCUS0011,August,Groceries,Credit Card,295
ATQCUS0011,August,Groceries,UPI,439
ATQCUS0011,August,Groceries,Debit Card,963
ATQCUS0011,August,Groceries,Net Banking,246
ATQCUS0011,August,Electronics,Credit Card,3331
ATQCUS0011,August,Electronics,UPI,1633
ATQCUS0011,August,Electronics,Debit Card,544
ATQCUS0011,August,Electronics,Net Banking,550
ATQCUS0011,August,Health & Wellness,Credit Card,716
ATQCUS0011,August,Health & Wellness,UPI,848
ATQCUS0011,August,Health & Wellness,Debit Card,43
ATQCUS0011,August,Health & Wellness,Net Banking,654
ATQCUS0011,August,Travel,Credit Card,1021
ATQCUS0011,August,Travel,UPI,1588
ATQCUS0011,August,Travel,Debit Card,434
ATQCUS0011,August,Travel,Net Banking,308
ATQCUS0011,August,Food,Credit Card,460
ATQCUS0011,August,Food,UPI,208
ATQCUS0011,August,Food,Debit Card,448
ATQCUS0011,August,Food,Net Banking,254
ATQCUS0011,August,Entertainment,Credit Card,181
ATQCUS0011,August,Entertainment,UPI,318
ATQCUS0011,August,Entertainment,Debit Card,484
ATQCUS0011,August,Entertainment,Net Banking,172
ATQCUS0011,August,Apparel,Credit Card,626
ATQCUS0011,August,Apparel,UPI,1160
ATQCUS0011,August,Apparel,Debit Card,285
ATQCUS0011,August,Apparel,Net Banking,615
ATQCUS0011,August,Others,Credit Card,234
ATQCUS0011,August,Others,UPI,419
ATQCUS0011,August,Others,Debit Card,52
ATQCUS0011,August,Others,Net Banking,52
ATQCUS0011,September,Bills,Credit Card,958
ATQCUS0011,September,Bills,UPI,513
ATQCUS0011,September,Bills,Debit Card,786
ATQCUS0011,September,Bills,Net Banking,740
ATQCUS0011,September,Groceries,Credit Card,2173
ATQCUS0011,September,Groceries,UPI,1866
ATQCUS0011,September,Groceries,Debit Card,868
ATQCUS0011,September,Groceries,Net Banking,605
ATQCUS0011,September,Electronics,Credit Card,1326
ATQCUS0011,September,Electronics,UPI,2114
ATQCUS0011,September,Electronics,Debit Card,525
ATQCUS0011,September,Electronics,Net Banking,521
ATQCUS0011,September,Health & Wellness,Credit Card,399
ATQCUS0011,September,Health & Wellness,UPI,1138
ATQCUS0011,September,Health & Wellness,Debit Card,595
ATQCUS0011,September,Health & Wellness,Net Banking,86
ATQCUS0011,September,Travel,Credit Card,336
ATQCUS0011,September,Travel,UPI,353
ATQCUS0011,September,Travel,Debit Card,326
ATQCUS0011,September,Travel,Net Banking,66
ATQCUS0011,September,Food,Credit Card,353
ATQCUS0011,September,Food,UPI,401
ATQCUS0011,September,Food,Debit Card,515
ATQCUS0011,September,Food,Net Banking,247
ATQCUS0011,September,Entertainment,Credit Card,669
ATQCUS0011,September,Entertainment,UPI,1053
ATQCUS0011,September,Entertainment,Debit Card,1184
ATQCUS0011,September,Entertainment,Net Banking,291
ATQCUS0011,September,Apparel,Credit Card,558
ATQCUS0011,September,Apparel,UPI,475
ATQCUS0011,September,Apparel,Debit Card,131
ATQCUS0011,September,Apparel,Net Banking,74
ATQCUS0011,September,Others,Credit Card,623
ATQCUS0011,September,Others,UPI,62
ATQCUS0011,September,Others,Debit Card,146
ATQCUS0011,September,Others,Net Banking,147
ATQCUS0011,October,Bills,Credit Card,468
ATQCUS0011,October,Bills,UPI,509
ATQCUS0011,October,Bills,Debit Card,203
ATQCUS0011,October,Bills,Net Banking,211
ATQCUS0011,October,Groceries,Credit Card,439
ATQCUS0011,October,Groceries,UPI,834
ATQCUS0011,October,Groceries,Debit Card,1114
ATQCUS0011,October,Groceries,Net Banking,385
ATQCUS0011,October,Electronics,Credit Card,1645
ATQCUS0011,October,Electronics,UPI,198
ATQCUS0011,October,Electronics,Debit Card,606
ATQCUS0011,October,Electronics,Net Banking,163
ATQCUS0011,October,Health & Wellness,Credit Card,374
ATQCUS0011,October,Health & Wellness,UPI,898
ATQCUS0011,October,Health & Wellness,Debit Card,537
ATQCUS0011,October,Health & Wellness,Net Banking,230
ATQCUS0011,October,Travel,Credit Card,352
ATQCUS0011,October,Travel,UPI,558
ATQCUS0011,October,Travel,Debit Card,668
ATQCUS0011,October,Travel,Net Banking,465
ATQCUS0011,October,Food,Credit Card,549
ATQCUS0011,October,Food,UPI,357
ATQCUS0011,October,Food,Debit Card,112
ATQCUS0011,October,Food,Net Banking,558
ATQCUS0011,October,Entertainment,Credit Card,1009
ATQCUS0011,October,Entertainment,UPI,388
ATQCUS0011,October,Entertainment,Debit Card,167
ATQCUS0011,October,Entertainment,Net Banking,353
ATQCUS0011,October,Apparel,Credit Card,196
ATQCUS0011,October,Apparel,UPI,94
ATQCUS0011,October,Apparel,Debit Card,168
ATQCUS0011,October,Apparel,Net Banking,91
ATQCUS0011,October,Others,Credit Card,118
ATQCUS0011,October,Others,UPI,883
ATQCUS0011,October,Others,Debit Card,503
ATQCUS0011,October,Others,Net Banking,132
ATQCUS0012,May,Bills,Credit Card,827
ATQCUS0012,May,Bills,UPI,476
ATQCUS0012,May,Bills,Debit Card,159
ATQCUS0012,May,Bills,Net Banking,976
ATQCUS0012,May,Groceries,Credit Card,1189
ATQCUS0012,May,Groceries,UPI,248
ATQCUS0012,May,Groceries,Debit Card,834
ATQCUS0012,May,Groceries,Net Banking,464
ATQCUS0012,May,Electronics,Credit Card,780
ATQCUS0012,May,Electronics,UPI,433
ATQCUS0012,May,Electronics,Debit Card,540
ATQCUS0012,May,Electronics,Net Banking,293
ATQCUS0012,May,Health & Wellness,Credit Card,348
ATQCUS0012,May,Health & Wellness,UPI,368
ATQCUS0012,May,Health & Wellness,Debit Card,582
ATQCUS0012,May,Health & Wellness,Net Banking,177
ATQCUS0012,May,Travel,Credit Card,553
ATQCUS0012,May,Travel,UPI,1249
ATQCUS0012,May,Travel,Debit Card,109
ATQCUS0012,May,Travel,Net Banking,555
ATQCUS0012,May,Food,Credit Card,1088
ATQCUS0012,May,Food,UPI,293
ATQCUS0012,May,Food,Debit Card,390
ATQCUS0012,May,Food,Net Banking,165
ATQCUS0012,May,Entertainment,Credit Card,933
ATQCUS0012,May,Entertainment,UPI,756
ATQCUS0012,May,Entertainment,Debit Card,282
ATQCUS0012,May,Entertainment,Net Banking,92
ATQCUS0012,May,Apparel,Credit Card,527
ATQCUS0012,May,Apparel,UPI,214
ATQCUS0012,May,Apparel,Debit Card,179
ATQCUS0012,May,Apparel,Net Banking,158
ATQCUS0012,May,Others,Credit Card,835
ATQCUS0012,May,Others,UPI,113
ATQCUS0012,May,Others,Debit Card,80
ATQCUS0012,May,Others,Net Banking,228
ATQCUS0012,June,Bills,Credit Card,2954
ATQCUS0012,June,Bills,UPI,1774
ATQCUS0012,June,Bills,Debit Card,287
ATQCUS0012,June,Bills,Net Banking,691
ATQCUS0012,June,Groceries,Credit Card,445
ATQCUS0012,June,Groceries,UPI,827
ATQCUS0012,June,Groceries,Debit Card,1122
ATQCUS0012,June,Groceries,Net Banking,787
ATQCUS0012,June,Electronics,Credit Card,760
ATQCUS0012,June,Electronics,UPI,245
ATQCUS0012,June,Electronics,Debit Card,831
ATQCUS0012,June,Electronics,Net Banking,260
ATQCUS0012,June,Health & Wellness,Credit Card,1441
ATQCUS0012,June,Health & Wellness,UPI,406
ATQCUS0012,June,Health & Wellness,Debit Card,1231
ATQCUS0012,June,Health & Wellness,Net Banking,462
ATQCUS0012,June,Travel,Credit Card,1086
ATQCUS0012,June,Travel,UPI,1778
ATQCUS0012,June,Travel,Debit Card,651
ATQCUS0012,June,Travel,Net Banking,226
ATQCUS0012,June,Food,Credit Card,480
ATQCUS0012,June,Food,UPI,1214
ATQCUS0012,June,Food,Debit Card,218
ATQCUS0012,June,Food,Net Banking,46
ATQCUS0012,June,Entertainment,Credit Card,1186
ATQCUS0012,June,Entertainment,UPI,513
ATQCUS0012,June,Entertainment,Debit Card,155
ATQCUS0012,June,Entertainment,Net Banking,87
ATQCUS0012,June,Apparel,Credit Card,1670
ATQCUS0012,June,Apparel,UPI,85
ATQCUS0012,June,Apparel,Debit Card,338
ATQCUS0012,June,Apparel,Net Banking,356
ATQCUS0012,June,Others,Credit Card,323
ATQCUS0012,June,Others,UPI,425
ATQCUS0012,June,Others,Debit Card,84
ATQCUS0012,June,Others,Net Banking,59
ATQCUS0012,July,Bills,Credit Card,1585
ATQCUS0012,July,Bills,UPI,673
ATQCUS0012,July,Bills,Debit Card,911
ATQCUS0012,July,Bills,Net Banking,306
ATQCUS0012,July,Groceries,Credit Card,1196
ATQCUS0012,July,Groceries,UPI,963
ATQCUS0012,July,Groceries,Debit Card,293
ATQCUS0012,July,Groceries,Net Banking,457
ATQCUS0012,July,Electronics,Credit Card,783
ATQCUS0012,July,Electronics,UPI,415
ATQCUS0012,July,Electronics,Debit Card,685
ATQCUS0012,July,Electronics,Net Banking,178
ATQCUS0012,July,Health & Wellness,Credit Card,59
ATQCUS0012,July,Health & Wellness,UPI,174
ATQCUS0012,July,Health & Wellness,Debit Card,291
ATQCUS0012,July,Health & Wellness,Net Banking,92
ATQCUS0012,July,Travel,Credit Card,1164
ATQCUS0012,July,Travel,UPI,269
ATQCUS0012,July,Travel,Debit Card,232
ATQCUS0012,July,Travel,Net Banking,162
ATQCUS0012,July,Food,Credit Card,1090
ATQCUS0012,July,Food,UPI,136
ATQCUS0012,July,Food,Debit Card,567
ATQCUS0012,July,Food,Net Banking,160
ATQCUS0012,July,Entertainment,Credit Card,745
ATQCUS0012,July,Entertainment,UPI,198
ATQCUS0012,July,Entertainment,Debit Card,190
ATQCUS0012,July,Entertainment,Net Banking,177
ATQCUS0012,July,Apparel,Credit Card,61
ATQCUS0012,July,Apparel,UPI,282
ATQCUS0012,July,Apparel,Debit Card,285
ATQCUS0012,July,Apparel,Net Banking,85
ATQCUS0012,July,Others,Credit Card,234
ATQCUS0012,July,Others,UPI,287
ATQCUS0012,July,Others,Debit Card,371
ATQCUS0012,July,Others,Net Banking,68
ATQCUS0012,August,Bills,Credit Card,1660
ATQCUS0012,August,Bills,UPI,362
ATQCUS0012,August,Bills,Debit Card,1038
ATQCUS0012,August,Bills,Net Banking,129
ATQCUS0012,August,Groceries,Credit Card,2426
ATQCUS0012,August,Groceries,UPI,1039
ATQCUS0012,August,Groceries,Debit Card,201
ATQCUS0012,August,Groceries,Net Banking,801
ATQCUS0012,August,Electronics,Credit Card,1036
ATQCUS0012,August,Electronics,UPI,366
ATQCUS0012,August,Electronics,Debit Card,385
ATQCUS0012,August,Electronics,Net Banking,272
ATQCUS0012,August,Health & Wellness,Credit Card,1478
ATQCUS0012,August,Health & Wellness,UPI,622
ATQCUS0012,August,Health & Wellness,Debit Card,556
ATQCUS0012,August,Health & Wellness,Net Banking,331
ATQCUS0012,August,Travel,Credit Card,359
ATQCUS0012,August,Travel,UPI,784
ATQCUS0012,August,Travel,Debit Card,229
ATQCUS0012,August,Travel,Net Banking,91
ATQCUS0012,August,Food,Credit Card,604
ATQCUS0012,August,Food,UPI,323
ATQCUS0012,August,Food,Debit Card,307
ATQCUS0012,August,Food,Net Banking,386
ATQCUS0012,August,Entertainment,Credit Card,475
ATQCUS0012,August,Entertainment,UPI,742
ATQCUS0012,August,Entertainment,Debit Card,233
ATQCUS0012,August,Entertainment,Net Banking,419
ATQCUS0012,August,Apparel,Credit Card,512
ATQCUS0012,August,Apparel,UPI,722
ATQCUS0012,August,Apparel,Debit Card,780
ATQCUS0012,August,Apparel,Net Banking,113
ATQCUS0012,August,Others,Credit Card,193
ATQCUS0012,August,Others,UPI,90
ATQCUS0012,August,Others,Debit Card,134
ATQCUS0012,August,Others,Net Banking,138
ATQCUS0012,September,Bills,Credit Card,1947
ATQCUS0012,September,Bills,UPI,2196
ATQCUS0012,September,Bills,Debit Card,978
ATQCUS0012,September,Bills,Net Banking,1125
ATQCUS0012,September,Groceries,Credit Card,1652
ATQCUS0012,September,Groceries,UPI,759
ATQCUS0012,September,Groceries,Debit Card,106
ATQCUS0012,September,Groceries,Net Banking,205
ATQCUS0012,September,Electronics,Credit Card,1155
ATQCUS0012,September,Electronics,UPI,262
ATQCUS0012,September,Electronics,Debit Card,1893
ATQCUS0012,September,Electronics,Net Banking,619
ATQCUS0012,September,Health & Wellness,Credit Card,3100
ATQCUS0012,September,Health & Wellness,UPI,78
ATQCUS0012,September,Health & Wellness,Debit Card,452
ATQCUS0012,September,Health & Wellness,Net Banking,303
ATQCUS0012,September,Travel,Credit Card,1746
ATQCUS0012,September,Travel,UPI,386
ATQCUS0012,September,Travel,Debit Card,182
ATQCUS0012,September,Travel,Net Banking,308
ATQCUS0012,September,Food,Credit Card,186
ATQCUS0012,September,Food,UPI,322
ATQCUS0012,September,Food,Debit Card,300
ATQCUS0012,September,Food,Net Banking,109
ATQCUS0012,September,Entertainment,Credit Card,1665
ATQCUS0012,September,Entertainment,UPI,448
ATQCUS0012,September,Entertainment,Debit Card,220
ATQCUS0012,September,Entertainment,Net Banking,66
ATQCUS0012,September,Apparel,Credit Card,1251
ATQCUS0012,September,Apparel,UPI,572
ATQCUS0012,September,Apparel,Debit Card,158
ATQCUS0012,September,Apparel,Net Banking,84
ATQCUS0012,September,Others,Credit Card,167
ATQCUS0012,September,Others,UPI,295
ATQCUS0012,September,Others,Debit Card,99
ATQCUS0012,September,Others,Net Banking,197
ATQCUS0012,October,Bills,Credit Card,2260
ATQCUS0012,October,Bills,UPI,846
ATQCUS0012,October,Bills,Debit Card,282
ATQCUS0012,October,Bills,Net Banking,143
ATQCUS0012,October,Groceries,Credit Card,1270
ATQCUS0012,October,Groceries,UPI,1305
ATQCUS0012,October,Groceries,Debit Card,648
ATQCUS0012,October,Groceries,Net Banking,163
ATQCUS0012,October,Electronics,Credit Card,2062
ATQCUS0012,October,Electronics,UPI,581
ATQCUS0012,October,Electronics,Debit Card,1061
ATQCUS0012,October,Electronics,Net Banking,303
ATQCUS0012,October,Health & Wellness,Credit Card,562
ATQCUS0012,October,Health & Wellness,UPI,543
ATQCUS0012,October,Health & Wellness,Debit Card,280
ATQCUS0012,October,Health & Wellness,Net Banking,232
ATQCUS0012,October,Travel,Credit Card,1318
ATQCUS0012,October,Travel,UPI,212
ATQCUS0012,October,Travel,Debit Card,957
ATQCUS0012,October,Travel,Net Banking,256
ATQCUS0012,October,Food,Credit Card,320
ATQCUS0012,October,Food,UPI,1022
ATQCUS0012,October,Food,Debit Card,440
ATQCUS0012,October,Food,Net Banking,212
ATQCUS0012,October,Entertainment,Credit Card,1040
ATQCUS0012,October,Entertainment,UPI,207
ATQCUS0012,October,Entertainment,Debit Card,100
ATQCUS0012,October,Entertainment,Net Banking,195
ATQCUS0012,October,Apparel,Credit Card,300
ATQCUS0012,October,Apparel,UPI,431
ATQCUS0012,October,Apparel,Debit Card,309
ATQCUS0012,October,Apparel,Net Banking,179
ATQCUS0012,October,Others,Credit Card,827
ATQCUS0012,October,Others,UPI,267
ATQCUS0012,October,Others,Debit Card,220
ATQCUS0012,October,Others,Net Banking,80
ATQCUS0013,May,Bills,Credit Card,4886
ATQCUS0013,May,Bills,UPI,1825
ATQCUS0013,May,Bills,Debit Card,274
ATQCUS0013,May,Bills,Net Banking,424
ATQCUS0013,May,Groceries,Credit Card,952
ATQCUS0013,May,Groceries,UPI,908
ATQCUS0013,May,Groceries,Debit Card,197
ATQCUS0013,May,Groceries,Net Banking,306
ATQCUS0013,May,Electronics,Credit Card,1838
ATQCUS0013,May,Electronics,UPI,193
ATQCUS0013,May,Electronics,Debit Card,337
ATQCUS0013,May,Electronics,Net Banking,750
ATQCUS0013,May,Health & Wellness,Credit Card,1151
ATQCUS0013,May,Health & Wellness,UPI,97
ATQCUS0013,May,Health & Wellness,Debit Card,82
ATQCUS0013,May,Health & Wellness,Net Banking,86
ATQCUS0013,May,Travel,Credit Card,555
ATQCUS0013,May,Travel,UPI,389
ATQCUS0013,May,Travel,Debit Card,282
ATQCUS0013,May,Travel,Net Banking,1311
ATQCUS0013,May,Food,Credit Card,641
ATQCUS0013,May,Food,UPI,482
ATQCUS0013,May,Food,Debit Card,133
ATQCUS0013,May,Food,Net Banking,260
ATQCUS0013,May,Entertainment,Credit Card,1913
ATQCUS0013,May,Entertainment,UPI,100
ATQCUS0013,May,Entertainment,Debit Card,631
ATQCUS0013,May,Entertainment,Net Banking,157
ATQCUS0013,May,Apparel,Credit Card,178
ATQCUS0013,May,Apparel,UPI,521
ATQCUS0013,May,Apparel,Debit Card,323
ATQCUS0013,May,Apparel,Net Banking,116
ATQCUS0013,May,Others,Credit Card,697
ATQCUS0013,May,Others,UPI,164
ATQCUS0013,May,Others,Debit Card,206
ATQCUS0013,May,Others,Net Banking,226
ATQCUS0013,June,Bills,Credit Card,1409
ATQCUS0013,June,Bills,UPI,2376
ATQCUS0013,June,Bills,Debit Card,433
ATQCUS0013,June,Bills,Net Banking,149
ATQCUS0013,June,Groceries,Credit Card,951
ATQCUS0013,June,Groceries,UPI,778
ATQCUS0013,June,Groceries,Debit Card,138
ATQCUS0013,June,Groceries,Net Banking,480
ATQCUS0013,June,Electronics,Credit Card,573
ATQCUS0013,June,Electronics,UPI,1625
ATQCUS0013,June,Electronics,Debit Card,4026
ATQCUS0013,June,Electronics,Net Banking,120
ATQCUS0013,June,Health & Wellness,Credit Card,1274
ATQCUS0013,June,Health & Wellness,UPI,361
ATQCUS0013,June,Health & Wellness,Debit Card,193
ATQCUS0013,June,Health & Wellness,Net Banking,553
ATQCUS0013,June,Travel,Credit Card,841
ATQCUS0013,June,Travel,UPI,207
ATQCUS0013,June,Travel,Debit Card,321
ATQCUS0013,June,Travel,Net Banking,176
ATQCUS0013,June,Food,Credit Card,1591
ATQCUS0013,June,Food,UPI,222
ATQCUS0013,June,Food,Debit Card,1658
ATQCUS0013,June,Food,Net Banking,315
ATQCUS0013,June,Entertainment,Credit Card,363
ATQCUS0013,June,Entertainment,UPI,428
ATQCUS0013,June,Entertainment,Debit Card,166
ATQCUS0013,June,Entertainment,Net Banking,382
ATQCUS0013,June,Apparel,Credit Card,764
ATQCUS0013,June,Apparel,UPI,281
ATQCUS0013,June,Apparel,Debit Card,114
ATQCUS0013,June,Apparel,Net Banking,45
ATQCUS0013,June,Others,Credit Card,791
ATQCUS0013,June,Others,UPI,203
ATQCUS0013,June,Others,Debit Card,308
ATQCUS0013,June,Others,Net Banking,71
ATQCUS0013,July,Bills,Credit Card,298
ATQCUS0013,July,Bills,UPI,2027
ATQCUS0013,July,Bills,Debit Card,946
ATQCUS0013,July,Bills,Net Banking,615
ATQCUS0013,July,Groceries,Credit Card,1562
ATQCUS0013,July,Groceries,UPI,676
ATQCUS0013,July,Groceries,Debit Card,688
ATQCUS0013,July,Groceries,Net Banking,480
ATQCUS0013,July,Electronics,Credit Card,705
ATQCUS0013,July,Electronics,UPI,486
ATQCUS0013,July,Electronics,Debit Card,1836
ATQCUS0013,July,Electronics,Net Banking,525
ATQCUS0013,July,Health & Wellness,Credit Card,453
ATQCUS0013,July,Health & Wellness,UPI,261
ATQCUS0013,July,Health & Wellness,Debit Card,114
ATQCUS0013,July,Health & Wellness,Net Banking,585
ATQCUS0013,July,Travel,Credit Card,528
ATQCUS0013,July,Travel,UPI,510
ATQCUS0013,July,Travel,Debit Card,279
ATQCUS0013,July,Travel,Net Banking,185
ATQCUS0013,July,Food,Credit Card,374
ATQCUS0013,July,Food,UPI,568
ATQCUS0013,July,Food,Debit Card,424
ATQCUS0013,July,Food,Net Banking,443
ATQCUS0013,July,Entertainment,Credit Card,2389
ATQCUS0013,July,Entertainment,UPI,1800
ATQCUS0013,July,Entertainment,Debit Card,244
ATQCUS0013,July,Entertainment,Net Banking,229
ATQCUS0013,July,Apparel,Credit Card,239
ATQCUS0013,July,Apparel,UPI,506
ATQCUS0013,July,Apparel,Debit Card,431
ATQCUS0013,July,Apparel,Net Banking,114
ATQCUS0013,July,Others,Credit Card,99
ATQCUS0013,July,Others,UPI,159
ATQCUS0013,July,Others,Debit Card,363
ATQCUS0013,July,Others,Net Banking,109
ATQCUS0013,August,Bills,Credit Card,228
ATQCUS0013,August,Bills,UPI,1829
ATQCUS0013,August,Bills,Debit Card,540
ATQCUS0013,August,Bills,Net Banking,753
ATQCUS0013,August,Groceries,Credit Card,2480
ATQCUS0013,August,Groceries,UPI,2641
ATQCUS0013,August,Groceries,Debit Card,157
ATQCUS0013,August,Groceries,Net Banking,619
ATQCUS0013,August,Electronics,Credit Card,2022
ATQCUS0013,August,Electronics,UPI,1873
ATQCUS0013,August,Electronics,Debit Card,458
ATQCUS0013,August,Electronics,Net Banking,371
ATQCUS0013,August,Health & Wellness,Credit Card,207
ATQCUS0013,August,Health & Wellness,UPI,872
ATQCUS0013,August,Health & Wellness,Debit Card,136
ATQCUS0013,August,Health & Wellness,Net Banking,305
ATQCUS0013,August,Travel,Credit Card,2337
ATQCUS0013,August,Travel,UPI,625
ATQCUS0013,August,Travel,Debit Card,372
ATQCUS0013,August,Travel,Net Banking,1113
ATQCUS0013,August,Food,Credit Card,230
ATQCUS0013,August,Food,UPI,884
ATQCUS0013,August,Food,Debit Card,749
ATQCUS0013,August,Food,Net Banking,42
ATQCUS0013,August,Entertainment,Credit Card,286
ATQCUS0013,August,Entertainment,UPI,1031
ATQCUS0013,August,Entertainment,Debit Card,421
ATQCUS0013,August,Entertainment,Net Banking,334
ATQCUS0013,August,Apparel,Credit Card,413
ATQCUS0013,August,Apparel,UPI,113
ATQCUS0013,August,Apparel,Debit Card,611
ATQCUS0013,August,Apparel,Net Banking,188
ATQCUS0013,August,Others,Credit Card,226
ATQCUS0013,August,Others,UPI,168
ATQCUS0013,August,Others,Debit Card,195
ATQCUS0013,August,Others,Net Banking,15
ATQCUS0013,September,Bills,Credit Card,1861
ATQCUS0013,September,Bills,UPI,1480
ATQCUS0013,September,Bills,Debit Card,1201
ATQCUS0013,September,Bills,Net Banking,764
ATQCUS0013,September,Groceries,Credit Card,2684
ATQCUS0013,September,Groceries,UPI,483
ATQCUS0013,September,Groceries,Debit Card,909
ATQCUS0013,September,Groceries,Net Banking,138
ATQCUS0013,September,Electronics,Credit Card,2213
ATQCUS0013,September,Electronics,UPI,779
ATQCUS0013,September,Electronics,Debit Card,1344
ATQCUS0013,September,Electronics,Net Banking,429
ATQCUS0013,September,Health & Wellness,Credit Card,1058
ATQCUS0013,September,Health & Wellness,UPI,451
ATQCUS0013,September,Health & Wellness,Debit Card,67
ATQCUS0013,September,Health & Wellness,Net Banking,948
ATQCUS0013,September,Travel,Credit Card,727
ATQCUS0013,September,Travel,UPI,1057
ATQCUS0013,September,Travel,Debit Card,1176
ATQCUS0013,September,Travel,Net Banking,90
ATQCUS0013,September,Food,Credit Card,137
ATQCUS0013,September,Food,UPI,529
ATQCUS0013,September,Food,Debit Card,1366
ATQCUS0013,September,Food,Net Banking,170
ATQCUS0013,September,Entertainment,Credit Card,367
ATQCUS0013,September,Entertainment,UPI,1119
ATQCUS0013,September,Entertainment,Debit Card,267
ATQCUS0013,September,Entertainment,Net Banking,1008
ATQCUS0013,September,Apparel,Credit Card,570
ATQCUS0013,September,Apparel,UPI,578
ATQCUS0013,September,Apparel,Debit Card,184
ATQCUS0013,September,Apparel,Net Banking,356
ATQCUS0013,September,Others,Credit Card,184
ATQCUS0013,September,Others,UPI,101
ATQCUS0013,September,Others,Debit Card,117
ATQCUS0013,September,Others,Net Banking,61
ATQCUS0013,October,Bills,Credit Card,703
ATQCUS0013,October,Bills,UPI,933
ATQCUS0013,October,Bills,Debit Card,1091
ATQCUS0013,October,Bills,Net Banking,651
ATQCUS0013,October,Groceries,Credit Card,2038
ATQCUS0013,October,Groceries,UPI,1009
ATQCUS0013,October,Groceries,Debit Card,678
ATQCUS0013,October,Groceries,Net Banking,234
ATQCUS0013,October,Electronics,Credit Card,877
ATQCUS0013,October,Electronics,UPI,776
ATQCUS0013,October,Electronics,Debit Card,1061
ATQCUS0013,October,Electronics,Net Banking,660
ATQCUS0013,October,Health & Wellness,Credit Card,719
ATQCUS0013,October,Health & Wellness,UPI,578
ATQCUS0013,October,Health & Wellness,Debit Card,741
ATQCUS0013,October,Health & Wellness,Net Banking,909
ATQCUS0013,October,Travel,Credit Card,778
ATQCUS0013,October,Travel,UPI,1003
ATQCUS0013,October,Travel,Debit Card,396
ATQCUS0013,October,Travel,Net Banking,270
ATQCUS0013,October,Food,Credit Card,501
ATQCUS0013,October,Food,UPI,282
ATQCUS0013,October,Food,Debit Card,249
ATQCUS0013,October,Food,Net Banking,418
ATQCUS0013,October,Entertainment,Credit Card,1549
ATQCUS0013,October,Entertainment,UPI,315
ATQCUS0013,October,Entertainment,Debit Card,177
ATQCUS0013,October,Entertainment,Net Banking,107
ATQCUS0013,October,Apparel,Credit Card,1183
ATQCUS0013,October,Apparel,UPI,571
ATQCUS0013,October,Apparel,Debit Card,270
ATQCUS0013,October,Apparel,Net Banking,354
ATQCUS0013,October,Others,Credit Card,488
ATQCUS0013,October,Others,UPI,642
ATQCUS0013,October,Others,Debit Card,179
ATQCUS0013,October,Others,Net Banking,108
ATQCUS0014,May,Bills,Credit Card,442
ATQCUS0014,May,Bills,UPI,857
ATQCUS0014,May,Bills,Debit Card,778
ATQCUS0014,May,Bills,Net Banking,58
ATQCUS0014,May,Groceries,Credit Card,344
ATQCUS0014,May,Groceries,UPI,777
ATQCUS0014,May,Groceries,Debit Card,236
ATQCUS0014,May,Groceries,Net Banking,98
ATQCUS0014,May,Electronics,Credit Card,328
ATQCUS0014,May,Electronics,UPI,1107
ATQCUS0014,May,Electronics,Debit Card,1049
ATQCUS0014,May,Electronics,Net Banking,128
ATQCUS0014,May,Health & Wellness,Credit Card,601
ATQCUS0014,May,Health & Wellness,UPI,632
ATQCUS0014,May,Health & Wellness,Debit Card,373
ATQCUS0014,May,Health & Wellness,Net Banking,216
ATQCUS0014,May,Travel,Credit Card,335
ATQCUS0014,May,Travel,UPI,665
ATQCUS0014,May,Travel,Debit Card,344
ATQCUS0014,May,Travel,Net Banking,193
ATQCUS0014,May,Food,Credit Card,680
ATQCUS0014,May,Food,UPI,101
ATQCUS0014,May,Food,Debit Card,318
ATQCUS0014,May,Food,Net Banking,64
ATQCUS0014,May,Entertainment,Credit Card,299
ATQCUS0014,May,Entertainment,UPI,386
ATQCUS0014,May,Entertainment,Debit Card,95
ATQCUS0014,May,Entertainment,Net Banking,84
ATQCUS0014,May,Apparel,Credit Card,285
ATQCUS0014,May,Apparel,UPI,173
ATQCUS0014,May,Apparel,Debit Card,73
ATQCUS0014,May,Apparel,Net Banking,123
ATQCUS0014,May,Others,Credit Card,87
ATQCUS0014,May,Others,UPI,56
ATQCUS0014,May,Others,Debit Card,170
ATQCUS0014,May,Others,Net Banking,161
ATQCUS0014,June,Bills,Credit Card,2049
ATQCUS0014,June,Bills,UPI,524
ATQCUS0014,June,Bills,Debit Card,185
ATQCUS0014,June,Bills,Net Banking,140
ATQCUS0014,June,Groceries,Credit Card,445
ATQCUS0014,June,Groceries,UPI,180
ATQCUS0014,June,Groceries,Debit Card,157
ATQCUS0014,June,Groceries,Net Banking,90
ATQCUS0014,June,Electronics,Credit Card,497
ATQCUS0014,June,Electronics,UPI,720
ATQCUS0014,June,Electronics,Debit Card,344
ATQCUS0014,June,Electronics,Net Banking,627
ATQCUS0014,June,Health & Wellness,Credit Card,72
ATQCUS0014,June,Health & Wellness,UPI,413
ATQCUS0014,June,Health & Wellness,Debit Card,172
ATQCUS0014,June,Health & Wellness,Net Banking,156
ATQCUS0014,June,Travel,Credit Card,548
ATQCUS0014,June,Travel,UPI,569
ATQCUS0014,June,Travel,Debit Card,146
ATQCUS0014,June,Travel,Net Banking,159
ATQCUS0014,June,Food,Credit Card,369
ATQCUS0014,June,Food,UPI,391
ATQCUS0014,June,Food,Debit Card,581
ATQCUS0014,June,Food,Net Banking,55
ATQCUS0014,June,Entertainment,Credit Card,609
ATQCUS0014,June,Entertainment,UPI,484
ATQCUS0014,June,Entertainment,Debit Card,483
ATQCUS0014,June,Entertainment,Net Banking,67
ATQCUS0014,June,Apparel,Credit Card,134
ATQCUS0014,June,Apparel,UPI,455
ATQCUS0014,June,Apparel,Debit Card,145
ATQCUS0014,June,Apparel,Net Banking,100
ATQCUS0014,June,Others,Credit Card,334
ATQCUS0014,June,Others,UPI,63
ATQCUS0014,June,Others,Debit Card,149
ATQCUS0014,June,Others,Net Banking,67
ATQCUS0014,July,Bills,Credit Card,619
ATQCUS0014,July,Bills,UPI,1328
ATQCUS0014,July,Bills,Debit Card,666
ATQCUS0014,July,Bills,Net Banking,368
ATQCUS0014,July,Groceries,Credit Card,2551
ATQCUS0014,July,Groceries,UPI,1270
ATQCUS0014,July,Groceries,Debit Card,377
ATQCUS0014,July,Groceries,Net Banking,88
ATQCUS0014,July,Electronics,Credit Card,246
ATQCUS0014,July,Electronics,UPI,606
ATQCUS0014,July,Electronics,Debit Card,233
ATQCUS0014,July,Electronics,Net Banking,306
ATQCUS0014,July,Health & Wellness,Credit Card,678
ATQCUS0014,July,Health & Wellness,UPI,240
ATQCUS0014,July,Health & Wellness,Debit Card,86
ATQCUS0014,July,Health & Wellness,Net Banking,92
ATQCUS0014,July,Travel,Credit Card,536
ATQCUS0014,July,Travel,UPI,247
ATQCUS0014,July,Travel,Debit Card,464
ATQCUS0014,July,Travel,Net Banking,327
ATQCUS0014,July,Food,Credit Card,582
ATQCUS0014,July,Food,UPI,519
ATQCUS0014,July,Food,Debit Card,196
ATQCUS0014,July,Food,Net Banking,99
ATQCUS0014,July,Entertainment,Credit Card,140
ATQCUS0014,July,Entertainment,UPI,200
ATQCUS0014,July,Entertainment,Debit Card,195
ATQCUS0014,July,Entertainment,Net Banking,99
ATQCUS0014,July,Apparel,Credit Card,271
ATQCUS0014,July,Apparel,UPI,121
ATQCUS0014,July,Apparel,Debit Card,103
ATQCUS0014,July,Apparel,Net Banking,68
ATQCUS0014,July,Others,Credit Card,351
ATQCUS0014,July,Others,UPI,180
ATQCUS0014,July,Others,Debit Card,65
ATQCUS0014,July,Others,Net Banking,34
ATQCUS0014,August,Bills,Credit Card,1600
ATQCUS0014,August,Bills,UPI,939
ATQCUS0014,August,Bills,Debit Card,1041
ATQCUS0014,August,Bills,Net Banking,55
ATQCUS0014,August,Groceries,Credit Card,506
ATQCUS0014,August,Groceries,UPI,496
ATQCUS0014,August,Groceries,Debit Card,179
ATQCUS0014,August,Groceries,Net Banking,101
ATQCUS0014,August,Electronics,Credit Card,1244
ATQCUS0014,August,Electronics,UPI,348
ATQCUS0014,August,Electronics,Debit Card,734
ATQCUS0014,August,Electronics,Net Banking,234
ATQCUS0014,August,Health & Wellness,Credit Card,201
ATQCUS0014,August,Health & Wellness,UPI,239
ATQCUS0014,August,Health & Wellness,Debit Card,300
ATQCUS0014,August,Health & Wellness,Net Banking,133
ATQCUS0014,August,Travel,Credit Card,257
ATQCUS0014,August,Travel,UPI,155
ATQCUS0014,August,Travel,Debit Card,446
ATQCUS0014,August,Travel,Net Banking,239
ATQCUS0014,August,Food,Credit Card,334
ATQCUS0014,August,Food,UPI,253
ATQCUS0014,August,Food,Debit Card,283
ATQCUS0014,August,Food,Net Banking,312
ATQCUS0014,August,Entertainment,Credit Card,468
ATQCUS0014,August,Entertainment,UPI,415
ATQCUS0014,August,Entertainment,Debit Card,120
ATQCUS0014,August,Entertainment,Net Banking,90
ATQCUS0014,August,Apparel,Credit Card,354
ATQCUS0014,August,Apparel,UPI,100
ATQCUS0014,August,Apparel,Debit Card,148
ATQCUS0014,August,Apparel,Net Banking,115
ATQCUS0014,August,Others,Credit Card,120
ATQCUS0014,August,Others,UPI,302
ATQCUS0014,August,Others,Debit Card,133
ATQCUS0014,August,Others,Net Banking,76
ATQCUS0014,September,Bills,Credit Card,922
ATQCUS0014,September,Bills,UPI,1033
ATQCUS0014,September,Bills,Debit Card,355
ATQCUS0014,September,Bills,Net Banking,309
ATQCUS0014,September,Groceries,Credit Card,318
ATQCUS0014,September,Groceries,UPI,1598
ATQCUS0014,September,Groceries,Debit Card,610
ATQCUS0014,September,Groceries,Net Banking,760
ATQCUS0014,September,Electronics,Credit Card,271
ATQCUS0014,September,Electronics,UPI,516
ATQCUS0014,September,Electronics,Debit Card,569
ATQCUS0014,September,Electronics,Net Banking,573
ATQCUS0014,September,Health & Wellness,Credit Card,875
ATQCUS0014,September,Health & Wellness,UPI,754
ATQCUS0014,September,Health & Wellness,Debit Card,680
ATQCUS0014,September,Health & Wellness,Net Banking,181
ATQCUS0014,September,Travel,Credit Card,814
ATQCUS0014,September,Travel,UPI,153
ATQCUS0014,September,Travel,Debit Card,169
ATQCUS0014,September,Travel,Net Banking,199
ATQCUS0014,September,Food,Credit Card,433
ATQCUS0014,September,Food,UPI,287
ATQCUS0014,September,Food,Debit Card,426
ATQCUS0014,September,Food,Net Banking,163
ATQCUS0014,September,Entertainment,Credit Card,759
ATQCUS0014,September,Entertainment,UPI,78
ATQCUS0014,September,Entertainment,Debit Card,158
ATQCUS0014,September,Entertainment,Net Banking,57
ATQCUS0014,September,Apparel,Credit Card,183
ATQCUS0014,September,Apparel,UPI,307
ATQCUS0014,September,Apparel,Debit Card,482
ATQCUS0014,September,Apparel,Net Banking,138
ATQCUS0014,September,Others,Credit Card,157
ATQCUS0014,September,Others,UPI,130
ATQCUS0014,September,Others,Debit Card,124
ATQCUS0014,September,Others,Net Banking,119
ATQCUS0014,October,Bills,Credit Card,1720
ATQCUS0014,October,Bills,UPI,1008
ATQCUS0014,October,Bills,Debit Card,436
ATQCUS0014,October,Bills,Net Banking,105
ATQCUS0014,October,Groceries,Credit Card,2491
ATQCUS0014,October,Groceries,UPI,114
ATQCUS0014,October,Groceries,Debit Card,242
ATQCUS0014,October,Groceries,Net Banking,219
ATQCUS0014,October,Electronics,Credit Card,302
ATQCUS0014,October,Electronics,UPI,347
ATQCUS0014,October,Electronics,Debit Card,242
ATQCUS0014,October,Electronics,Net Banking,339
ATQCUS0014,October,Health & Wellness,Credit Card,572
ATQCUS0014,October,Health & Wellness,UPI,112
ATQCUS0014,October,Health & Wellness,Debit Card,448
ATQCUS0014,October,Health & Wellness,Net Banking,220
ATQCUS0014,October,Travel,Credit Card,19
ATQCUS0014,October,Travel,UPI,672
ATQCUS0014,October,Travel,Debit Card,129
ATQCUS0014,October,Travel,Net Banking,97
ATQCUS0014,October,Food,Credit Card,1733
ATQCUS0014,October,Food,UPI,309
ATQCUS0014,October,Food,Debit Card,165
ATQCUS0014,October,Food,Net Banking,123
ATQCUS0014,October,Entertainment,Credit Card,215
ATQCUS0014,October,Entertainment,UPI,72
ATQCUS0014,October,Entertainment,Debit Card,403
ATQCUS0014,October,Entertainment,Net Banking,18
ATQCUS0014,October,Apparel,Credit Card,431
ATQCUS0014,October,Apparel,UPI,148
ATQCUS0014,October,Apparel,Debit Card,56
ATQCUS0014,October,Apparel,Net Banking,84
ATQCUS0014,October,Others,Credit Card,401
ATQCUS0014,October,Others,UPI,153
ATQCUS0014,October,Others,Debit Card,130
ATQCUS0014,October,Others,Net Banking,83
ATQCUS0015,May,Bills,Credit Card,1218
ATQCUS0015,May,Bills,UPI,730
ATQCUS0015,May,Bills,Debit Card,464
ATQCUS0015,May,Bills,Net Banking,673
ATQCUS0015,May,Groceries,Credit Card,406
ATQCUS0015,May,Groceries,UPI,2096
ATQCUS0015,May,Groceries,Debit Card,828
ATQCUS0015,May,Groceries,Net Banking,93
ATQCUS0015,May,Electronics,Credit Card,973
ATQCUS0015,May,Electronics,UPI,1911
ATQCUS0015,May,Electronics,Debit Card,1472
ATQCUS0015,May,Electronics,Net Banking,267
ATQCUS0015,May,Health & Wellness,Credit Card,241
ATQCUS0015,May,Health & Wellness,UPI,853
ATQCUS0015,May,Health & Wellness,Debit Card,865
ATQCUS0015,May,Health & Wellness,Net Banking,272
ATQCUS0015,May,Travel,Credit Card,657
ATQCUS0015,May,Travel,UPI,169
ATQCUS0015,May,Travel,Debit Card,398
ATQCUS0015,May,Travel,Net Banking,880
ATQCUS0015,May,Food,Credit Card,354
ATQCUS0015,May,Food,UPI,835
ATQCUS0015,May,Food,Debit Card,278
ATQCUS0015,May,Food,Net Banking,447
ATQCUS0015,May,Entertainment,Credit Card,644
ATQCUS0015,May,Entertainment,UPI,537
ATQCUS0015,May,Entertainment,Debit Card,326
ATQCUS0015,May,Entertainment,Net Banking,37
ATQCUS0015,May,Apparel,Credit Card,488
ATQCUS0015,May,Apparel,UPI,1193
ATQCUS0015,May,Apparel,Debit Card,313
ATQCUS0015,May,Apparel,Net Banking,150
ATQCUS0015,May,Others,Credit Card,794
ATQCUS0015,May,Others,UPI,246
ATQCUS0015,May,Others,Debit Card,97
ATQCUS0015,May,Others,Net Banking,424
ATQCUS0015,June,Bills,Credit Card,1114
ATQCUS0015,June,Bills,UPI,1197
ATQCUS0015,June,Bills,Debit Card,1336
ATQCUS0015,June,Bills,Net Banking,815
ATQCUS0015,June,Groceries,Credit Card,703
ATQCUS0015,June,Groceries,UPI,416
ATQCUS0015,June,Groceries,Debit Card,867
ATQCUS0015,June,Groceries,Net Banking,363
ATQCUS0015,June,Electronics,Credit Card,1987
ATQCUS0015,June,Electronics,UPI,716
ATQCUS0015,June,Electronics,Debit Card,1364
ATQCUS0015,June,Electronics,Net Banking,20
ATQCUS0015,June,Health & Wellness,Credit Card,3006
ATQCUS0015,June,Health & Wellness,UPI,249
ATQCUS0015,June,Health & Wellness,Debit Card,1214
ATQCUS0015,June,Health & Wellness,Net Banking,89
ATQCUS0015,June,Travel,Credit Card,1033
ATQCUS0015,June,Travel,UPI,253
ATQCUS0015,June,Travel,Debit Card,469
ATQCUS0015,June,Travel,Net Banking,338
ATQCUS0015,June,Food,Credit Card,467
ATQCUS0015,June,Food,UPI,265
ATQCUS0015,June,Food,Debit Card,429
ATQCUS0015,June,Food,Net Banking,268
ATQCUS0015,June,Entertainment,Credit Card,951
ATQCUS0015,June,Entertainment,UPI,1052
ATQCUS0015,June,Entertainment,Debit Card,992
ATQCUS0015,June,Entertainment,Net Banking,277
ATQCUS0015,June,Apparel,Credit Card,1012
ATQCUS0015,June,Apparel,UPI,306
ATQCUS0015,June,Apparel,Debit Card,550
ATQCUS0015,June,Apparel,Net Banking,132
ATQCUS0015,June,Others,Credit Card,136
ATQCUS0015,June,Others,UPI,162
ATQCUS0015,June,Others,Debit Card,315
ATQCUS0015,June,Others,Net Banking,138
ATQCUS0015,July,Bills,Credit Card,3264
ATQCUS0015,July,Bills,UPI,2271
ATQCUS0015,July,Bills,Debit Card,66
ATQCUS0015,July,Bills,Net Banking,272
ATQCUS0015,July,Groceries,Credit Card,1232
ATQCUS0015,July,Groceries,UPI,1550
ATQCUS0015,July,Groceries,Debit Card,196
ATQCUS0015,July,Groceries,Net Banking,353
ATQCUS0015,July,Electronics,Credit Card,491
ATQCUS0015,July,Electronics,UPI,688
ATQCUS0015,July,Electronics,Debit Card,1883
ATQCUS0015,July,Electronics,Net Banking,288
ATQCUS0015,July,Health & Wellness,Credit Card,979
ATQCUS0015,July,Health & Wellness,UPI,754
ATQCUS0015,July,Health & Wellness,Debit Card,402
ATQCUS0015,July,Health & Wellness,Net Banking,291
ATQCUS0015,July,Travel,Credit Card,657
ATQCUS0015,July,Travel,UPI,660
ATQCUS0015,July,Travel,Debit Card,116
ATQCUS0015,July,Travel,Net Banking,173
ATQCUS0015,July,Food,Credit Card,190
ATQCUS0015,July,Food,UPI,235
ATQCUS0015,July,Food,Debit Card,385
ATQCUS0015,July,Food,Net Banking,40
ATQCUS0015,July,Entertainment,Credit Card,243
ATQCUS0015,July,Entertainment,UPI,625
ATQCUS0015,July,Entertainment,Debit Card,381
ATQCUS0015,July,Entertainment,Net Banking,841
ATQCUS0015,July,Apparel,Credit Card,370
ATQCUS0015,July,Apparel,UPI,214
ATQCUS0015,July,Apparel,Debit Card,249
ATQCUS0015,July,Apparel,Net Banking,355
ATQCUS0015,July,Others,Credit Card,249
ATQCUS0015,July,Others,UPI,280
ATQCUS0015,July,Others,Debit Card,323
ATQCUS0015,July,Others,Net Banking,282
ATQCUS0015,August,Bills,Credit Card,1745
ATQCUS0015,August,Bills,UPI,1127
ATQCUS0015,August,Bills,Debit Card,918
ATQCUS0015,August,Bills,Net Banking,560
ATQCUS0015,August,Groceries,Credit Card,2739
ATQCUS0015,August,Groceries,UPI,3702
ATQCUS0015,August,Groceries,Debit Card,739
ATQCUS0015,August,Groceries,Net Banking,305
ATQCUS0015,August,Electronics,Credit Card,846
ATQCUS0015,August,Electronics,UPI,349
ATQCUS0015,August,Electronics,Debit Card,776
ATQCUS0015,August,Electronics,Net Banking,261
ATQCUS0015,August,Health & Wellness,Credit Card,1109
ATQCUS0015,August,Health & Wellness,UPI,162
ATQCUS0015,August,Health & Wellness,Debit Card,925
ATQCUS0015,August,Health & Wellness,Net Banking,211
ATQCUS0015,August,Travel,Credit Card,3145
ATQCUS0015,August,Travel,UPI,99
ATQCUS0015,August,Travel,Debit Card,299
ATQCUS0015,August,Travel,Net Banking,496
ATQCUS0015,August,Food,Credit Card,349
ATQCUS0015,August,Food,UPI,463
ATQCUS0015,August,Food,Debit Card,910
ATQCUS0015,August,Food,Net Banking,364
ATQCUS0015,August,Entertainment,Credit Card,274
ATQCUS0015,August,Entertainment,UPI,90
ATQCUS0015,August,Entertainment,Debit Card,445
ATQCUS0015,August,Entertainment,Net Banking,272
ATQCUS0015,August,Apparel,Credit Card,551
ATQCUS0015,August,Apparel,UPI,259
ATQCUS0015,August,Apparel,Debit Card,325
ATQCUS0015,August,Apparel,Net Banking,264
ATQCUS0015,August,Others,Credit Card,485
ATQCUS0015,August,Others,UPI,121
ATQCUS0015,August,Others,Debit Card,391
ATQCUS0015,August,Others,Net Banking,100
ATQCUS0015,September,Bills,Credit Card,1729
ATQCUS0015,September,Bills,UPI,450
ATQCUS0015,September,Bills,Debit Card,1375
ATQCUS0015,September,Bills,Net Banking,1784
ATQCUS0015,September,Groceries,Credit Card,1130
ATQCUS0015,September,Groceries,UPI,1809
ATQCUS0015,September,Groceries,Debit Card,1142
ATQCUS0015,September,Groceries,Net Banking,690
ATQCUS0015,September,Electronics,Credit Card,664
ATQCUS0015,September,Electronics,UPI,653
ATQCUS0015,September,Electronics,Debit Card,1027
ATQCUS0015,September,Electronics,Net Banking,610
ATQCUS0015,September,Health & Wellness,Credit Card,434
ATQCUS0015,September,Health & Wellness,UPI,424
ATQCUS0015,September,Health & Wellness,Debit Card,487
ATQCUS0015,September,Health & Wellness,Net Banking,788
ATQCUS0015,September,Travel,Credit Card,706
ATQCUS0015,September,Travel,UPI,462
ATQCUS0015,September,Travel,Debit Card,468
ATQCUS0015,September,Travel,Net Banking,399
ATQCUS0015,September,Food,Credit Card,805
ATQCUS0015,September,Food,UPI,442
ATQCUS0015,September,Food,Debit Card,84
ATQCUS0015,September,Food,Net Banking,270
ATQCUS0015,September,Entertainment,Credit Card,916
ATQCUS0015,September,Entertainment,UPI,1013
ATQCUS0015,September,Entertainment,Debit Card,1161
ATQCUS0015,September,Entertainment,Net Banking,357
ATQCUS0015,September,Apparel,Credit Card,823
ATQCUS0015,September,Apparel,UPI,474
ATQCUS0015,September,Apparel,Debit Card,420
ATQCUS0015,September,Apparel,Net Banking,222
ATQCUS0015,September,Others,Credit Card,451
ATQCUS0015,September,Others,UPI,24
ATQCUS0015,September,Others,Debit Card,91
ATQCUS0015,September,Others,Net Banking,78
ATQCUS0015,October,Bills,Credit Card,433
ATQCUS0015,October,Bills,UPI,1295
ATQCUS0015,October,Bills,Debit Card,237
ATQCUS0015,October,Bills,Net Banking,173
ATQCUS0015,October,Groceries,Credit Card,2012
ATQCUS0015,October,Groceries,UPI,1202
ATQCUS0015,October,Groceries,Debit Card,1553
ATQCUS0015,October,Groceries,Net Banking,1494
ATQCUS0015,October,Electronics,Credit Card,235
ATQCUS0015,October,Electronics,UPI,338
ATQCUS0015,October,Electronics,Debit Card,739
ATQCUS0015,October,Electronics,Net Banking,355
ATQCUS0015,October,Health & Wellness,Credit Card,1031
ATQCUS0015,October,Health & Wellness,UPI,818
ATQCUS0015,October,Health & Wellness,Debit Card,935
ATQCUS0015,October,Health & Wellness,Net Banking,514
ATQCUS0015,October,Travel,Credit Card,381
ATQCUS0015,October,Travel,UPI,347
ATQCUS0015,October,Travel,Debit Card,716
ATQCUS0015,October,Travel,Net Banking,307
ATQCUS0015,October,Food,Credit Card,877
ATQCUS0015,October,Food,UPI,477
ATQCUS0015,October,Food,Debit Card,138
ATQCUS0015,October,Food,Net Banking,366
ATQCUS0015,October,Entertainment,Credit Card,2521
ATQCUS0015,October,Entertainment,UPI,223
ATQCUS0015,October,Entertainment,Debit Card,206
ATQCUS0015,October,Entertainment,Net Banking,410
ATQCUS0015,October,Apparel,Credit Card,589
ATQCUS0015,October,Apparel,UPI,585
ATQCUS0015,October,Apparel,Debit Card,133
ATQCUS0015,October,Apparel,Net Banking,80
ATQCUS0015,October,Others,Credit Card,243
ATQCUS0015,October,Others,UPI,395
ATQCUS0015,October,Others,Debit Card,144
ATQCUS0015,October,Others,Net Banking,117
ATQCUS0016,May,Bills,Credit Card,1108
ATQCUS0016,May,Bills,UPI,1201
ATQCUS0016,May,Bills,Debit Card,319
ATQCUS0016,May,Bills,Net Banking,170
ATQCUS0016,May,Groceries,Credit Card,1573
ATQCUS0016,May,Groceries,UPI,2906
ATQCUS0016,May,Groceries,Debit Card,330
ATQCUS0016,May,Groceries,Net Banking,579
ATQCUS0016,May,Electronics,Credit Card,410
ATQCUS0016,May,Electronics,UPI,674
ATQCUS0016,May,Electronics,Debit Card,569
ATQCUS0016,May,Electronics,Net Banking,125
ATQCUS0016,May,Health & Wellness,Credit Card,1459
ATQCUS0016,May,Health & Wellness,UPI,304
ATQCUS0016,May,Health & Wellness,Debit Card,132
ATQCUS0016,May,Health & Wellness,Net Banking,415
ATQCUS0016,May,Travel,Credit Card,390
ATQCUS0016,May,Travel,UPI,209
ATQCUS0016,May,Travel,Debit Card,107
ATQCUS0016,May,Travel,Net Banking,297
ATQCUS0016,May,Food,Credit Card,1481
ATQCUS0016,May,Food,UPI,202
ATQCUS0016,May,Food,Debit Card,270
ATQCUS0016,May,Food,Net Banking,166
ATQCUS0016,May,Entertainment,Credit Card,967
ATQCUS0016,May,Entertainment,UPI,484
ATQCUS0016,May,Entertainment,Debit Card,241
ATQCUS0016,May,Entertainment,Net Banking,137
ATQCUS0016,May,Apparel,Credit Card,850
ATQCUS0016,May,Apparel,UPI,496
ATQCUS0016,May,Apparel,Debit Card,236
ATQCUS0016,May,Apparel,Net Banking,282
ATQCUS0016,May,Others,Credit Card,370
ATQCUS0016,May,Others,UPI,252
ATQCUS0016,May,Others,Debit Card,305
ATQCUS0016,May,Others,Net Banking,38
ATQCUS0016,June,Bills,Credit Card,1541
ATQCUS0016,June,Bills,UPI,525
ATQCUS0016,June,Bills,Debit Card,331
ATQCUS0016,June,Bills,Net Banking,313
ATQCUS0016,June,Groceries,Credit Card,851
ATQCUS0016,June,Groceries,UPI,552
ATQCUS0016,June,Groceries,Debit Card,329
ATQCUS0016,June,Groceries,Net Banking,573
ATQCUS0016,June,Electronics,Credit Card,606
ATQCUS0016,June,Electronics,UPI,320
ATQCUS0016,June,Electronics,Debit Card,123
ATQCUS0016,June,Electronics,Net Banking,739
ATQCUS0016,June,Health & Wellness,Credit Card,722
ATQCUS0016,June,Health & Wellness,UPI,398
ATQCUS0016,June,Health & Wellness,Debit Card,101
ATQCUS0016,June,Health & Wellness,Net Banking,310
ATQCUS0016,June,Travel,Credit Card,298
ATQCUS0016,June,Travel,UPI,669
ATQCUS0016,June,Travel,Debit Card,246
ATQCUS0016,June,Travel,Net Banking,331
ATQCUS0016,June,Food,Credit Card,1324
ATQCUS0016,June,Food,UPI,773
ATQCUS0016,June,Food,Debit Card,359
ATQCUS0016,June,Food,Net Banking,130
ATQCUS0016,June,Entertainment,Credit Card,1250
ATQCUS0016,June,Entertainment,UPI,181
ATQCUS0016,June,Entertainment,Debit Card,189
ATQCUS0016,June,Entertainment,Net Banking,430
ATQCUS0016,June,Apparel,Credit Card,695
ATQCUS0016,June,Apparel,UPI,617
ATQCUS0016,June,Apparel,Debit Card,352
ATQCUS0016,June,Apparel,Net Banking,383
ATQCUS0016,June,Others,Credit Card,401
ATQCUS0016,June,Others,UPI,412
ATQCUS0016,June,Others,Debit Card,328
ATQCUS0016,June,Others,Net Banking,130
ATQCUS0016,July,Bills,Credit Card,934
ATQCUS0016,July,Bills,UPI,184
ATQCUS0016,July,Bills,Debit Card,1017
ATQCUS0016,July,Bills,Net Banking,152
ATQCUS0016,July,Groceries,Credit Card,2275
ATQCUS0016,July,Groceries,UPI,966
ATQCUS0016,July,Groceries,Debit Card,534
ATQCUS0016,July,Groceries,Net Banking,294
ATQCUS0016,July,Electronics,Credit Card,1500
ATQCUS0016,July,Electronics,UPI,1590
ATQCUS0016,July,Electronics,Debit Card,255
ATQCUS0016,July,Electronics,Net Banking,755
ATQCUS0016,July,Health & Wellness,Credit Card,1007
ATQCUS0016,July,Health & Wellness,UPI,399
ATQCUS0016,July,Health & Wellness,Debit Card,218
ATQCUS0016,July,Health & Wellness,Net Banking,405
ATQCUS0016,July,Travel,Credit Card,865
ATQCUS0016,July,Travel,UPI,565
ATQCUS0016,July,Travel,Debit Card,177
ATQCUS0016,July,Travel,Net Banking,175
ATQCUS0016,July,Food,Credit Card,401
ATQCUS0016,July,Food,UPI,261
ATQCUS0016,July,Food,Debit Card,235
ATQCUS0016,July,Food,Net Banking,189
ATQCUS0016,July,Entertainment,Credit Card,381
ATQCUS0016,July,Entertainment,UPI,185
ATQCUS0016,July,Entertainment,Debit Card,604
ATQCUS0016,July,Entertainment,Net Banking,136
ATQCUS0016,July,Apparel,Credit Card,333
ATQCUS0016,July,Apparel,UPI,416
ATQCUS0016,July,Apparel,Debit Card,143
ATQCUS0016,July,Apparel,Net Banking,157
ATQCUS0016,July,Others,Credit Card,645
ATQCUS0016,July,Others,UPI,205
ATQCUS0016,July,Others,Debit Card,111
ATQCUS0016,July,Others,Net Banking,67
ATQCUS0016,August,Bills,Credit Card,2926
ATQCUS0016,August,Bills,UPI,1300
ATQCUS0016,August,Bills,Debit Card,805
ATQCUS0016,August,Bills,Net Banking,161
ATQCUS0016,August,Groceries,Credit Card,311
ATQCUS0016,August,Groceries,UPI,807
ATQCUS0016,August,Groceries,Debit Card,706
ATQCUS0016,August,Groceries,Net Banking,239
ATQCUS0016,August,Electronics,Credit Card,2692
ATQCUS0016,August,Electronics,UPI,151
ATQCUS0016,August,Electronics,Debit Card,963
ATQCUS0016,August,Electronics,Net Banking,349
ATQCUS0016,August,Health & Wellness,Credit Card,275
ATQCUS0016,August,Health & Wellness,UPI,222
ATQCUS0016,August,Health & Wellness,Debit Card,664
ATQCUS0016,August,Health & Wellness,Net Banking,250
ATQCUS0016,August,Travel,Credit Card,598
ATQCUS0016,August,Travel,UPI,417
ATQCUS0016,August,Travel,Debit Card,331
ATQCUS0016,August,Travel,Net Banking,323
ATQCUS0016,August,Food,Credit Card,879
ATQCUS0016,August,Food,UPI,121
ATQCUS0016,August,Food,Debit Card,191
ATQCUS0016,August,Food,Net Banking,131
ATQCUS0016,August,Entertainment,Credit Card,298
ATQCUS0016,August,Entertainment,UPI,125
ATQCUS0016,August,Entertainment,Debit Card,134
ATQCUS0016,August,Entertainment,Net Banking,241
ATQCUS0016,August,Apparel,Credit Card,281
ATQCUS0016,August,Apparel,UPI,304
ATQCUS0016,August,Apparel,Debit Card,55
ATQCUS0016,August,Apparel,Net Banking,58
ATQCUS0016,August,Others,Credit Card,94
ATQCUS0016,August,Others,UPI,49
ATQCUS0016,August,Others,Debit Card,198
ATQCUS0016,August,Others,Net Banking,192
ATQCUS0016,September,Bills,Credit Card,1010
ATQCUS0016,September,Bills,UPI,1568
ATQCUS0016,September,Bills,Debit Card,185
ATQCUS0016,September,Bills,Net Banking,274
ATQCUS0016,September,Groceries,Credit Card,1073
ATQCUS0016,September,Groceries,UPI,1395
ATQCUS0016,September,Groceries,Debit Card,821
ATQCUS0016,September,Groceries,Net Banking,252
ATQCUS0016,September,Electronics,Credit Card,2331
ATQCUS0016,September,Electronics,UPI,422
ATQCUS0016,September,Electronics,Debit Card,248
ATQCUS0016,September,Electronics,Net Banking,171
ATQCUS0016,September,Health & Wellness,Credit Card,269
ATQCUS0016,September,Health & Wellness,UPI,192
ATQCUS0016,September,Health & Wellness,Debit Card,190
ATQCUS0016,September,Health & Wellness,Net Banking,51
ATQCUS0016,September,Travel,Credit Card,565
ATQCUS0016,September,Travel,UPI,327
ATQCUS0016,September,Travel,Debit Card,325
ATQCUS0016,September,Travel,Net Banking,91
ATQCUS0016,September,Food,Credit Card,671
ATQCUS0016,September,Food,UPI,202
ATQCUS0016,September,Food,Debit Card,365
ATQCUS0016,September,Food,Net Banking,386
ATQCUS0016,September,Entertainment,Credit Card,148
ATQCUS0016,September,Entertainment,UPI,428
ATQCUS0016,September,Entertainment,Debit Card,129
ATQCUS0016,September,Entertainment,Net Banking,226
ATQCUS0016,September,Apparel,Credit Card,91
ATQCUS0016,September,Apparel,UPI,75
ATQCUS0016,September,Apparel,Debit Card,167
ATQCUS0016,September,Apparel,Net Banking,102
ATQCUS0016,September,Others,Credit Card,579
ATQCUS0016,September,Others,UPI,268
ATQCUS0016,September,Others,Debit Card,346
ATQCUS0016,September,Others,Net Banking,117
ATQCUS0016,October,Bills,Credit Card,1448
ATQCUS0016,October,Bills,UPI,765
ATQCUS0016,October,Bills,Debit Card,460
ATQCUS0016,October,Bills,Net Banking,855
ATQCUS0016,October,Groceries,Credit Card,560
ATQCUS0016,October,Groceries,UPI,423
ATQCUS0016,October,Groceries,Debit Card,452
ATQCUS0016,October,Groceries,Net Banking,285
ATQCUS0016,October,Electronics,Credit Card,830
ATQCUS0016,October,Electronics,UPI,1032
ATQCUS0016,October,Electronics,Debit Card,216
ATQCUS0016,October,Electronics,Net Banking,529
ATQCUS0016,October,Health & Wellness,Credit Card,574
ATQCUS0016,October,Health & Wellness,UPI,513
ATQCUS0016,October,Health & Wellness,Debit Card,1513
ATQCUS0016,October,Health & Wellness,Net Banking,207
ATQCUS0016,October,Travel,Credit Card,298
ATQCUS0016,October,Travel,UPI,1313
ATQCUS0016,October,Travel,Debit Card,385
ATQCUS0016,October,Travel,Net Banking,90
ATQCUS0016,October,Food,Credit Card,414
ATQCUS0016,October,Food,UPI,436
ATQCUS0016,October,Food,Debit Card,283
ATQCUS0016,October,Food,Net Banking,97
ATQCUS0016,October,Entertainment,Credit Card,873
ATQCUS0016,October,Entertainment,UPI,254
ATQCUS0016,October,Entertainment,Debit Card,214
ATQCUS0016,October,Entertainment,Net Banking,172
ATQCUS0016,October,Apparel,Credit Card,407
ATQCUS0016,October,Apparel,UPI,226
ATQCUS0016,October,Apparel,Debit Card,304
ATQCUS0016,October,Apparel,Net Banking,51
ATQCUS0016,October,Others,Credit Card,449
ATQCUS0016,October,Others,UPI,563
ATQCUS0016,October,Others,Debit Card,95
ATQCUS0016,October,Others,Net Banking,127
ATQCUS0017,May,Bills,Credit Card,1435
ATQCUS0017,May,Bills,UPI,1201
ATQCUS0017,May,Bills,Debit Card,228
ATQCUS0017,May,Bills,Net Banking,237
ATQCUS0017,May,Groceries,Credit Card,1413
ATQCUS0017,May,Groceries,UPI,512
ATQCUS0017,May,Groceries,Debit Card,498
ATQCUS0017,May,Groceries,Net Banking,117
ATQCUS0017,May,Electronics,Credit Card,239
ATQCUS0017,May,Electronics,UPI,851
ATQCUS0017,May,Electronics,Debit Card,164
ATQCUS0017,May,Electronics,Net Banking,207
ATQCUS0017,May,Health & Wellness,Credit Card,673
ATQCUS0017,May,Health & Wellness,UPI,204
ATQCUS0017,May,Health & Wellness,Debit Card,270
ATQCUS0017,May,Health & Wellness,Net Banking,131
ATQCUS0017,May,Travel,Credit Card,168
ATQCUS0017,May,Travel,UPI,445
ATQCUS0017,May,Travel,Debit Card,260
ATQCUS0017,May,Travel,Net Banking,152
ATQCUS0017,May,Food,Credit Card,467
ATQCUS0017,May,Food,UPI,129
ATQCUS0017,May,Food,Debit Card,214
ATQCUS0017,May,Food,Net Banking,121
ATQCUS0017,May,Entertainment,Credit Card,231
ATQCUS0017,May,Entertainment,UPI,387
ATQCUS0017,May,Entertainment,Debit Card,175
ATQCUS0017,May,Entertainment,Net Banking,72
ATQCUS0017,May,Apparel,Credit Card,185
ATQCUS0017,May,Apparel,UPI,245
ATQCUS0017,May,Apparel,Debit Card,121
ATQCUS0017,May,Apparel,Net Banking,78
ATQCUS0017,May,Others,Credit Card,126
ATQCUS0017,May,Others,UPI,137
ATQCUS0017,May,Others,Debit Card,62
ATQCUS0017,May,Others,Net Banking,28
ATQCUS0017,June,Bills,Credit Card,272
ATQCUS0017,June,Bills,UPI,1281
ATQCUS0017,June,Bills,Debit Card,202
ATQCUS0017,June,Bills,Net Banking,475
ATQCUS0017,June,Groceries,Credit Card,293
ATQCUS0017,June,Groceries,UPI,237
ATQCUS0017,June,Groceries,Debit Card,313
ATQCUS0017,June,Groceries,Net Banking,68
ATQCUS0017,June,Electronics,Credit Card,88
ATQCUS0017,June,Electronics,UPI,317
ATQCUS0017,June,Electronics,Debit Card,210
ATQCUS0017,June,Electronics,Net Banking,262
ATQCUS0017,June,Health & Wellness,Credit Card,434
ATQCUS0017,June,Health & Wellness,UPI,262
ATQCUS0017,June,Health & Wellness,Debit Card,150
ATQCUS0017,June,Health & Wellness,Net Banking,77
ATQCUS0017,June,Travel,Credit Card,216
ATQCUS0017,June,Travel,UPI,300
ATQCUS0017,June,Travel,Debit Card,154
ATQCUS0017,June,Travel,Net Banking,100
ATQCUS0017,June,Food,Credit Card,654
ATQCUS0017,June,Food,UPI,137
ATQCUS0017,June,Food,Debit Card,117
ATQCUS0017,June,Food,Net Banking,180
ATQCUS0017,June,Entertainment,Credit Card,71
ATQCUS0017,June,Entertainment,UPI,186
ATQCUS0017,June,Entertainment,Debit Card,75
ATQCUS0017,June,Entertainment,Net Banking,209
ATQCUS0017,June,Apparel,Credit Card,219
ATQCUS0017,June,Apparel,UPI,227
ATQCUS0017,June,Apparel,Debit Card,56
ATQCUS0017,June,Apparel,Net Banking,112
ATQCUS0017,June,Others,Credit Card,333
ATQCUS0017,June,Others,UPI,140
ATQCUS0017,June,Others,Debit Card,55
ATQCUS0017,June,Others,Net Banking,48
ATQCUS0017,July,Bills,Credit Card,3652
ATQCUS0017,July,Bills,UPI,450
ATQCUS0017,July,Bills,Debit Card,183
ATQCUS0017,July,Bills,Net Banking,386
ATQCUS0017,July,Groceries,Credit Card,1615
ATQCUS0017,July,Groceries,UPI,1012
ATQCUS0017,July,Groceries,Debit Card,218
ATQCUS0017,July,Groceries,Net Banking,251
ATQCUS0017,July,Electronics,Credit Card,1144
ATQCUS0017,July,Electronics,UPI,422
ATQCUS0017,July,Electronics,Debit Card,383
ATQCUS0017,July,Electronics,Net Banking,218
ATQCUS0017,July,Health & Wellness,Credit Card,117
ATQCUS0017,July,Health & Wellness,UPI,385
ATQCUS0017,July,Health & Wellness,Debit Card,122
ATQCUS0017,July,Health & Wellness,Net Banking,94
ATQCUS0017,July,Travel,Credit Card,520
ATQCUS0017,July,Travel,UPI,493
ATQCUS0017,July,Travel,Debit Card,353
ATQCUS0017,July,Travel,Net Banking,176
ATQCUS0017,July,Food,Credit Card,694
ATQCUS0017,July,Food,UPI,232
ATQCUS0017,July,Food,Debit Card,158
ATQCUS0017,July,Food,Net Banking,129
ATQCUS0017,July,Entertainment,Credit Card,220
ATQCUS0017,July,Entertainment,UPI,161
ATQCUS0017,July,Entertainment,Debit Card,120
ATQCUS0017,July,Entertainment,Net Banking,145
ATQCUS0017,July,Apparel,Credit Card,241
ATQCUS0017,July,Apparel,UPI,82
ATQCUS0017,July,Apparel,Debit Card,61
ATQCUS0017,July,Apparel,Net Banking,140
ATQCUS0017,July,Others,Credit Card,291
ATQCUS0017,July,Others,UPI,101
ATQCUS0017,July,Others,Debit Card,133
ATQCUS0017,July,Others,Net Banking,47
ATQCUS0017,August,Bills,Credit Card,1448
ATQCUS0017,August,Bills,UPI,225
ATQCUS0017,August,Bills,Debit Card,449
ATQCUS0017,August,Bills,Net Banking,162
ATQCUS0017,August,Groceries,Credit Card,791
ATQCUS0017,August,Groceries,UPI,445
ATQCUS0017,August,Groceries,Debit Card,381
ATQCUS0017,August,Groceries,Net Banking,182
ATQCUS0017,August,Electronics,Credit Card,1283
ATQCUS0017,August,Electronics,UPI,240
ATQCUS0017,August,Electronics,Debit Card,356
ATQCUS0017,August,Electronics,Net Banking,140
ATQCUS0017,August,Health & Wellness,Credit Card,470
ATQCUS0017,August,Health & Wellness,UPI,199
ATQCUS0017,August,Health & Wellness,Debit Card,286
ATQCUS0017,August,Health & Wellness,Net Banking,270
ATQCUS0017,August,Travel,Credit Card,643
ATQCUS0017,August,Travel,UPI,333
ATQCUS0017,August,Travel,Debit Card,347
ATQCUS0017,August,Travel,Net Banking,186
ATQCUS0017,August,Food,Credit Card,265
ATQCUS0017,August,Food,UPI,379
ATQCUS0017,August,Food,Debit Card,132
ATQCUS0017,August,Food,Net Banking,163
ATQCUS0017,August,Entertainment,Credit Card,898
ATQCUS0017,August,Entertainment,UPI,169
ATQCUS0017,August,Entertainment,Debit Card,356
ATQCUS0017,August,Entertainment,Net Banking,168
ATQCUS0017,August,Apparel,Credit Card,190
ATQCUS0017,August,Apparel,UPI,231
ATQCUS0017,August,Apparel,Debit Card,258
ATQCUS0017,August,Apparel,Net Banking,133
ATQCUS0017,August,Others,Credit Card,139
ATQCUS0017,August,Others,UPI,247
ATQCUS0017,August,Others,Debit Card,73
ATQCUS0017,August,Others,Net Banking,55
ATQCUS0017,September,Bills,Credit Card,802
ATQCUS0017,September,Bills,UPI,463
ATQCUS0017,September,Bills,Debit Card,177
ATQCUS0017,September,Bills,Net Banking,233
ATQCUS0017,September,Groceries,Credit Card,442
ATQCUS0017,September,Groceries,UPI,692
ATQCUS0017,September,Groceries,Debit Card,546
ATQCUS0017,September,Groceries,Net Banking,136
ATQCUS0017,September,Electronics,Credit Card,683
ATQCUS0017,September,Electronics,UPI,382
ATQCUS0017,September,Electronics,Debit Card,412
ATQCUS0017,September,Electronics,Net Banking,54
ATQCUS0017,September,Health & Wellness,Credit Card,1039
ATQCUS0017,September,Health & Wellness,UPI,45
ATQCUS0017,September,Health & Wellness,Debit Card,279
ATQCUS0017,September,Health & Wellness,Net Banking,342
ATQCUS0017,September,Travel,Credit Card,454
ATQCUS0017,September,Travel,UPI,724
ATQCUS0017,September,Travel,Debit Card,65
ATQCUS0017,September,Travel,Net Banking,153
ATQCUS0017,September,Food,Credit Card,256
ATQCUS0017,September,Food,UPI,276
ATQCUS0017,September,Food,Debit Card,106
ATQCUS0017,September,Food,Net Banking,58
ATQCUS0017,September,Entertainment,Credit Card,247
ATQCUS0017,September,Entertainment,UPI,496
ATQCUS0017,September,Entertainment,Debit Card,458
ATQCUS0017,September,Entertainment,Net Banking,209
ATQCUS0017,September,Apparel,Credit Card,189
ATQCUS0017,September,Apparel,UPI,337
ATQCUS0017,September,Apparel,Debit Card,256
ATQCUS0017,September,Apparel,Net Banking,96
ATQCUS0017,September,Others,Credit Card,511
ATQCUS0017,September,Others,UPI,259
ATQCUS0017,September,Others,Debit Card,185
ATQCUS0017,September,Others,Net Banking,175
ATQCUS0017,October,Bills,Credit Card,843
ATQCUS0017,October,Bills,UPI,959
ATQCUS0017,October,Bills,Debit Card,178
ATQCUS0017,October,Bills,Net Banking,598
ATQCUS0017,October,Groceries,Credit Card,767
ATQCUS0017,October,Groceries,UPI,587
ATQCUS0017,October,Groceries,Debit Card,163
ATQCUS0017,October,Groceries,Net Banking,329
ATQCUS0017,October,Electronics,Credit Card,726
ATQCUS0017,October,Electronics,UPI,534
ATQCUS0017,October,Electronics,Debit Card,235
ATQCUS0017,October,Electronics,Net Banking,210
ATQCUS0017,October,Health & Wellness,Credit Card,164
ATQCUS0017,October,Health & Wellness,UPI,146
ATQCUS0017,October,Health & Wellness,Debit Card,116
ATQCUS0017,October,Health & Wellness,Net Banking,162
ATQCUS0017,October,Travel,Credit Card,301
ATQCUS0017,October,Travel,UPI,76
ATQCUS0017,October,Travel,Debit Card,122
ATQCUS0017,October,Travel,Net Banking,52
ATQCUS0017,October,Food,Credit Card,267
ATQCUS0017,October,Food,UPI,137
ATQCUS0017,October,Food,Debit Card,122
ATQCUS0017,October,Food,Net Banking,58
ATQCUS0017,October,Entertainment,Credit Card,74
ATQCUS0017,October,Entertainment,UPI,436
ATQCUS0017,October,Entertainment,Debit Card,279
ATQCUS0017,October,Entertainment,Net Banking,136
ATQCUS0017,October,Apparel,Credit Card,201
ATQCUS0017,October,Apparel,UPI,296
ATQCUS0017,October,Apparel,Debit Card,304
ATQCUS0017,October,Apparel,Net Banking,95
ATQCUS0017,October,Others,Credit Card,236
ATQCUS0017,October,Others,UPI,240
ATQCUS0017,October,Others,Debit Card,63
ATQCUS0017,October,Others,Net Banking,64
ATQCUS0018,May,Bills,Credit Card,2184
ATQCUS0018,May,Bills,UPI,412
ATQCUS0018,May,Bills,Debit Card,2060
ATQCUS0018,May,Bills,Net Banking,352
ATQCUS0018,May,Groceries,Credit Card,255
ATQCUS0018,May,Groceries,UPI,166
ATQCUS0018,May,Groceries,Debit Card,644
ATQCUS0018,May,Groceries,Net Banking,458
ATQCUS0018,May,Electronics,Credit Card,859
ATQCUS0018,May,Electronics,UPI,1273
ATQCUS0018,May,Electronics,Debit Card,703
ATQCUS0018,May,Electronics,Net Banking,426
ATQCUS0018,May,Health & Wellness,Credit Card,1695
ATQCUS0018,May,Health & Wellness,UPI,303
ATQCUS0018,May,Health & Wellness,Debit Card,799
ATQCUS0018,May,Health & Wellness,Net Banking,86
ATQCUS0018,May,Travel,Credit Card,271
ATQCUS0018,May,Travel,UPI,947
ATQCUS0018,May,Travel,Debit Card,245
ATQCUS0018,May,Travel,Net Banking,26
ATQCUS0018,May,Food,Credit Card,880
ATQCUS0018,May,Food,UPI,636
ATQCUS0018,May,Food,Debit Card,305
ATQCUS0018,May,Food,Net Banking,176
ATQCUS0018,May,Entertainment,Credit Card,263
ATQCUS0018,May,Entertainment,UPI,384
ATQCUS0018,May,Entertainment,Debit Card,406
ATQCUS0018,May,Entertainment,Net Banking,171
ATQCUS0018,May,Apparel,Credit Card,681
ATQCUS0018,May,Apparel,UPI,744
ATQCUS0018,May,Apparel,Debit Card,143
ATQCUS0018,May,Apparel,Net Banking,54
ATQCUS0018,May,Others,Credit Card,113
ATQCUS0018,May,Others,UPI,283
ATQCUS0018,May,Others,Debit Card,222
ATQCUS0018,May,Others,Net Banking,44
ATQCUS0018,June,Bills,Credit Card,1086
ATQCUS0018,June,Bills,UPI,221
ATQCUS0018,June,Bills,Debit Card,1297
ATQCUS0018,June,Bills,Net Banking,141
ATQCUS0018,June,Groceries,Credit Card,1717
ATQCUS0018,June,Groceries,UPI,858
ATQCUS0018,June,Groceries,Debit Card,701
ATQCUS0018,June,Groceries,Net Banking,447
ATQCUS0018,June,Electronics,Credit Card,530
ATQCUS0018,June,Electronics,UPI,625
ATQCUS0018,June,Electronics,Debit Card,691
ATQCUS0018,June,Electronics,Net Banking,171
ATQCUS0018,June,Health & Wellness,Credit Card,729
ATQCUS0018,June,Health & Wellness,UPI,576
ATQCUS0018,June,Health & Wellness,Debit Card,518
ATQCUS0018,June,Health & Wellness,Net Banking,42
ATQCUS0018,June,Travel,Credit Card,437
ATQCUS0018,June,Travel,UPI,1099
ATQCUS0018,June,Travel,Debit Card,503
ATQCUS0018,June,Travel,Net Banking,223
ATQCUS0018,June,Food,Credit Card,131
ATQCUS0018,June,Food,UPI,406
ATQCUS0018,June,Food,Debit Card,473
ATQCUS0018,June,Food,Net Banking,193
ATQCUS0018,June,Entertainment,Credit Card,499
ATQCUS0018,June,Entertainment,UPI,149
ATQCUS0018,June,Entertainment,Debit Card,232
ATQCUS0018,June,Entertainment,Net Banking,73
ATQCUS0018,June,Apparel,Credit Card,644
ATQCUS0018,June,Apparel,UPI,102
ATQCUS0018,June,Apparel,Debit Card,33
ATQCUS0018,June,Apparel,Net Banking,123
ATQCUS0018,June,Others,Credit Card,219
ATQCUS0018,June,Others,UPI,244
ATQCUS0018,June,Others,Debit Card,84
ATQCUS0018,June,Others,Net Banking,193
ATQCUS0018,July,Bills,Credit Card,808
ATQCUS0018,July,Bills,UPI,507
ATQCUS0018,July,Bills,Debit Card,313
ATQCUS0018,July,Bills,Net Banking,685
ATQCUS0018,July,Groceries,Credit Card,2573
ATQCUS0018,July,Groceries,UPI,1172
ATQCUS0018,July,Groceries,Debit Card,175
ATQCUS0018,July,Groceries,Net Banking,207
ATQCUS0018,July,Electronics,Credit Card,615
ATQCUS0018,July,Electronics,UPI,831
ATQCUS0018,July,Electronics,Debit Card,633
ATQCUS0018,July,Electronics,Net Banking,370
ATQCUS0018,July,Health & Wellness,Credit Card,1737
ATQCUS0018,July,Health & Wellness,UPI,532
ATQCUS0018,July,Health & Wellness,Debit Card,135
ATQCUS0018,July,Health & Wellness,Net Banking,507
ATQCUS0018,July,Travel,Credit Card,410
ATQCUS0018,July,Travel,UPI,731
ATQCUS0018,July,Travel,Debit Card,44
ATQCUS0018,July,Travel,Net Banking,92
ATQCUS0018,July,Food,Credit Card,1482
ATQCUS0018,July,Food,UPI,147
ATQCUS0018,July,Food,Debit Card,361
ATQCUS0018,July,Food,Net Banking,216
ATQCUS0018,July,Entertainment,Credit Card,163
ATQCUS0018,July,Entertainment,UPI,285
ATQCUS0018,July,Entertainment,Debit Card,119
ATQCUS0018,July,Entertainment,Net Banking,411
ATQCUS0018,July,Apparel,Credit Card,723
ATQCUS0018,July,Apparel,UPI,534
ATQCUS0018,July,Apparel,Debit Card,90
ATQCUS0018,July,Apparel,Net Banking,146
ATQCUS0018,July,Others,Credit Card,526
ATQCUS0018,July,Others,UPI,422
ATQCUS0018,July,Others,Debit Card,89
ATQCUS0018,July,Others,Net Banking,42
ATQCUS0018,August,Bills,Credit Card,2345
ATQCUS0018,August,Bills,UPI,906
ATQCUS0018,August,Bills,Debit Card,700
ATQCUS0018,August,Bills,Net Banking,552
ATQCUS0018,August,Groceries,Credit Card,1229
ATQCUS0018,August,Groceries,UPI,2021
ATQCUS0018,August,Groceries,Debit Card,74
ATQCUS0018,August,Groceries,Net Banking,654
ATQCUS0018,August,Electronics,Credit Card,625
ATQCUS0018,August,Electronics,UPI,456
ATQCUS0018,August,Electronics,Debit Card,646
ATQCUS0018,August,Electronics,Net Banking,152
ATQCUS0018,August,Health & Wellness,Credit Card,781
ATQCUS0018,August,Health & Wellness,UPI,277
ATQCUS0018,August,Health & Wellness,Debit Card,159
ATQCUS0018,August,Health & Wellness,Net Banking,185
ATQCUS0018,August,Travel,Credit Card,1730
ATQCUS0018,August,Travel,UPI,672
ATQCUS0018,August,Travel,Debit Card,150
ATQCUS0018,August,Travel,Net Banking,380
ATQCUS0018,August,Food,Credit Card,863
ATQCUS0018,August,Food,UPI,577
ATQCUS0018,August,Food,Debit Card,121
ATQCUS0018,August,Food,Net Banking,61
ATQCUS0018,August,Entertainment,Credit Card,348
ATQCUS0018,August,Entertainment,UPI,208
ATQCUS0018,August,Entertainment,Debit Card,418
ATQCUS0018,August,Entertainment,Net Banking,280
ATQCUS0018,August,Apparel,Credit Card,265
ATQCUS0018,August,Apparel,UPI,319
ATQCUS0018,August,Apparel,Debit Card,107
ATQCUS0018,August,Apparel,Net Banking,232
ATQCUS0018,August,Others,Credit Card,472
ATQCUS0018,August,Others,UPI,223
ATQCUS0018,August,Others,Debit Card,65
ATQCUS0018,August,Others,Net Banking,274
ATQCUS0018,September,Bills,Credit Card,309
ATQCUS0018,September,Bills,UPI,1023
ATQCUS0018,September,Bills,Debit Card,506
ATQCUS0018,September,Bills,Net Banking,687
ATQCUS0018,September,Groceries,Credit Card,1970
ATQCUS0018,September,Groceries,UPI,94
ATQCUS0018,September,Groceries,Debit Card,362
ATQCUS0018,September,Groceries,Net Banking,337
ATQCUS0018,September,Electronics,Credit Card,739
ATQCUS0018,September,Electronics,UPI,888
ATQCUS0018,September,Electronics,Debit Card,527
ATQCUS0018,September,Electronics,Net Banking,159
ATQCUS0018,September,Health & Wellness,Credit Card,272
ATQCUS0018,September,Health & Wellness,UPI,701
ATQCUS0018,September,Health & Wellness,Debit Card,114
ATQCUS0018,September,Health & Wellness,Net Banking,70
ATQCUS0018,September,Travel,Credit Card,615
ATQCUS0018,September,Travel,UPI,304
ATQCUS0018,September,Travel,Debit Card,115
ATQCUS0018,September,Travel,Net Banking,400
ATQCUS0018,September,Food,Credit Card,767
ATQCUS0018,September,Food,UPI,520
ATQCUS0018,September,Food,Debit Card,134
ATQCUS0018,September,Food,Net Banking,267
ATQCUS0018,September,Entertainment,Credit Card,566
ATQCUS0018,September,Entertainment,UPI,252
ATQCUS0018,September,Entertainment,Debit Card,128
ATQCUS0018,September,Entertainment,Net Banking,173
ATQCUS0018,September,Apparel,Credit Card,1146
ATQCUS0018,September,Apparel,UPI,759
ATQCUS0018,September,Apparel,Debit Card,254
ATQCUS0018,September,Apparel,Net Banking,104
ATQCUS0018,September,Others,Credit Card,217
ATQCUS0018,September,Others,UPI,200
ATQCUS0018,September,Others,Debit Card,328
ATQCUS0018,September,Others,Net Banking,106
ATQCUS0018,October,Bills,Credit Card,1231
ATQCUS0018,October,Bills,UPI,175
ATQCUS0018,October,Bills,Debit Card,920
ATQCUS0018,October,Bills,Net Banking,386
ATQCUS0018,October,Groceries,Credit Card,810
ATQCUS0018,October,Groceries,UPI,271
ATQCUS0018,October,Groceries,Debit Card,556
ATQCUS0018,October,Groceries,Net Banking,282
ATQCUS0018,October,Electronics,Credit Card,676
ATQCUS0018,October,Electronics,UPI,145
ATQCUS0018,October,Electronics,Debit Card,231
ATQCUS0018,October,Electronics,Net Banking,414
ATQCUS0018,October,Health & Wellness,Credit Card,446
ATQCUS0018,October,Health & Wellness,UPI,494
ATQCUS0018,October,Health & Wellness,Debit Card,300
ATQCUS0018,October,Health & Wellness,Net Banking,380
ATQCUS0018,October,Travel,Credit Card,496
ATQCUS0018,October,Travel,UPI,256
ATQCUS0018,October,Travel,Debit Card,52
ATQCUS0018,October,Travel,Net Banking,250
ATQCUS0018,October,Food,Credit Card,1552
ATQCUS0018,October,Food,UPI,651
ATQCUS0018,October,Food,Debit Card,264
ATQCUS0018,October,Food,Net Banking,231
ATQCUS0018,October,Entertainment,Credit Card,746
ATQCUS0018,October,Entertainment,UPI,474
ATQCUS0018,October,Entertainment,Debit Card,104
ATQCUS0018,October,Entertainment,Net Banking,76
ATQCUS0018,October,Apparel,Credit Card,220
ATQCUS0018,October,Apparel,UPI,212
ATQCUS0018,October,Apparel,Debit Card,182
ATQCUS0018,October,Apparel,Net Banking,196
ATQCUS0018,October,Others,Credit Card,622
ATQCUS0018,October,Others,UPI,263
ATQCUS0018,October,Others,Debit Card,154
ATQCUS0018,October,Others,Net Banking,191
ATQCUS0019,May,Bills,Credit Card,1631
ATQCUS0019,May,Bills,UPI,668
ATQCUS0019,May,Bills,Debit Card,1154
ATQCUS0019,May,Bills,Net Banking,457
ATQCUS0019,May,Groceries,Credit Card,1960
ATQCUS0019,May,Groceries,UPI,1124
ATQCUS0019,May,Groceries,Debit Card,844
ATQCUS0019,May,Groceries,Net Banking,101
ATQCUS0019,May,Electronics,Credit Card,176
ATQCUS0019,May,Electronics,UPI,607
ATQCUS0019,May,Electronics,Debit Card,119
ATQCUS0019,May,Electronics,Net Banking,434
ATQCUS0019,May,Health & Wellness,Credit Card,388
ATQCUS0019,May,Health & Wellness,UPI,602
ATQCUS0019,May,Health & Wellness,Debit Card,124
ATQCUS0019,May,Health & Wellness,Net Banking,281
ATQCUS0019,May,Travel,Credit Card,760
ATQCUS0019,May,Travel,UPI,226
ATQCUS0019,May,Travel,Debit Card,412
ATQCUS0019,May,Travel,Net Banking,127
ATQCUS0019,May,Food,Credit Card,467
ATQCUS0019,May,Food,UPI,626
ATQCUS0019,May,Food,Debit Card,387
ATQCUS0019,May,Food,Net Banking,184
ATQCUS0019,May,Entertainment,Credit Card,381
ATQCUS0019,May,Entertainment,UPI,440
ATQCUS0019,May,Entertainment,Debit Card,177
ATQCUS0019,May,Entertainment,Net Banking,97
ATQCUS0019,May,Apparel,Credit Card,393
ATQCUS0019,May,Apparel,UPI,359
ATQCUS0019,May,Apparel,Debit Card,375
ATQCUS0019,May,Apparel,Net Banking,124
ATQCUS0019,May,Others,Credit Card,156
ATQCUS0019,May,Others,UPI,90
ATQCUS0019,May,Others,Debit Card,144
ATQCUS0019,May,Others,Net Banking,95
ATQCUS0019,June,Bills,Credit Card,1444
ATQCUS0019,June,Bills,UPI,814
ATQCUS0019,June,Bills,Debit Card,714
ATQCUS0019,June,Bills,Net Banking,370
ATQCUS0019,June,Groceries,Credit Card,569
ATQCUS0019,June,Groceries,UPI,689
ATQCUS0019,June,Groceries,Debit Card,804
ATQCUS0019,June,Groceries,Net Banking,169
ATQCUS0019,June,Electronics,Credit Card,2171
ATQCUS0019,June,Electronics,UPI,1410
ATQCUS0019,June,Electronics,Debit Card,353
ATQCUS0019,June,Electronics,Net Banking,318
ATQCUS0019,June,Health & Wellness,Credit Card,1153
ATQCUS0019,June,Health & Wellness,UPI,584
ATQCUS0019,June,Health & Wellness,Debit Card,137
ATQCUS0019,June,Health & Wellness,Net Banking,327
ATQCUS0019,June,Travel,Credit Card,171
ATQCUS0019,June,Travel,UPI,305
ATQCUS0019,June,Travel,Debit Card,242
ATQCUS0019,June,Travel,Net Banking,125
ATQCUS0019,June,Food,Credit Card,799
ATQCUS0019,June,Food,UPI,671
ATQCUS0019,June,Food,Debit Card,159
ATQCUS0019,June,Food,Net Banking,114
ATQCUS0019,June,Entertainment,Credit Card,89
ATQCUS0019,June,Entertainment,UPI,378
ATQCUS0019,June,Entertainment,Debit Card,99
ATQCUS0019,June,Entertainment,Net Banking,169
ATQCUS0019,June,Apparel,Credit Card,566
ATQCUS0019,June,Apparel,UPI,125
ATQCUS0019,June,Apparel,Debit Card,96
ATQCUS0019,June,Apparel,Net Banking,72
ATQCUS0019,June,Others,Credit Card,634
ATQCUS0019,June,Others,UPI,283
ATQCUS0019,June,Others,Debit Card,49
ATQCUS0019,June,Others,Net Banking,83
ATQCUS0019,July,Bills,Credit Card,4096
ATQCUS0019,July,Bills,UPI,1339
ATQCUS0019,July,Bills,Debit Card,192
ATQCUS0019,July,Bills,Net Banking,235
ATQCUS0019,July,Groceries,Credit Card,1766
ATQCUS0019,July,Groceries,UPI,453
ATQCUS0019,July,Groceries,Debit Card,337
ATQCUS0019,July,Groceries,Net Banking,47
ATQCUS0019,July,Electronics,Credit Card,1645
ATQCUS0019,July,Electronics,UPI,552
ATQCUS0019,July,Electronics,Debit Card,282
ATQCUS0019,July,Electronics,Net Banking,480
ATQCUS0019,July,Health & Wellness,Credit Card,562
ATQCUS0019,July,Health & Wellness,UPI,466
ATQCUS0019,July,Health & Wellness,Debit Card,688
ATQCUS0019,July,Health & Wellness,Net Banking,236
ATQCUS0019,July,Travel,Credit Card,510
ATQCUS0019,July,Travel,UPI,388
ATQCUS0019,July,Travel,Debit Card,273
ATQCUS0019,July,Travel,Net Banking,118
ATQCUS0019,July,Food,Credit Card,599
ATQCUS0019,July,Food,UPI,310
ATQCUS0019,July,Food,Debit Card,640
ATQCUS0019,July,Food,Net Banking,99
ATQCUS0019,July,Entertainment,Credit Card,583
ATQCUS0019,July,Entertainment,UPI,359
ATQCUS0019,July,Entertainment,Debit Card,182
ATQCUS0019,July,Entertainment,Net Banking,131
ATQCUS0019,July,Apparel,Credit Card,162
ATQCUS0019,July,Apparel,UPI,178
ATQCUS0019,July,Apparel,Debit Card,67
ATQCUS0019,July,Apparel,Net Banking,61
ATQCUS0019,July,Others,Credit Card,144
ATQCUS0019,July,Others,UPI,384
ATQCUS0019,July,Others,Debit Card,104
ATQCUS0019,July,Others,Net Banking,47
ATQCUS0019,August,Bills,Credit Card,609
ATQCUS0019,August,Bills,UPI,2274
ATQCUS0019,August,Bills,Debit Card,718
ATQCUS0019,August,Bills,Net Banking,88
ATQCUS0019,August,Groceries,Credit Card,1043
ATQCUS0019,August,Groceries,UPI,148
ATQCUS0019,August,Groceries,Debit Card,234
ATQCUS0019,August,Groceries,Net Banking,655
ATQCUS0019,August,Electronics,Credit Card,1037
ATQCUS0019,August,Electronics,UPI,1178
ATQCUS0019,August,Electronics,Debit Card,60
ATQCUS0019,August,Electronics,Net Banking,278
ATQCUS0019,August,Health & Wellness,Credit Card,603
ATQCUS0019,August,Health & Wellness,UPI,420
ATQCUS0019,August,Health & Wellness,Debit Card,557
ATQCUS0019,August,Health & Wellness,Net Banking,51
ATQCUS0019,August,Travel,Credit Card,222
ATQCUS0019,August,Travel,UPI,148
ATQCUS0019,August,Travel,Debit Card,260
ATQCUS0019,August,Travel,Net Banking,348
ATQCUS0019,August,Food,Credit Card,974
ATQCUS0019,August,Food,UPI,256
ATQCUS0019,August,Food,Debit Card,635
ATQCUS0019,August,Food,Net Banking,54
ATQCUS0019,August,Entertainment,Credit Card,639
ATQCUS0019,August,Entertainment,UPI,214
ATQCUS0019,August,Entertainment,Debit Card,101
ATQCUS0019,August,Entertainment,Net Banking,76
ATQCUS0019,August,Apparel,Credit Card,171
ATQCUS0019,August,Apparel,UPI,371
ATQCUS0019,August,Apparel,Debit Card,134
ATQCUS0019,August,Apparel,Net Banking,261
ATQCUS0019,August,Others,Credit Card,398
ATQCUS0019,August,Others,UPI,36
ATQCUS0019,August,Others,Debit Card,88
ATQCUS0019,August,Others,Net Banking,105
ATQCUS0019,September,Bills,Credit Card,683
ATQCUS0019,September,Bills,UPI,453
ATQCUS0019,September,Bills,Debit Card,497
ATQCUS0019,September,Bills,Net Banking,84
ATQCUS0019,September,Groceries,Credit Card,693
ATQCUS0019,September,Groceries,UPI,325
ATQCUS0019,September,Groceries,Debit Card,427
ATQCUS0019,September,Groceries,Net Banking,408
ATQCUS0019,September,Electronics,Credit Card,497
ATQCUS0019,September,Electronics,UPI,269
ATQCUS0019,September,Electronics,Debit Card,656
ATQCUS0019,September,Electronics,Net Banking,334
ATQCUS0019,September,Health & Wellness,Credit Card,497
ATQCUS0019,September,Health & Wellness,UPI,849
ATQCUS0019,September,Health & Wellness,Debit Card,386
ATQCUS0019,September,Health & Wellness,Net Banking,144
ATQCUS0019,September,Travel,Credit Card,691
ATQCUS0019,September,Travel,UPI,877
ATQCUS0019,September,Travel,Debit Card,609
ATQCUS0019,September,Travel,Net Banking,122
ATQCUS0019,September,Food,Credit Card,361
ATQCUS0019,September,Food,UPI,87
ATQCUS0019,September,Food,Debit Card,183
ATQCUS0019,September,Food,Net Banking,170
ATQCUS0019,September,Entertainment,Credit Card,240
ATQCUS0019,September,Entertainment,UPI,349
ATQCUS0019,September,Entertainment,Debit Card,153
ATQCUS0019,September,Entertainment,Net Banking,50
ATQCUS0019,September,Apparel,Credit Card,163
ATQCUS0019,September,Apparel,UPI,626
ATQCUS0019,September,Apparel,Debit Card,269
ATQCUS0019,September,Apparel,Net Banking,79
ATQCUS0019,September,Others,Credit Card,577
ATQCUS0019,September,Others,UPI,229
ATQCUS0019,September,Others,Debit Card,225
ATQCUS0019,September,Others,Net Banking,169
ATQCUS0019,October,Bills,Credit Card,615
ATQCUS0019,October,Bills,UPI,178
ATQCUS0019,October,Bills,Debit Card,610
ATQCUS0019,October,Bills,Net Banking,399
ATQCUS0019,October,Groceries,Credit Card,181
ATQCUS0019,October,Groceries,UPI,157
ATQCUS0019,October,Groceries,Debit Card,624
ATQCUS0019,October,Groceries,Net Banking,353
ATQCUS0019,October,Electronics,Credit Card,631
ATQCUS0019,October,Electronics,UPI,692
ATQCUS0019,October,Electronics,Debit Card,330
ATQCUS0019,October,Electronics,Net Banking,156
ATQCUS0019,October,Health & Wellness,Credit Card,184
ATQCUS0019,October,Health & Wellness,UPI,289
ATQCUS0019,October,Health & Wellness,Debit Card,642
ATQCUS0019,October,Health & Wellness,Net Banking,45
ATQCUS0019,October,Travel,Credit Card,790
ATQCUS0019,October,Travel,UPI,382
ATQCUS0019,October,Travel,Debit Card,1148
ATQCUS0019,October,Travel,Net Banking,517
ATQCUS0019,October,Food,Credit Card,214
ATQCUS0019,October,Food,UPI,453
ATQCUS0019,October,Food,Debit Card,161
ATQCUS0019,October,Food,Net Banking,95
ATQCUS0019,October,Entertainment,Credit Card,946
ATQCUS0019,October,Entertainment,UPI,204
ATQCUS0019,October,Entertainment,Debit Card,136
ATQCUS0019,October,Entertainment,Net Banking,338
ATQCUS0019,October,Apparel,Credit Card,181
ATQCUS0019,October,Apparel,UPI,152
ATQCUS0019,October,Apparel,Debit Card,145
ATQCUS0019,October,Apparel,Net Banking,45
ATQCUS0019,October,Others,Credit Card,220
ATQCUS0019,October,Others,UPI,145
ATQCUS0019,October,Others,Debit Card,121
ATQCUS0019,October,Others,Net Banking,133
ATQCUS0020,May,Bills,Credit Card,537
ATQCUS0020,May,Bills,UPI,2207
ATQCUS0020,May,Bills,Debit Card,1510
ATQCUS0020,May,Bills,Net Banking,600
ATQCUS0020,May,Groceries,Credit Card,2314
ATQCUS0020,May,Groceries,UPI,379
ATQCUS0020,May,Groceries,Debit Card,863
ATQCUS0020,May,Groceries,Net Banking,90
ATQCUS0020,May,Electronics,Credit Card,558
ATQCUS0020,May,Electronics,UPI,487
ATQCUS0020,May,Electronics,Debit Card,311
ATQCUS0020,May,Electronics,Net Banking,204
ATQCUS0020,May,Health & Wellness,Credit Card,1660
ATQCUS0020,May,Health & Wellness,UPI,472
ATQCUS0020,May,Health & Wellness,Debit Card,337
ATQCUS0020,May,Health & Wellness,Net Banking,516
ATQCUS0020,May,Travel,Credit Card,281
ATQCUS0020,May,Travel,UPI,244
ATQCUS0020,May,Travel,Debit Card,277
ATQCUS0020,May,Travel,Net Banking,70
ATQCUS0020,May,Food,Credit Card,410
ATQCUS0020,May,Food,UPI,900
ATQCUS0020,May,Food,Debit Card,344
ATQCUS0020,May,Food,Net Banking,130
ATQCUS0020,May,Entertainment,Credit Card,282
ATQCUS0020,May,Entertainment,UPI,210
ATQCUS0020,May,Entertainment,Debit Card,171
ATQCUS0020,May,Entertainment,Net Banking,105
ATQCUS0020,May,Apparel,Credit Card,612
ATQCUS0020,May,Apparel,UPI,224
ATQCUS0020,May,Apparel,Debit Card,176
ATQCUS0020,May,Apparel,Net Banking,69
ATQCUS0020,May,Others,Credit Card,420
ATQCUS0020,May,Others,UPI,261
ATQCUS0020,May,Others,Debit Card,61
ATQCUS0020,May,Others,Net Banking,122
ATQCUS0020,June,Bills,Credit Card,909
ATQCUS0020,June,Bills,UPI,2173
ATQCUS0020,June,Bills,Debit Card,896
ATQCUS0020,June,Bills,Net Banking,453
ATQCUS0020,June,Groceries,Credit Card,1190
ATQCUS0020,June,Groceries,UPI,324
ATQCUS0020,June,Groceries,Debit Card,260
ATQCUS0020,June,Groceries,Net Banking,144
ATQCUS0020,June,Electronics,Credit Card,1565
ATQCUS0020,June,Electronics,UPI,1113
ATQCUS0020,June,Electronics,Debit Card,529
ATQCUS0020,June,Electronics,Net Banking,674
ATQCUS0020,June,Health & Wellness,Credit Card,608
ATQCUS0020,June,Health & Wellness,UPI,557
ATQCUS0020,June,Health & Wellness,Debit Card,294
ATQCUS0020,June,Health & Wellness,Net Banking,126
ATQCUS0020,June,Travel,Credit Card,285
ATQCUS0020,June,Travel,UPI,1157
ATQCUS0020,June,Travel,Debit Card,64
ATQCUS0020,June,Travel,Net Banking,46
ATQCUS0020,June,Food,Credit Card,300
ATQCUS0020,June,Food,UPI,515
ATQCUS0020,June,Food,Debit Card,293
ATQCUS0020,June,Food,Net Banking,48
ATQCUS0020,June,Entertainment,Credit Card,529
ATQCUS0020,June,Entertainment,UPI,980
ATQCUS0020,June,Entertainment,Debit Card,61
ATQCUS0020,June,Entertainment,Net Banking,117
ATQCUS0020,June,Apparel,Credit Card,280
ATQCUS0020,June,Apparel,UPI,69
ATQCUS0020,June,Apparel,Debit Card,134
ATQCUS0020,June,Apparel,Net Banking,276
ATQCUS0020,June,Others,Credit Card,443
ATQCUS0020,June,Others,UPI,394
ATQCUS0020,June,Others,Debit Card,63
ATQCUS0020,June,Others,Net Banking,214
ATQCUS0020,July,Bills,Credit Card,388
ATQCUS0020,July,Bills,UPI,975
ATQCUS0020,July,Bills,Debit Card,523
ATQCUS0020,July,Bills,Net Banking,566
ATQCUS0020,July,Groceries,Credit Card,1352
ATQCUS0020,July,Groceries,UPI,285
ATQCUS0020,July,Groceries,Debit Card,601
ATQCUS0020,July,Groceries,Net Banking,608
ATQCUS0020,July,Electronics,Credit Card,1075
ATQCUS0020,July,Electronics,UPI,416
ATQCUS0020,July,Electronics,Debit Card,640
ATQCUS0020,July,Electronics,Net Banking,745
ATQCUS0020,July,Health & Wellness,Credit Card,563
ATQCUS0020,July,Health & Wellness,UPI,276
ATQCUS0020,July,Health & Wellness,Debit Card,225
ATQCUS0020,July,Health & Wellness,Net Banking,282
ATQCUS0020,July,Travel,Credit Card,1287
ATQCUS0020,July,Travel,UPI,170
ATQCUS0020,July,Travel,Debit Card,427
ATQCUS0020,July,Travel,Net Banking,128
ATQCUS0020,July,Food,Credit Card,309
ATQCUS0020,July,Food,UPI,357
ATQCUS0020,July,Food,Debit Card,204
ATQCUS0020,July,Food,Net Banking,193
ATQCUS0020,July,Entertainment,Credit Card,754
ATQCUS0020,July,Entertainment,UPI,382
ATQCUS0020,July,Entertainment,Debit Card,93
ATQCUS0020,July,Entertainment,Net Banking,181
ATQCUS0020,July,Apparel,Credit Card,510
ATQCUS0020,July,Apparel,UPI,89
ATQCUS0020,July,Apparel,Debit Card,172
ATQCUS0020,July,Apparel,Net Banking,187
ATQCUS0020,July,Others,Credit Card,153
ATQCUS0020,July,Others,UPI,143
ATQCUS0020,July,Others,Debit Card,284
ATQCUS0020,July,Others,Net Banking,78
ATQCUS0020,August,Bills,Credit Card,1052
ATQCUS0020,August,Bills,UPI,3137
ATQCUS0020,August,Bills,Debit Card,822
ATQCUS0020,August,Bills,Net Banking,390
ATQCUS0020,August,Groceries,Credit Card,473
ATQCUS0020,August,Groceries,UPI,394
ATQCUS0020,August,Groceries,Debit Card,315
ATQCUS0020,August,Groceries,Net Banking,538
ATQCUS0020,August,Electronics,Credit Card,1991
ATQCUS0020,August,Electronics,UPI,492
ATQCUS0020,August,Electronics,Debit Card,243
ATQCUS0020,August,Electronics,Net Banking,61
ATQCUS0020,August,Health & Wellness,Credit Card,392
ATQCUS0020,August,Health & Wellness,UPI,539
ATQCUS0020,August,Health & Wellness,Debit Card,140
ATQCUS0020,August,Health & Wellness,Net Banking,580
ATQCUS0020,August,Travel,Credit Card,1458
ATQCUS0020,August,Travel,UPI,446
ATQCUS0020,August,Travel,Debit Card,873
ATQCUS0020,August,Travel,Net Banking,387
ATQCUS0020,August,Food,Credit Card,329
ATQCUS0020,August,Food,UPI,845
ATQCUS0020,August,Food,Debit Card,802
ATQCUS0020,August,Food,Net Banking,132
ATQCUS0020,August,Entertainment,Credit Card,292
ATQCUS0020,August,Entertainment,UPI,508
ATQCUS0020,August,Entertainment,Debit Card,272
ATQCUS0020,August,Entertainment,Net Banking,230
ATQCUS0020,August,Apparel,Credit Card,1198
ATQCUS0020,August,Apparel,UPI,162
ATQCUS0020,August,Apparel,Debit Card,421
ATQCUS0020,August,Apparel,Net Banking,237
ATQCUS0020,August,Others,Credit Card,173
ATQCUS0020,August,Others,UPI,49
ATQCUS0020,August,Others,Debit Card,216
ATQCUS0020,August,Others,Net Banking,115
ATQCUS0020,September,Bills,Credit Card,994
ATQCUS0020,September,Bills,UPI,442
ATQCUS0020,September,Bills,Debit Card,730
ATQCUS0020,September,Bills,Net Banking,124
ATQCUS0020,September,Groceries,Credit Card,50
ATQCUS0020,September,Groceries,UPI,1059
ATQCUS0020,September,Groceries,Debit Card,1466
ATQCUS0020,September,Groceries,Net Banking,1111
ATQCUS0020,September,Electronics,Credit Card,925
ATQCUS0020,September,Electronics,UPI,1046
ATQCUS0020,September,Electronics,Debit Card,550
ATQCUS0020,September,Electronics,Net Banking,294
ATQCUS0020,September,Health & Wellness,Credit Card,1173
ATQCUS0020,September,Health & Wellness,UPI,343
ATQCUS0020,September,Health & Wellness,Debit Card,392
ATQCUS0020,September,Health & Wellness,Net Banking,130
ATQCUS0020,September,Travel,Credit Card,255
ATQCUS0020,September,Travel,UPI,701
ATQCUS0020,September,Travel,Debit Card,65
ATQCUS0020,September,Travel,Net Banking,148
ATQCUS0020,September,Food,Credit Card,932
ATQCUS0020,September,Food,UPI,648
ATQCUS0020,September,Food,Debit Card,101
ATQCUS0020,September,Food,Net Banking,233
ATQCUS0020,September,Entertainment,Credit Card,304
ATQCUS0020,September,Entertainment,UPI,517
ATQCUS0020,September,Entertainment,Debit Card,367
ATQCUS0020,September,Entertainment,Net Banking,212
ATQCUS0020,September,Apparel,Credit Card,279
ATQCUS0020,September,Apparel,UPI,290
ATQCUS0020,September,Apparel,Debit Card,62
ATQCUS0020,September,Apparel,Net Banking,544
ATQCUS0020,September,Others,Credit Card,660
ATQCUS0020,September,Others,UPI,259
ATQCUS0020,September,Others,Debit Card,123
ATQCUS0020,September,Others,Net Banking,80
ATQCUS0020,October,Bills,Credit Card,1393
ATQCUS0020,October,Bills,UPI,2248
ATQCUS0020,October,Bills,Debit Card,450
ATQCUS0020,October,Bills,Net Banking,377
ATQCUS0020,October,Groceries,Credit Card,2174
ATQCUS0020,October,Groceries,UPI,645
ATQCUS0020,October,Groceries,Debit Card,281
ATQCUS0020,October,Groceries,Net Banking,307
ATQCUS0020,October,Electronics,Credit Card,119
ATQCUS0020,October,Electronics,UPI,413
ATQCUS0020,October,Electronics,Debit Card,318
ATQCUS0020,October,Electronics,Net Banking,674
ATQCUS0020,October,Health & Wellness,Credit Card,1327
ATQCUS0020,October,Health & Wellness,UPI,644
ATQCUS0020,October,Health & Wellness,Debit Card,481
ATQCUS0020,October,Health & Wellness,Net Banking,353
ATQCUS0020,October,Travel,Credit Card,907
ATQCUS0020,October,Travel,UPI,261
ATQCUS0020,October,Travel,Debit Card,363
ATQCUS0020,October,Travel,Net Banking,129
ATQCUS0020,October,Food,Credit Card,362
ATQCUS0020,October,Food,UPI,973
ATQCUS0020,October,Food,Debit Card,244
ATQCUS0020,October,Food,Net Banking,212
ATQCUS0020,October,Entertainment,Credit Card,414
ATQCUS0020,October,Entertainment,UPI,89
ATQCUS0020,October,Entertainment,Debit Card,112
ATQCUS0020,October,Entertainment,Net Banking,100
ATQCUS0020,October,Apparel,Credit Card,172
ATQCUS0020,October,Apparel,UPI,44
ATQCUS0020,October,Apparel,Debit Card,182
ATQCUS0020,October,Apparel,Net Banking,45
ATQCUS0020,October,Others,Credit Card,220
ATQCUS0020,October,Others,UPI,148
ATQCUS0020,October,Others,Debit Card,150
ATQCUS0020,October,Others,Net Banking,130
ATQCUS0021,May,Bills,Credit Card,2859
ATQCUS0021,May,Bills,UPI,1281
ATQCUS0021,May,Bills,Debit Card,870
ATQCUS0021,May,Bills,Net Banking,524
ATQCUS0021,May,Groceries,Credit Card,1432
ATQCUS0021,May,Groceries,UPI,182
ATQCUS0021,May,Groceries,Debit Card,946
ATQCUS0021,May,Groceries,Net Banking,100
ATQCUS0021,May,Electronics,Credit Card,2415
ATQCUS0021,May,Electronics,UPI,745
ATQCUS0021,May,Electronics,Debit Card,1966
ATQCUS0021,May,Electronics,Net Banking,186
ATQCUS0021,May,Health & Wellness,Credit Card,672
ATQCUS0021,May,Health & Wellness,UPI,1191
ATQCUS0021,May,Health & Wellness,Debit Card,538
ATQCUS0021,May,Health & Wellness,Net Banking,362
ATQCUS0021,May,Travel,Credit Card,233
ATQCUS0021,May,Travel,UPI,1613
ATQCUS0021,May,Travel,Debit Card,489
ATQCUS0021,May,Travel,Net Banking,254
ATQCUS0021,May,Food,Credit Card,370
ATQCUS0021,May,Food,UPI,1021
ATQCUS0021,May,Food,Debit Card,152
ATQCUS0021,May,Food,Net Banking,84
ATQCUS0021,May,Entertainment,Credit Card,466
ATQCUS0021,May,Entertainment,UPI,307
ATQCUS0021,May,Entertainment,Debit Card,382
ATQCUS0021,May,Entertainment,Net Banking,159
ATQCUS0021,May,Apparel,Credit Card,831
ATQCUS0021,May,Apparel,UPI,528
ATQCUS0021,May,Apparel,Debit Card,351
ATQCUS0021,May,Apparel,Net Banking,154
ATQCUS0021,May,Others,Credit Card,474
ATQCUS0021,May,Others,UPI,26
ATQCUS0021,May,Others,Debit Card,182
ATQCUS0021,May,Others,Net Banking,66
ATQCUS0021,June,Bills,Credit Card,817
ATQCUS0021,June,Bills,UPI,1166
ATQCUS0021,June,Bills,Debit Card,685
ATQCUS0021,June,Bills,Net Banking,270
ATQCUS0021,June,Groceries,Credit Card,2677
ATQCUS0021,June,Groceries,UPI,513
ATQCUS0021,June,Groceries,Debit Card,986
ATQCUS0021,June,Groceries,Net Banking,310
ATQCUS0021,June,Electronics,Credit Card,609
ATQCUS0021,June,Electronics,UPI,716
ATQCUS0021,June,Electronics,Debit Card,664
ATQCUS0021,June,Electronics,Net Banking,280
ATQCUS0021,June,Health & Wellness,Credit Card,637
ATQCUS0021,June,Health & Wellness,UPI,146
ATQCUS0021,June,Health & Wellness,Debit Card,763
ATQCUS0021,June,Health & Wellness,Net Banking,45
ATQCUS0021,June,Travel,Credit Card,767
ATQCUS0021,June,Travel,UPI,170
ATQCUS0021,June,Travel,Debit Card,113
ATQCUS0021,June,Travel,Net Banking,251
ATQCUS0021,June,Food,Credit Card,1229
ATQCUS0021,June,Food,UPI,1250
ATQCUS0021,June,Food,Debit Card,199
ATQCUS0021,June,Food,Net Banking,274
ATQCUS0021,June,Entertainment,Credit Card,445
ATQCUS0021,June,Entertainment,UPI,214
ATQCUS0021,June,Entertainment,Debit Card,279
ATQCUS0021,June,Entertainment,Net Banking,202
ATQCUS0021,June,Apparel,Credit Card,315
ATQCUS0021,June,Apparel,UPI,510
ATQCUS0021,June,Apparel,Debit Card,199
ATQCUS0021,June,Apparel,Net Banking,65
ATQCUS0021,June,Others,Credit Card,362
ATQCUS0021,June,Others,UPI,249
ATQCUS0021,June,Others,Debit Card,346
ATQCUS0021,June,Others,Net Banking,67
ATQCUS0021,July,Bills,Credit Card,759
ATQCUS0021,July,Bills,UPI,1087
ATQCUS0021,July,Bills,Debit Card,2592
ATQCUS0021,July,Bills,Net Banking,505
ATQCUS0021,July,Groceries,Credit Card,3492
ATQCUS0021,July,Groceries,UPI,1492
ATQCUS0021,July,Groceries,Debit Card,545
ATQCUS0021,July,Groceries,Net Banking,65
ATQCUS0021,July,Electronics,Credit Card,1107
ATQCUS0021,July,Electronics,UPI,406
ATQCUS0021,July,Electronics,Debit Card,708
ATQCUS0021,July,Electronics,Net Banking,825
ATQCUS0021,July,Health & Wellness,Credit Card,405
ATQCUS0021,July,Health & Wellness,UPI,1202
ATQCUS0021,July,Health & Wellness,Debit Card,556
ATQCUS0021,July,Health & Wellness,Net Banking,71
ATQCUS0021,July,Travel,Credit Card,785
ATQCUS0021,July,Travel,UPI,647
ATQCUS0021,July,Travel,Debit Card,643
ATQCUS0021,July,Travel,Net Banking,121
ATQCUS0021,July,Food,Credit Card,1195
ATQCUS0021,July,Food,UPI,1415
ATQCUS0021,July,Food,Debit Card,479
ATQCUS0021,July,Food,Net Banking,121
ATQCUS0021,July,Entertainment,Credit Card,719
ATQCUS0021,July,Entertainment,UPI,401
ATQCUS0021,July,Entertainment,Debit Card,554
ATQCUS0021,July,Entertainment,Net Banking,147
ATQCUS0021,July,Apparel,Credit Card,212
ATQCUS0021,July,Apparel,UPI,445
ATQCUS0021,July,Apparel,Debit Card,147
ATQCUS0021,July,Apparel,Net Banking,89
ATQCUS0021,July,Others,Credit Card,216
ATQCUS0021,July,Others,UPI,379
ATQCUS0021,July,Others,Debit Card,174
ATQCUS0021,July,Others,Net Banking,106
ATQCUS0021,August,Bills,Credit Card,711
ATQCUS0021,August,Bills,UPI,531
ATQCUS0021,August,Bills,Debit Card,237
ATQCUS0021,August,Bills,Net Banking,613
ATQCUS0021,August,Groceries,Credit Card,1379
ATQCUS0021,August,Groceries,UPI,2387
ATQCUS0021,August,Groceries,Debit Card,904
ATQCUS0021,August,Groceries,Net Banking,242
ATQCUS0021,August,Electronics,Credit Card,212
ATQCUS0021,August,Electronics,UPI,344
ATQCUS0021,August,Electronics,Debit Card,289
ATQCUS0021,August,Electronics,Net Banking,1102
ATQCUS0021,August,Health & Wellness,Credit Card,902
ATQCUS0021,August,Health & Wellness,UPI,460
ATQCUS0021,August,Health & Wellness,Debit Card,316
ATQCUS0021,August,Health & Wellness,Net Banking,564
ATQCUS0021,August,Travel,Credit Card,15
ATQCUS0021,August,Travel,UPI,944
ATQCUS0021,August,Travel,Debit Card,310
ATQCUS0021,August,Travel,Net Banking,497
ATQCUS0021,August,Food,Credit Card,456
ATQCUS0021,August,Food,UPI,69
ATQCUS0021,August,Food,Debit Card,187
ATQCUS0021,August,Food,Net Banking,110
ATQCUS0021,August,Entertainment,Credit Card,319
ATQCUS0021,August,Entertainment,UPI,388
ATQCUS0021,August,Entertainment,Debit Card,168
ATQCUS0021,August,Entertainment,Net Banking,142
ATQCUS0021,August,Apparel,Credit Card,95
ATQCUS0021,August,Apparel,UPI,56
ATQCUS0021,August,Apparel,Debit Card,102
ATQCUS0021,August,Apparel,Net Banking,53
ATQCUS0021,August,Others,Credit Card,147
ATQCUS0021,August,Others,UPI,435
ATQCUS0021,August,Others,Debit Card,213
ATQCUS0021,August,Others,Net Banking,87
ATQCUS0021,September,Bills,Credit Card,3558
ATQCUS0021,September,Bills,UPI,291
ATQCUS0021,September,Bills,Debit Card,351
ATQCUS0021,September,Bills,Net Banking,394
ATQCUS0021,September,Groceries,Credit Card,1099
ATQCUS0021,September,Groceries,UPI,625
ATQCUS0021,September,Groceries,Debit Card,156
ATQCUS0021,September,Groceries,Net Banking,202
ATQCUS0021,September,Electronics,Credit Card,1477
ATQCUS0021,September,Electronics,UPI,639
ATQCUS0021,September,Electronics,Debit Card,348
ATQCUS0021,September,Electronics,Net Banking,77
ATQCUS0021,September,Health & Wellness,Credit Card,189
ATQCUS0021,September,Health & Wellness,UPI,561
ATQCUS0021,September,Health & Wellness,Debit Card,478
ATQCUS0021,September,Health & Wellness,Net Banking,85
ATQCUS0021,September,Travel,Credit Card,477
ATQCUS0021,September,Travel,UPI,1378
ATQCUS0021,September,Travel,Debit Card,115
ATQCUS0021,September,Travel,Net Banking,203
ATQCUS0021,September,Food,Credit Card,968
ATQCUS0021,September,Food,UPI,562
ATQCUS0021,September,Food,Debit Card,351
ATQCUS0021,September,Food,Net Banking,39
ATQCUS0021,September,Entertainment,Credit Card,298
ATQCUS0021,September,Entertainment,UPI,764
ATQCUS0021,September,Entertainment,Debit Card,252
ATQCUS0021,September,Entertainment,Net Banking,264
ATQCUS0021,September,Apparel,Credit Card,357
ATQCUS0021,September,Apparel,UPI,125
ATQCUS0021,September,Apparel,Debit Card,330
ATQCUS0021,September,Apparel,Net Banking,175
ATQCUS0021,September,Others,Credit Card,242
ATQCUS0021,September,Others,UPI,110
ATQCUS0021,September,Others,Debit Card,30
ATQCUS0021,September,Others,Net Banking,73
ATQCUS0021,October,Bills,Credit Card,1926
ATQCUS0021,October,Bills,UPI,1130
ATQCUS0021,October,Bills,Debit Card,877
ATQCUS0021,October,Bills,Net Banking,492
ATQCUS0021,October,Groceries,Credit Card,504
ATQCUS0021,October,Groceries,UPI,134
ATQCUS0021,October,Groceries,Debit Card,1540
ATQCUS0021,October,Groceries,Net Banking,1206
ATQCUS0021,October,Electronics,Credit Card,2198
ATQCUS0021,October,Electronics,UPI,396
ATQCUS0021,October,Electronics,Debit Card,143
ATQCUS0021,October,Electronics,Net Banking,384
ATQCUS0021,October,Health & Wellness,Credit Card,784
ATQCUS0021,October,Health & Wellness,UPI,397
ATQCUS0021,October,Health & Wellness,Debit Card,213
ATQCUS0021,October,Health & Wellness,Net Banking,107
ATQCUS0021,October,Travel,Credit Card,1330
ATQCUS0021,October,Travel,UPI,413
ATQCUS0021,October,Travel,Debit Card,119
ATQCUS0021,October,Travel,Net Banking,360
ATQCUS0021,October,Food,Credit Card,435
ATQCUS0021,October,Food,UPI,663
ATQCUS0021,October,Food,Debit Card,338
ATQCUS0021,October,Food,Net Banking,320
ATQCUS0021,October,Entertainment,Credit Card,954
ATQCUS0021,October,Entertainment,UPI,55
ATQCUS0021,October,Entertainment,Debit Card,110
ATQCUS0021,October,Entertainment,Net Banking,217
ATQCUS0021,October,Apparel,Credit Card,415
ATQCUS0021,October,Apparel,UPI,308
ATQCUS0021,October,Apparel,Debit Card,77
ATQCUS0021,October,Apparel,Net Banking,217
ATQCUS0021,October,Others,Credit Card,210
ATQCUS0021,October,Others,UPI,169
ATQCUS0021,October,Others,Debit Card,251
ATQCUS0021,October,Others,Net Banking,30
ATQCUS0022,May,Bills,Credit Card,4250
ATQCUS0022,May,Bills,UPI,432
ATQCUS0022,May,Bills,Debit Card,923
ATQCUS0022,May,Bills,Net Banking,202
ATQCUS0022,May,Groceries,Credit Card,3421
ATQCUS0022,May,Groceries,UPI,194
ATQCUS0022,May,Groceries,Debit Card,616
ATQCUS0022,May,Groceries,Net Banking,298
ATQCUS0022,May,Electronics,Credit Card,3290
ATQCUS0022,May,Electronics,UPI,180
ATQCUS0022,May,Electronics,Debit Card,784
ATQCUS0022,May,Electronics,Net Banking,662
ATQCUS0022,May,Health & Wellness,Credit Card,848
ATQCUS0022,May,Health & Wellness,UPI,401
ATQCUS0022,May,Health & Wellness,Debit Card,914
ATQCUS0022,May,Health & Wellness,Net Banking,274
ATQCUS0022,May,Travel,Credit Card,358
ATQCUS0022,May,Travel,UPI,266
ATQCUS0022,May,Travel,Debit Card,243
ATQCUS0022,May,Travel,Net Banking,402
ATQCUS0022,May,Food,Credit Card,959
ATQCUS0022,May,Food,UPI,721
ATQCUS0022,May,Food,Debit Card,109
ATQCUS0022,May,Food,Net Banking,154
ATQCUS0022,May,Entertainment,Credit Card,20
ATQCUS0022,May,Entertainment,UPI,1021
ATQCUS0022,May,Entertainment,Debit Card,405
ATQCUS0022,May,Entertainment,Net Banking,193
ATQCUS0022,May,Apparel,Credit Card,518
ATQCUS0022,May,Apparel,UPI,403
ATQCUS0022,May,Apparel,Debit Card,705
ATQCUS0022,May,Apparel,Net Banking,189
ATQCUS0022,May,Others,Credit Card,96
ATQCUS0022,May,Others,UPI,177
ATQCUS0022,May,Others,Debit Card,73
ATQCUS0022,May,Others,Net Banking,142
ATQCUS0022,June,Bills,Credit Card,6283
ATQCUS0022,June,Bills,UPI,767
ATQCUS0022,June,Bills,Debit Card,1092
ATQCUS0022,June,Bills,Net Banking,536
ATQCUS0022,June,Groceries,Credit Card,746
ATQCUS0022,June,Groceries,UPI,1927
ATQCUS0022,June,Groceries,Debit Card,542
ATQCUS0022,June,Groceries,Net Banking,819
ATQCUS0022,June,Electronics,Credit Card,824
ATQCUS0022,June,Electronics,UPI,367
ATQCUS0022,June,Electronics,Debit Card,561
ATQCUS0022,June,Electronics,Net Banking,1611
ATQCUS0022,June,Health & Wellness,Credit Card,544
ATQCUS0022,June,Health & Wellness,UPI,1105
ATQCUS0022,June,Health & Wellness,Debit Card,735
ATQCUS0022,June,Health & Wellness,Net Banking,155
ATQCUS0022,June,Travel,Credit Card,1223
ATQCUS0022,June,Travel,UPI,1245
ATQCUS0022,June,Travel,Debit Card,135
ATQCUS0022,June,Travel,Net Banking,468
ATQCUS0022,June,Food,Credit Card,1716
ATQCUS0022,June,Food,UPI,302
ATQCUS0022,June,Food,Debit Card,493
ATQCUS0022,June,Food,Net Banking,221
ATQCUS0022,June,Entertainment,Credit Card,1859
ATQCUS0022,June,Entertainment,UPI,572
ATQCUS0022,June,Entertainment,Debit Card,658
ATQCUS0022,June,Entertainment,Net Banking,166
ATQCUS0022,June,Apparel,Credit Card,486
ATQCUS0022,June,Apparel,UPI,470
ATQCUS0022,June,Apparel,Debit Card,171
ATQCUS0022,June,Apparel,Net Banking,92
ATQCUS0022,June,Others,Credit Card,472
ATQCUS0022,June,Others,UPI,219
ATQCUS0022,June,Others,Debit Card,336
ATQCUS0022,June,Others,Net Banking,217
ATQCUS0022,July,Bills,Credit Card,928
ATQCUS0022,July,Bills,UPI,1153
ATQCUS0022,July,Bills,Debit Card,716
ATQCUS0022,July,Bills,Net Banking,100
ATQCUS0022,July,Groceries,Credit Card,1030
ATQCUS0022,July,Groceries,UPI,2067
ATQCUS0022,July,Groceries,Debit Card,630
ATQCUS0022,July,Groceries,Net Banking,694
ATQCUS0022,July,Electronics,Credit Card,1338
ATQCUS0022,July,Electronics,UPI,755
ATQCUS0022,July,Electronics,Debit Card,1288
ATQCUS0022,July,Electronics,Net Banking,350
ATQCUS0022,July,Health & Wellness,Credit Card,3223
ATQCUS0022,July,Health & Wellness,UPI,454
ATQCUS0022,July,Health & Wellness,Debit Card,695
ATQCUS0022,July,Health & Wellness,Net Banking,325
ATQCUS0022,July,Travel,Credit Card,1204
ATQCUS0022,July,Travel,UPI,747
ATQCUS0022,July,Travel,Debit Card,342
ATQCUS0022,July,Travel,Net Banking,576
ATQCUS0022,July,Food,Credit Card,480
ATQCUS0022,July,Food,UPI,387
ATQCUS0022,July,Food,Debit Card,515
ATQCUS0022,July,Food,Net Banking,105
ATQCUS0022,July,Entertainment,Credit Card,249
ATQCUS0022,July,Entertainment,UPI,947
ATQCUS0022,July,Entertainment,Debit Card,582
ATQCUS0022,July,Entertainment,Net Banking,458
ATQCUS0022,July,Apparel,Credit Card,224
ATQCUS0022,July,Apparel,UPI,235
ATQCUS0022,July,Apparel,Debit Card,358
ATQCUS0022,July,Apparel,Net Banking,457
ATQCUS0022,July,Others,Credit Card,588
ATQCUS0022,July,Others,UPI,270
ATQCUS0022,July,Others,Debit Card,212
ATQCUS0022,July,Others,Net Banking,34
ATQCUS0022,August,Bills,Credit Card,1282
ATQCUS0022,August,Bills,UPI,336
ATQCUS0022,August,Bills,Debit Card,843
ATQCUS0022,August,Bills,Net Banking,170
ATQCUS0022,August,Groceries,Credit Card,1582
ATQCUS0022,August,Groceries,UPI,1666
ATQCUS0022,August,Groceries,Debit Card,829
ATQCUS0022,August,Groceries,Net Banking,626
ATQCUS0022,August,Electronics,Credit Card,2853
ATQCUS0022,August,Electronics,UPI,1289
ATQCUS0022,August,Electronics,Debit Card,642
ATQCUS0022,August,Electronics,Net Banking,721
ATQCUS0022,August,Health & Wellness,Credit Card,1762
ATQCUS0022,August,Health & Wellness,UPI,648
ATQCUS0022,August,Health & Wellness,Debit Card,1568
ATQCUS0022,August,Health & Wellness,Net Banking,204
ATQCUS0022,August,Travel,Credit Card,1928
ATQCUS0022,August,Travel,UPI,259
ATQCUS0022,August,Travel,Debit Card,1067
ATQCUS0022,August,Travel,Net Banking,190
ATQCUS0022,August,Food,Credit Card,910
ATQCUS0022,August,Food,UPI,764
ATQCUS0022,August,Food,Debit Card,1499
ATQCUS0022,August,Food,Net Banking,154
ATQCUS0022,August,Entertainment,Credit Card,270
ATQCUS0022,August,Entertainment,UPI,502
ATQCUS0022,August,Entertainment,Debit Card,387
ATQCUS0022,August,Entertainment,Net Banking,152
ATQCUS0022,August,Apparel,Credit Card,1052
ATQCUS0022,August,Apparel,UPI,129
ATQCUS0022,August,Apparel,Debit Card,492
ATQCUS0022,August,Apparel,Net Banking,398
ATQCUS0022,August,Others,Credit Card,51
ATQCUS0022,August,Others,UPI,274
ATQCUS0022,August,Others,Debit Card,55
ATQCUS0022,August,Others,Net Banking,135
ATQCUS0022,September,Bills,Credit Card,773
ATQCUS0022,September,Bills,UPI,810
ATQCUS0022,September,Bills,Debit Card,565
ATQCUS0022,September,Bills,Net Banking,376
ATQCUS0022,September,Groceries,Credit Card,398
ATQCUS0022,September,Groceries,UPI,656
ATQCUS0022,September,Groceries,Debit Card,335
ATQCUS0022,September,Groceries,Net Banking,366
ATQCUS0022,September,Electronics,Credit Card,596
ATQCUS0022,September,Electronics,UPI,1067
ATQCUS0022,September,Electronics,Debit Card,383
ATQCUS0022,September,Electronics,Net Banking,143
ATQCUS0022,September,Health & Wellness,Credit Card,1438
ATQCUS0022,September,Health & Wellness,UPI,387
ATQCUS0022,September,Health & Wellness,Debit Card,244
ATQCUS0022,September,Health & Wellness,Net Banking,535
ATQCUS0022,September,Travel,Credit Card,145
ATQCUS0022,September,Travel,UPI,122
ATQCUS0022,September,Travel,Debit Card,833
ATQCUS0022,September,Travel,Net Banking,72
ATQCUS0022,September,Food,Credit Card,985
ATQCUS0022,September,Food,UPI,515
ATQCUS0022,September,Food,Debit Card,335
ATQCUS0022,September,Food,Net Banking,623
ATQCUS0022,September,Entertainment,Credit Card,422
ATQCUS0022,September,Entertainment,UPI,668
ATQCUS0022,September,Entertainment,Debit Card,568
ATQCUS0022,September,Entertainment,Net Banking,99
ATQCUS0022,September,Apparel,Credit Card,152
ATQCUS0022,September,Apparel,UPI,201
ATQCUS0022,September,Apparel,Debit Card,338
ATQCUS0022,September,Apparel,Net Banking,417
ATQCUS0022,September,Others,Credit Card,190
ATQCUS0022,September,Others,UPI,404
ATQCUS0022,September,Others,Debit Card,352
ATQCUS0022,September,Others,Net Banking,125
ATQCUS0022,October,Bills,Credit Card,2814
ATQCUS0022,October,Bills,UPI,1920
ATQCUS0022,October,Bills,Debit Card,1234
ATQCUS0022,October,Bills,Net Banking,241
ATQCUS0022,October,Groceries,Credit Card,1957
ATQCUS0022,October,Groceries,UPI,1680
ATQCUS0022,October,Groceries,Debit Card,525
ATQCUS0022,October,Groceries,Net Banking,397
ATQCUS0022,October,Electronics,Credit Card,2786
ATQCUS0022,October,Electronics,UPI,3281
ATQCUS0022,October,Electronics,Debit Card,1465
ATQCUS0022,October,Electronics,Net Banking,192
ATQCUS0022,October,Health & Wellness,Credit Card,2888
ATQCUS0022,October,Health & Wellness,UPI,606
ATQCUS0022,October,Health & Wellness,Debit Card,414
ATQCUS0022,October,Health & Wellness,Net Banking,489
ATQCUS0022,October,Travel,Credit Card,436
ATQCUS0022,October,Travel,UPI,471
ATQCUS0022,October,Travel,Debit Card,1494
ATQCUS0022,October,Travel,Net Banking,258
ATQCUS0022,October,Food,Credit Card,514
ATQCUS0022,October,Food,UPI,738
ATQCUS0022,October,Food,Debit Card,727
ATQCUS0022,October,Food,Net Banking,318
ATQCUS0022,October,Entertainment,Credit Card,134
ATQCUS0022,October,Entertainment,UPI,889
ATQCUS0022,October,Entertainment,Debit Card,1227
ATQCUS0022,October,Entertainment,Net Banking,317
ATQCUS0022,October,Apparel,Credit Card,669
ATQCUS0022,October,Apparel,UPI,172
ATQCUS0022,October,Apparel,Debit Card,511
ATQCUS0022,October,Apparel,Net Banking,94
ATQCUS0022,October,Others,Credit Card,125
ATQCUS0022,October,Others,UPI,205
ATQCUS0022,October,Others,Debit Card,253
ATQCUS0022,October,Others,Net Banking,139
ATQCUS0023,May,Bills,Credit Card,580
ATQCUS0023,May,Bills,UPI,769
ATQCUS0023,May,Bills,Debit Card,610
ATQCUS0023,May,Bills,Net Banking,989
ATQCUS0023,May,Groceries,Credit Card,2449
ATQCUS0023,May,Groceries,UPI,1097
ATQCUS0023,May,Groceries,Debit Card,841
ATQCUS0023,May,Groceries,Net Banking,111
ATQCUS0023,May,Electronics,Credit Card,1470
ATQCUS0023,May,Electronics,UPI,954
ATQCUS0023,May,Electronics,Debit Card,462
ATQCUS0023,May,Electronics,Net Banking,388
ATQCUS0023,May,Health & Wellness,Credit Card,1579
ATQCUS0023,May,Health & Wellness,UPI,1633
ATQCUS0023,May,Health & Wellness,Debit Card,665
ATQCUS0023,May,Health & Wellness,Net Banking,121
ATQCUS0023,May,Travel,Credit Card,1075
ATQCUS0023,May,Travel,UPI,375
ATQCUS0023,May,Travel,Debit Card,391
ATQCUS0023,May,Travel,Net Banking,343
ATQCUS0023,May,Food,Credit Card,177
ATQCUS0023,May,Food,UPI,171
ATQCUS0023,May,Food,Debit Card,138
ATQCUS0023,May,Food,Net Banking,61
ATQCUS0023,May,Entertainment,Credit Card,626
ATQCUS0023,May,Entertainment,UPI,466
ATQCUS0023,May,Entertainment,Debit Card,67
ATQCUS0023,May,Entertainment,Net Banking,70
ATQCUS0023,May,Apparel,Credit Card,783
ATQCUS0023,May,Apparel,UPI,309
ATQCUS0023,May,Apparel,Debit Card,174
ATQCUS0023,May,Apparel,Net Banking,158
ATQCUS0023,May,Others,Credit Card,272
ATQCUS0023,May,Others,UPI,92
ATQCUS0023,May,Others,Debit Card,145
ATQCUS0023,May,Others,Net Banking,92
ATQCUS0023,June,Bills,Credit Card,1557
ATQCUS0023,June,Bills,UPI,1042
ATQCUS0023,June,Bills,Debit Card,664
ATQCUS0023,June,Bills,Net Banking,218
ATQCUS0023,June,Groceries,Credit Card,941
ATQCUS0023,June,Groceries,UPI,380
ATQCUS0023,June,Groceries,Debit Card,842
ATQCUS0023,June,Groceries,Net Banking,1103
ATQCUS0023,June,Electronics,Credit Card,1121
ATQCUS0023,June,Electronics,UPI,1064
ATQCUS0023,June,Electronics,Debit Card,423
ATQCUS0023,June,Electronics,Net Banking,893
ATQCUS0023,June,Health & Wellness,Credit Card,1099
ATQCUS0023,June,Health & Wellness,UPI,338
ATQCUS0023,June,Health & Wellness,Debit Card,1488
ATQCUS0023,June,Health & Wellness,Net Banking,300
ATQCUS0023,June,Travel,Credit Card,1146
ATQCUS0023,June,Travel,UPI,261
ATQCUS0023,June,Travel,Debit Card,890
ATQCUS0023,June,Travel,Net Banking,162
ATQCUS0023,June,Food,Credit Card,1177
ATQCUS0023,June,Food,UPI,575
ATQCUS0023,June,Food,Debit Card,341
ATQCUS0023,June,Food,Net Banking,54
ATQCUS0023,June,Entertainment,Credit Card,250
ATQCUS0023,June,Entertainment,UPI,135
ATQCUS0023,June,Entertainment,Debit Card,315
ATQCUS0023,June,Entertainment,Net Banking,309
ATQCUS0023,June,Apparel,Credit Card,1766
ATQCUS0023,June,Apparel,UPI,410
ATQCUS0023,June,Apparel,Debit Card,396
ATQCUS0023,June,Apparel,Net Banking,143
ATQCUS0023,June,Others,Credit Card,466
ATQCUS0023,June,Others,UPI,588
ATQCUS0023,June,Others,Debit Card,177
ATQCUS0023,June,Others,Net Banking,232
ATQCUS0023,July,Bills,Credit Card,1803
ATQCUS0023,July,Bills,UPI,3150
ATQCUS0023,July,Bills,Debit Card,573
ATQCUS0023,July,Bills,Net Banking,466
ATQCUS0023,July,Groceries,Credit Card,1458
ATQCUS0023,July,Groceries,UPI,709
ATQCUS0023,July,Groceries,Debit Card,982
ATQCUS0023,July,Groceries,Net Banking,89
ATQCUS0023,July,Electronics,Credit Card,886
ATQCUS0023,July,Electronics,UPI,705
ATQCUS0023,July,Electronics,Debit Card,941
ATQCUS0023,July,Electronics,Net Banking,532
ATQCUS0023,July,Health & Wellness,Credit Card,1439
ATQCUS0023,July,Health & Wellness,UPI,175
ATQCUS0023,July,Health & Wellness,Debit Card,64
ATQCUS0023,July,Health & Wellness,Net Banking,240
ATQCUS0023,July,Travel,Credit Card,606
ATQCUS0023,July,Travel,UPI,600
ATQCUS0023,July,Travel,Debit Card,153
ATQCUS0023,July,Travel,Net Banking,196
ATQCUS0023,July,Food,Credit Card,615
ATQCUS0023,July,Food,UPI,737
ATQCUS0023,July,Food,Debit Card,234
ATQCUS0023,July,Food,Net Banking,80
ATQCUS0023,July,Entertainment,Credit Card,597
ATQCUS0023,July,Entertainment,UPI,787
ATQCUS0023,July,Entertainment,Debit Card,311
ATQCUS0023,July,Entertainment,Net Banking,54
ATQCUS0023,July,Apparel,Credit Card,190
ATQCUS0023,July,Apparel,UPI,317
ATQCUS0023,July,Apparel,Debit Card,470
ATQCUS0023,July,Apparel,Net Banking,340
ATQCUS0023,July,Others,Credit Card,81
ATQCUS0023,July,Others,UPI,375
ATQCUS0023,July,Others,Debit Card,121
ATQCUS0023,July,Others,Net Banking,83
ATQCUS0023,August,Bills,Credit Card,1404
ATQCUS0023,August,Bills,UPI,2421
ATQCUS0023,August,Bills,Debit Card,1473
ATQCUS0023,August,Bills,Net Banking,632
ATQCUS0023,August,Groceries,Credit Card,4654
ATQCUS0023,August,Groceries,UPI,188
ATQCUS0023,August,Groceries,Debit Card,355
ATQCUS0023,August,Groceries,Net Banking,294
ATQCUS0023,August,Electronics,Credit Card,1938
ATQCUS0023,August,Electronics,UPI,2647
ATQCUS0023,August,Electronics,Debit Card,1728
ATQCUS0023,August,Electronics,Net Banking,447
ATQCUS0023,August,Health & Wellness,Credit Card,489
ATQCUS0023,August,Health & Wellness,UPI,1006
ATQCUS0023,August,Health & Wellness,Debit Card,871
ATQCUS0023,August,Health & Wellness,Net Banking,115
ATQCUS0023,August,Travel,Credit Card,120
ATQCUS0023,August,Travel,UPI,319
ATQCUS0023,August,Travel,Debit Card,505
ATQCUS0023,August,Travel,Net Banking,287
ATQCUS0023,August,Food,Credit Card,538
ATQCUS0023,August,Food,UPI,617
ATQCUS0023,August,Food,Debit Card,165
ATQCUS0023,August,Food,Net Banking,246
ATQCUS0023,August,Entertainment,Credit Card,147
ATQCUS0023,August,Entertainment,UPI,748
ATQCUS0023,August,Entertainment,Debit Card,670
ATQCUS0023,August,Entertainment,Net Banking,373
ATQCUS0023,August,Apparel,Credit Card,379
ATQCUS0023,August,Apparel,UPI,1047
ATQCUS0023,August,Apparel,Debit Card,779
ATQCUS0023,August,Apparel,Net Banking,302
ATQCUS0023,August,Others,Credit Card,767
ATQCUS0023,August,Others,UPI,355
ATQCUS0023,August,Others,Debit Card,83
ATQCUS0023,August,Others,Net Banking,198
ATQCUS0023,September,Bills,Credit Card,659
ATQCUS0023,September,Bills,UPI,668
ATQCUS0023,September,Bills,Debit Card,981
ATQCUS0023,September,Bills,Net Banking,431
ATQCUS0023,September,Groceries,Credit Card,299
ATQCUS0023,September,Groceries,UPI,333
ATQCUS0023,September,Groceries,Debit Card,263
ATQCUS0023,September,Groceries,Net Banking,73
ATQCUS0023,September,Electronics,Credit Card,1154
ATQCUS0023,September,Electronics,UPI,233
ATQCUS0023,September,Electronics,Debit Card,481
ATQCUS0023,September,Electronics,Net Banking,460
ATQCUS0023,September,Health & Wellness,Credit Card,1268
ATQCUS0023,September,Health & Wellness,UPI,260
ATQCUS0023,September,Health & Wellness,Debit Card,151
ATQCUS0023,September,Health & Wellness,Net Banking,111
ATQCUS0023,September,Travel,Credit Card,1399
ATQCUS0023,September,Travel,UPI,975
ATQCUS0023,September,Travel,Debit Card,191
ATQCUS0023,September,Travel,Net Banking,309
ATQCUS0023,September,Food,Credit Card,927
ATQCUS0023,September,Food,UPI,524
ATQCUS0023,September,Food,Debit Card,118
ATQCUS0023,September,Food,Net Banking,127
ATQCUS0023,September,Entertainment,Credit Card,193
ATQCUS0023,September,Entertainment,UPI,765
ATQCUS0023,September,Entertainment,Debit Card,72
ATQCUS0023,September,Entertainment,Net Banking,55
ATQCUS0023,September,Apparel,Credit Card,845
ATQCUS0023,September,Apparel,UPI,398
ATQCUS0023,September,Apparel,Debit Card,239
ATQCUS0023,September,Apparel,Net Banking,205
ATQCUS0023,September,Others,Credit Card,177
ATQCUS0023,September,Others,UPI,115
ATQCUS0023,September,Others,Debit Card,283
ATQCUS0023,September,Others,Net Banking,140
ATQCUS0023,October,Bills,Credit Card,3021
ATQCUS0023,October,Bills,UPI,967
ATQCUS0023,October,Bills,Debit Card,620
ATQCUS0023,October,Bills,Net Banking,745
ATQCUS0023,October,Groceries,Credit Card,1724
ATQCUS0023,October,Groceries,UPI,841
ATQCUS0023,October,Groceries,Debit Card,319
ATQCUS0023,October,Groceries,Net Banking,199
ATQCUS0023,October,Electronics,Credit Card,368
ATQCUS0023,October,Electronics,UPI,2814
ATQCUS0023,October,Electronics,Debit Card,283
ATQCUS0023,October,Electronics,Net Banking,159
ATQCUS0023,October,Health & Wellness,Credit Card,192
ATQCUS0023,October,Health & Wellness,UPI,131
ATQCUS0023,October,Health & Wellness,Debit Card,885
ATQCUS0023,October,Health & Wellness,Net Banking,203
ATQCUS0023,October,Travel,Credit Card,371
ATQCUS0023,October,Travel,UPI,931
ATQCUS0023,October,Travel,Debit Card,175
ATQCUS0023,October,Travel,Net Banking,410
ATQCUS0023,October,Food,Credit Card,372
ATQCUS0023,October,Food,UPI,193
ATQCUS0023,October,Food,Debit Card,186
ATQCUS0023,October,Food,Net Banking,36
ATQCUS0023,October,Entertainment,Credit Card,116
ATQCUS0023,October,Entertainment,UPI,190
ATQCUS0023,October,Entertainment,Debit Card,225
ATQCUS0023,October,Entertainment,Net Banking,81
ATQCUS0023,October,Apparel,Credit Card,383
ATQCUS0023,October,Apparel,UPI,224
ATQCUS0023,October,Apparel,Debit Card,87
ATQCUS0023,October,Apparel,Net Banking,119
ATQCUS0023,October,Others,Credit Card,1218
ATQCUS0023,October,Others,UPI,123
ATQCUS0023,October,Others,Debit Card,203
ATQCUS0023,October,Others,Net Banking,173
ATQCUS0024,May,Bills,Credit Card,761
ATQCUS0024,May,Bills,UPI,1992
ATQCUS0024,May,Bills,Debit Card,2126
ATQCUS0024,May,Bills,Net Banking,185
ATQCUS0024,May,Groceries,Credit Card,3904
ATQCUS0024,May,Groceries,UPI,1264
ATQCUS0024,May,Groceries,Debit Card,719
ATQCUS0024,May,Groceries,Net Banking,252
ATQCUS0024,May,Electronics,Credit Card,2812
ATQCUS0024,May,Electronics,UPI,231
ATQCUS0024,May,Electronics,Debit Card,1121
ATQCUS0024,May,Electronics,Net Banking,695
ATQCUS0024,May,Health & Wellness,Credit Card,418
ATQCUS0024,May,Health & Wellness,UPI,230
ATQCUS0024,May,Health & Wellness,Debit Card,1631
ATQCUS0024,May,Health & Wellness,Net Banking,318
ATQCUS0024,May,Travel,Credit Card,713
ATQCUS0024,May,Travel,UPI,747
ATQCUS0024,May,Travel,Debit Card,675
ATQCUS0024,May,Travel,Net Banking,559
ATQCUS0024,May,Food,Credit Card,2019
ATQCUS0024,May,Food,UPI,1319
ATQCUS0024,May,Food,Debit Card,836
ATQCUS0024,May,Food,Net Banking,305
ATQCUS0024,May,Entertainment,Credit Card,81
ATQCUS0024,May,Entertainment,UPI,343
ATQCUS0024,May,Entertainment,Debit Card,179
ATQCUS0024,May,Entertainment,Net Banking,399
ATQCUS0024,May,Apparel,Credit Card,539
ATQCUS0024,May,Apparel,UPI,107
ATQCUS0024,May,Apparel,Debit Card,416
ATQCUS0024,May,Apparel,Net Banking,230
ATQCUS0024,May,Others,Credit Card,60
ATQCUS0024,May,Others,UPI,102
ATQCUS0024,May,Others,Debit Card,415
ATQCUS0024,May,Others,Net Banking,121
ATQCUS0024,June,Bills,Credit Card,2261
ATQCUS0024,June,Bills,UPI,5652
ATQCUS0024,June,Bills,Debit Card,1165
ATQCUS0024,June,Bills,Net Banking,182
ATQCUS0024,June,Groceries,Credit Card,2134
ATQCUS0024,June,Groceries,UPI,1906
ATQCUS0024,June,Groceries,Debit Card,136
ATQCUS0024,June,Groceries,Net Banking,1301
ATQCUS0024,June,Electronics,Credit Card,409
ATQCUS0024,June,Electronics,UPI,448
ATQCUS0024,June,Electronics,Debit Card,687
ATQCUS0024,June,Electronics,Net Banking,857
ATQCUS0024,June,Health & Wellness,Credit Card,3533
ATQCUS0024,June,Health & Wellness,UPI,921
ATQCUS0024,June,Health & Wellness,Debit Card,302
ATQCUS0024,June,Health & Wellness,Net Banking,778
ATQCUS0024,June,Travel,Credit Card,1170
ATQCUS0024,June,Travel,UPI,1666
ATQCUS0024,June,Travel,Debit Card,402
ATQCUS0024,June,Travel,Net Banking,228
ATQCUS0024,June,Food,Credit Card,871
ATQCUS0024,June,Food,UPI,1288
ATQCUS0024,June,Food,Debit Card,88
ATQCUS0024,June,Food,Net Banking,930
ATQCUS0024,June,Entertainment,Credit Card,1291
ATQCUS0024,June,Entertainment,UPI,471
ATQCUS0024,June,Entertainment,Debit Card,584
ATQCUS0024,June,Entertainment,Net Banking,208
ATQCUS0024,June,Apparel,Credit Card,608
ATQCUS0024,June,Apparel,UPI,465
ATQCUS0024,June,Apparel,Debit Card,228
ATQCUS0024,June,Apparel,Net Banking,567
ATQCUS0024,June,Others,Credit Card,305
ATQCUS0024,June,Others,UPI,143
ATQCUS0024,June,Others,Debit Card,217
ATQCUS0024,June,Others,Net Banking,156
ATQCUS0024,July,Bills,Credit Card,446
ATQCUS0024,July,Bills,UPI,2907
ATQCUS0024,July,Bills,Debit Card,1619
ATQCUS0024,July,Bills,Net Banking,111
ATQCUS0024,July,Groceries,Credit Card,759
ATQCUS0024,July,Groceries,UPI,4770
ATQCUS0024,July,Groceries,Debit Card,674
ATQCUS0024,July,Groceries,Net Banking,313
ATQCUS0024,July,Electronics,Credit Card,1348
ATQCUS0024,July,Electronics,UPI,776
ATQCUS0024,July,Electronics,Debit Card,551
ATQCUS0024,July,Electronics,Net Banking,577
ATQCUS0024,July,Health & Wellness,Credit Card,1460
ATQCUS0024,July,Health & Wellness,UPI,551
ATQCUS0024,July,Health & Wellness,Debit Card,563
ATQCUS0024,July,Health & Wellness,Net Banking,253
ATQCUS0024,July,Travel,Credit Card,924
ATQCUS0024,July,Travel,UPI,677
ATQCUS0024,July,Travel,Debit Card,114
ATQCUS0024,July,Travel,Net Banking,211
ATQCUS0024,July,Food,Credit Card,818
ATQCUS0024,July,Food,UPI,1201
ATQCUS0024,July,Food,Debit Card,498
ATQCUS0024,July,Food,Net Banking,376
ATQCUS0024,July,Entertainment,Credit Card,1154
ATQCUS0024,July,Entertainment,UPI,180
ATQCUS0024,July,Entertainment,Debit Card,124
ATQCUS0024,July,Entertainment,Net Banking,146
ATQCUS0024,July,Apparel,Credit Card,1047
ATQCUS0024,July,Apparel,UPI,1086
ATQCUS0024,July,Apparel,Debit Card,113
ATQCUS0024,July,Apparel,Net Banking,323
ATQCUS0024,July,Others,Credit Card,507
ATQCUS0024,July,Others,UPI,255
ATQCUS0024,July,Others,Debit Card,131
ATQCUS0024,July,Others,Net Banking,196
ATQCUS0024,August,Bills,Credit Card,4943
ATQCUS0024,August,Bills,UPI,1926
ATQCUS0024,August,Bills,Debit Card,287
ATQCUS0024,August,Bills,Net Banking,398
ATQCUS0024,August,Groceries,Credit Card,1793
ATQCUS0024,August,Groceries,UPI,963
ATQCUS0024,August,Groceries,Debit Card,272
ATQCUS0024,August,Groceries,Net Banking,645
ATQCUS0024,August,Electronics,Credit Card,1528
ATQCUS0024,August,Electronics,UPI,1189
ATQCUS0024,August,Electronics,Debit Card,644
ATQCUS0024,August,Electronics,Net Banking,265
ATQCUS0024,August,Health & Wellness,Credit Card,2927
ATQCUS0024,August,Health & Wellness,UPI,1044
ATQCUS0024,August,Health & Wellness,Debit Card,1180
ATQCUS0024,August,Health & Wellness,Net Banking,105
ATQCUS0024,August,Travel,Credit Card,758
ATQCUS0024,August,Travel,UPI,604
ATQCUS0024,August,Travel,Debit Card,387
ATQCUS0024,August,Travel,Net Banking,392
ATQCUS0024,August,Food,Credit Card,790
ATQCUS0024,August,Food,UPI,223
ATQCUS0024,August,Food,Debit Card,406
ATQCUS0024,August,Food,Net Banking,463
ATQCUS0024,August,Entertainment,Credit Card,1326
ATQCUS0024,August,Entertainment,UPI,884
ATQCUS0024,August,Entertainment,Debit Card,206
ATQCUS0024,August,Entertainment,Net Banking,75
ATQCUS0024,August,Apparel,Credit Card,1064
ATQCUS0024,August,Apparel,UPI,598
ATQCUS0024,August,Apparel,Debit Card,293
ATQCUS0024,August,Apparel,Net Banking,287
ATQCUS0024,August,Others,Credit Card,341
ATQCUS0024,August,Others,UPI,265
ATQCUS0024,August,Others,Debit Card,141
ATQCUS0024,August,Others,Net Banking,194
ATQCUS0024,September,Bills,Credit Card,1357
ATQCUS0024,September,Bills,UPI,501
ATQCUS0024,September,Bills,Debit Card,1205
ATQCUS0024,September,Bills,Net Banking,1204
ATQCUS0024,September,Groceries,Credit Card,1744
ATQCUS0024,September,Groceries,UPI,655
ATQCUS0024,September,Groceries,Debit Card,1308
ATQCUS0024,September,Groceries,Net Banking,322
ATQCUS0024,September,Electronics,Credit Card,172
ATQCUS0024,September,Electronics,UPI,491
ATQCUS0024,September,Electronics,Debit Card,772
ATQCUS0024,September,Electronics,Net Banking,1730
ATQCUS0024,September,Health & Wellness,Credit Card,2901
ATQCUS0024,September,Health & Wellness,UPI,2110
ATQCUS0024,September,Health & Wellness,Debit Card,500
ATQCUS0024,September,Health & Wellness,Net Banking,222
ATQCUS0024,September,Travel,Credit Card,1434
ATQCUS0024,September,Travel,UPI,773
ATQCUS0024,September,Travel,Debit Card,335
ATQCUS0024,September,Travel,Net Banking,525
ATQCUS0024,September,Food,Credit Card,508
ATQCUS0024,September,Food,UPI,400
ATQCUS0024,September,Food,Debit Card,222
ATQCUS0024,September,Food,Net Banking,318
ATQCUS0024,September,Entertainment,Credit Card,772
ATQCUS0024,September,Entertainment,UPI,132
ATQCUS0024,September,Entertainment,Debit Card,602
ATQCUS0024,September,Entertainment,Net Banking,159
ATQCUS0024,September,Apparel,Credit Card,754
ATQCUS0024,September,Apparel,UPI,825
ATQCUS0024,September,Apparel,Debit Card,373
ATQCUS0024,September,Apparel,Net Banking,253
ATQCUS0024,September,Others,Credit Card,469
ATQCUS0024,September,Others,UPI,470
ATQCUS0024,September,Others,Debit Card,97
ATQCUS0024,September,Others,Net Banking,87
ATQCUS0024,October,Bills,Credit Card,1245
ATQCUS0024,October,Bills,UPI,574
ATQCUS0024,October,Bills,Debit Card,1379
ATQCUS0024,October,Bills,Net Banking,1035
ATQCUS0024,October,Groceries,Credit Card,2284
ATQCUS0024,October,Groceries,UPI,2038
ATQCUS0024,October,Groceries,Debit Card,978
ATQCUS0024,October,Groceries,Net Banking,486
ATQCUS0024,October,Electronics,Credit Card,457
ATQCUS0024,October,Electronics,UPI,1746
ATQCUS0024,October,Electronics,Debit Card,444
ATQCUS0024,October,Electronics,Net Banking,873
ATQCUS0024,October,Health & Wellness,Credit Card,633
ATQCUS0024,October,Health & Wellness,UPI,1160
ATQCUS0024,October,Health & Wellness,Debit Card,118
ATQCUS0024,October,Health & Wellness,Net Banking,191
ATQCUS0024,October,Travel,Credit Card,130
ATQCUS0024,October,Travel,UPI,494
ATQCUS0024,October,Travel,Debit Card,688
ATQCUS0024,October,Travel,Net Banking,144
ATQCUS0024,October,Food,Credit Card,853
ATQCUS0024,October,Food,UPI,267
ATQCUS0024,October,Food,Debit Card,83
ATQCUS0024,October,Food,Net Banking,96
ATQCUS0024,October,Entertainment,Credit Card,1128
ATQCUS0024,October,Entertainment,UPI,693
ATQCUS0024,October,Entertainment,Debit Card,192
ATQCUS0024,October,Entertainment,Net Banking,562
ATQCUS0024,October,Apparel,Credit Card,623
ATQCUS0024,October,Apparel,UPI,279
ATQCUS0024,October,Apparel,Debit Card,719
ATQCUS0024,October,Apparel,Net Banking,249
ATQCUS0024,October,Others,Credit Card,755
ATQCUS0024,October,Others,UPI,492
ATQCUS0024,October,Others,Debit Card,216
ATQCUS0024,October,Others,Net Banking,88
ATQCUS0025,May,Bills,Credit Card,1902
ATQCUS0025,May,Bills,UPI,363
ATQCUS0025,May,Bills,Debit Card,1130
ATQCUS0025,May,Bills,Net Banking,751
ATQCUS0025,May,Groceries,Credit Card,1683
ATQCUS0025,May,Groceries,UPI,174
ATQCUS0025,May,Groceries,Debit Card,69
ATQCUS0025,May,Groceries,Net Banking,513
ATQCUS0025,May,Electronics,Credit Card,842
ATQCUS0025,May,Electronics,UPI,565
ATQCUS0025,May,Electronics,Debit Card,544
ATQCUS0025,May,Electronics,Net Banking,62
ATQCUS0025,May,Health & Wellness,Credit Card,1998
ATQCUS0025,May,Health & Wellness,UPI,498
ATQCUS0025,May,Health & Wellness,Debit Card,493
ATQCUS0025,May,Health & Wellness,Net Banking,308
ATQCUS0025,May,Travel,Credit Card,1026
ATQCUS0025,May,Travel,UPI,360
ATQCUS0025,May,Travel,Debit Card,406
ATQCUS0025,May,Travel,Net Banking,620
ATQCUS0025,May,Food,Credit Card,544
ATQCUS0025,May,Food,UPI,826
ATQCUS0025,May,Food,Debit Card,828
ATQCUS0025,May,Food,Net Banking,211
ATQCUS0025,May,Entertainment,Credit Card,965
ATQCUS0025,May,Entertainment,UPI,1079
ATQCUS0025,May,Entertainment,Debit Card,542
ATQCUS0025,May,Entertainment,Net Banking,388
ATQCUS0025,May,Apparel,Credit Card,1518
ATQCUS0025,May,Apparel,UPI,249
ATQCUS0025,May,Apparel,Debit Card,124
ATQCUS0025,May,Apparel,Net Banking,213
ATQCUS0025,May,Others,Credit Card,482
ATQCUS0025,May,Others,UPI,502
ATQCUS0025,May,Others,Debit Card,73
ATQCUS0025,May,Others,Net Banking,186
ATQCUS0025,June,Bills,Credit Card,927
ATQCUS0025,June,Bills,UPI,2017
ATQCUS0025,June,Bills,Debit Card,358
ATQCUS0025,June,Bills,Net Banking,694
ATQCUS0025,June,Groceries,Credit Card,3016
ATQCUS0025,June,Groceries,UPI,743
ATQCUS0025,June,Groceries,Debit Card,405
ATQCUS0025,June,Groceries,Net Banking,834
ATQCUS0025,June,Electronics,Credit Card,1652
ATQCUS0025,June,Electronics,UPI,1130
ATQCUS0025,June,Electronics,Debit Card,106
ATQCUS0025,June,Electronics,Net Banking,257
ATQCUS0025,June,Health & Wellness,Credit Card,800
ATQCUS0025,June,Health & Wellness,UPI,968
ATQCUS0025,June,Health & Wellness,Debit Card,252
ATQCUS0025,June,Health & Wellness,Net Banking,113
ATQCUS0025,June,Travel,Credit Card,909
ATQCUS0025,June,Travel,UPI,405
ATQCUS0025,June,Travel,Debit Card,38
ATQCUS0025,June,Travel,Net Banking,161
ATQCUS0025,June,Food,Credit Card,945
ATQCUS0025,June,Food,UPI,531
ATQCUS0025,June,Food,Debit Card,81
ATQCUS0025,June,Food,Net Banking,226
ATQCUS0025,June,Entertainment,Credit Card,454
ATQCUS0025,June,Entertainment,UPI,216
ATQCUS0025,June,Entertainment,Debit Card,133
ATQCUS0025,June,Entertainment,Net Banking,144
ATQCUS0025,June,Apparel,Credit Card,174
ATQCUS0025,June,Apparel,UPI,1047
ATQCUS0025,June,Apparel,Debit Card,195
ATQCUS0025,June,Apparel,Net Banking,35
ATQCUS0025,June,Others,Credit Card,408
ATQCUS0025,June,Others,UPI,371
ATQCUS0025,June,Others,Debit Card,147
ATQCUS0025,June,Others,Net Banking,128
ATQCUS0025,July,Bills,Credit Card,692
ATQCUS0025,July,Bills,UPI,460
ATQCUS0025,July,Bills,Debit Card,2369
ATQCUS0025,July,Bills,Net Banking,453
ATQCUS0025,July,Groceries,Credit Card,1267
ATQCUS0025,July,Groceries,UPI,433
ATQCUS0025,July,Groceries,Debit Card,587
ATQCUS0025,July,Groceries,Net Banking,629
ATQCUS0025,July,Electronics,Credit Card,1224
ATQCUS0025,July,Electronics,UPI,227
ATQCUS0025,July,Electronics,Debit Card,207
ATQCUS0025,July,Electronics,Net Banking,901
ATQCUS0025,July,Health & Wellness,Credit Card,718
ATQCUS0025,July,Health & Wellness,UPI,808
ATQCUS0025,July,Health & Wellness,Debit Card,1214
ATQCUS0025,July,Health & Wellness,Net Banking,199
ATQCUS0025,July,Travel,Credit Card,345
ATQCUS0025,July,Travel,UPI,424
ATQCUS0025,July,Travel,Debit Card,189
ATQCUS0025,July,Travel,Net Banking,179
ATQCUS0025,July,Food,Credit Card,320
ATQCUS0025,July,Food,UPI,510
ATQCUS0025,July,Food,Debit Card,540
ATQCUS0025,July,Food,Net Banking,306
ATQCUS0025,July,Entertainment,Credit Card,1401
ATQCUS0025,July,Entertainment,UPI,354
ATQCUS0025,July,Entertainment,Debit Card,55
ATQCUS0025,July,Entertainment,Net Banking,179
ATQCUS0025,July,Apparel,Credit Card,819
ATQCUS0025,July,Apparel,UPI,1142
ATQCUS0025,July,Apparel,Debit Card,177
ATQCUS0025,July,Apparel,Net Banking,104
ATQCUS0025,July,Others,Credit Card,463
ATQCUS0025,July,Others,UPI,349
ATQCUS0025,July,Others,Debit Card,173
ATQCUS0025,July,Others,Net Banking,101
ATQCUS0025,August,Bills,Credit Card,3069
ATQCUS0025,August,Bills,UPI,516
ATQCUS0025,August,Bills,Debit Card,995
ATQCUS0025,August,Bills,Net Banking,457
ATQCUS0025,August,Groceries,Credit Card,1091
ATQCUS0025,August,Groceries,UPI,955
ATQCUS0025,August,Groceries,Debit Card,723
ATQCUS0025,August,Groceries,Net Banking,502
ATQCUS0025,August,Electronics,Credit Card,726
ATQCUS0025,August,Electronics,UPI,648
ATQCUS0025,August,Electronics,Debit Card,90
ATQCUS0025,August,Electronics,Net Banking,357
ATQCUS0025,August,Health & Wellness,Credit Card,339
ATQCUS0025,August,Health & Wellness,UPI,1214
ATQCUS0025,August,Health & Wellness,Debit Card,260
ATQCUS0025,August,Health & Wellness,Net Banking,305
ATQCUS0025,August,Travel,Credit Card,678
ATQCUS0025,August,Travel,UPI,853
ATQCUS0025,August,Travel,Debit Card,352
ATQCUS0025,August,Travel,Net Banking,77
ATQCUS0025,August,Food,Credit Card,1172
ATQCUS0025,August,Food,UPI,832
ATQCUS0025,August,Food,Debit Card,363
ATQCUS0025,August,Food,Net Banking,128
ATQCUS0025,August,Entertainment,Credit Card,602
ATQCUS0025,August,Entertainment,UPI,184
ATQCUS0025,August,Entertainment,Debit Card,176
ATQCUS0025,August,Entertainment,Net Banking,292
ATQCUS0025,August,Apparel,Credit Card,213
ATQCUS0025,August,Apparel,UPI,402
ATQCUS0025,August,Apparel,Debit Card,195
ATQCUS0025,August,Apparel,Net Banking,97
ATQCUS0025,August,Others,Credit Card,465
ATQCUS0025,August,Others,UPI,288
ATQCUS0025,August,Others,Debit Card,95
ATQCUS0025,August,Others,Net Banking,57
ATQCUS0025,September,Bills,Credit Card,1689
ATQCUS0025,September,Bills,UPI,1136
ATQCUS0025,September,Bills,Debit Card,3233
ATQCUS0025,September,Bills,Net Banking,313
ATQCUS0025,September,Groceries,Credit Card,802
ATQCUS0025,September,Groceries,UPI,2840
ATQCUS0025,September,Groceries,Debit Card,1156
ATQCUS0025,September,Groceries,Net Banking,522
ATQCUS0025,September,Electronics,Credit Card,828
ATQCUS0025,September,Electronics,UPI,350
ATQCUS0025,September,Electronics,Debit Card,429
ATQCUS0025,September,Electronics,Net Banking,173
ATQCUS0025,September,Health & Wellness,Credit Card,1758
ATQCUS0025,September,Health & Wellness,UPI,833
ATQCUS0025,September,Health & Wellness,Debit Card,962
ATQCUS0025,September,Health & Wellness,Net Banking,190
ATQCUS0025,September,Travel,Credit Card,1754
ATQCUS0025,September,Travel,UPI,265
ATQCUS0025,September,Travel,Debit Card,217
ATQCUS0025,September,Travel,Net Banking,110
ATQCUS0025,September,Food,Credit Card,644
ATQCUS0025,September,Food,UPI,875
ATQCUS0025,September,Food,Debit Card,1253
ATQCUS0025,September,Food,Net Banking,126
ATQCUS0025,September,Entertainment,Credit Card,288
ATQCUS0025,September,Entertainment,UPI,245
ATQCUS0025,September,Entertainment,Debit Card,128
ATQCUS0025,September,Entertainment,Net Banking,92
ATQCUS0025,September,Apparel,Credit Card,241
ATQCUS0025,September,Apparel,UPI,430
ATQCUS0025,September,Apparel,Debit Card,176
ATQCUS0025,September,Apparel,Net Banking,271
ATQCUS0025,September,Others,Credit Card,231
ATQCUS0025,September,Others,UPI,160
ATQCUS0025,September,Others,Debit Card,174
ATQCUS0025,September,Others,Net Banking,102
ATQCUS0025,October,Bills,Credit Card,2447
ATQCUS0025,October,Bills,UPI,1430
ATQCUS0025,October,Bills,Debit Card,640
ATQCUS0025,October,Bills,Net Banking,119
ATQCUS0025,October,Groceries,Credit Card,1165
ATQCUS0025,October,Groceries,UPI,1834
ATQCUS0025,October,Groceries,Debit Card,58
ATQCUS0025,October,Groceries,Net Banking,321
ATQCUS0025,October,Electronics,Credit Card,741
ATQCUS0025,October,Electronics,UPI,1097
ATQCUS0025,October,Electronics,Debit Card,1494
ATQCUS0025,October,Electronics,Net Banking,619
ATQCUS0025,October,Health & Wellness,Credit Card,507
ATQCUS0025,October,Health & Wellness,UPI,734
ATQCUS0025,October,Health & Wellness,Debit Card,83
ATQCUS0025,October,Health & Wellness,Net Banking,306
ATQCUS0025,October,Travel,Credit Card,1127
ATQCUS0025,October,Travel,UPI,50
ATQCUS0025,October,Travel,Debit Card,472
ATQCUS0025,October,Travel,Net Banking,395
ATQCUS0025,October,Food,Credit Card,644
ATQCUS0025,October,Food,UPI,763
ATQCUS0025,October,Food,Debit Card,410
ATQCUS0025,October,Food,Net Banking,338
ATQCUS0025,October,Entertainment,Credit Card,457
ATQCUS0025,October,Entertainment,UPI,912
ATQCUS0025,October,Entertainment,Debit Card,215
ATQCUS0025,October,Entertainment,Net Banking,193
ATQCUS0025,October,Apparel,Credit Card,1422
ATQCUS0025,October,Apparel,UPI,276
ATQCUS0025,October,Apparel,Debit Card,896
ATQCUS0025,October,Apparel,Net Banking,345
ATQCUS0025,October,Others,Credit Card,1092
ATQCUS0025,October,Others,UPI,73
ATQCUS0025,October,Others,Debit Card,128
ATQCUS0025,October,Others,Net Banking,168
ATQCUS0026,May,Bills,Credit Card,1841
ATQCUS0026,May,Bills,UPI,151
ATQCUS0026,May,Bills,Debit Card,312
ATQCUS0026,May,Bills,Net Banking,172
ATQCUS0026,May,Groceries,Credit Card,945
ATQCUS0026,May,Groceries,UPI,211
ATQCUS0026,May,Groceries,Debit Card,663
ATQCUS0026,May,Groceries,Net Banking,123
ATQCUS0026,May,Electronics,Credit Card,877
ATQCUS0026,May,Electronics,UPI,1454
ATQCUS0026,May,Electronics,Debit Card,461
ATQCUS0026,May,Electronics,Net Banking,322
ATQCUS0026,May,Health & Wellness,Credit Card,577
ATQCUS0026,May,Health & Wellness,UPI,985
ATQCUS0026,May,Health & Wellness,Debit Card,576
ATQCUS0026,May,Health & Wellness,Net Banking,207
ATQCUS0026,May,Travel,Credit Card,1024
ATQCUS0026,May,Travel,UPI,724
ATQCUS0026,May,Travel,Debit Card,590
ATQCUS0026,May,Travel,Net Banking,150
ATQCUS0026,May,Food,Credit Card,549
ATQCUS0026,May,Food,UPI,701
ATQCUS0026,May,Food,Debit Card,409
ATQCUS0026,May,Food,Net Banking,734
ATQCUS0026,May,Entertainment,Credit Card,613
ATQCUS0026,May,Entertainment,UPI,1188
ATQCUS0026,May,Entertainment,Debit Card,239
ATQCUS0026,May,Entertainment,Net Banking,119
ATQCUS0026,May,Apparel,Credit Card,418
ATQCUS0026,May,Apparel,UPI,426
ATQCUS0026,May,Apparel,Debit Card,194
ATQCUS0026,May,Apparel,Net Banking,137
ATQCUS0026,May,Others,Credit Card,603
ATQCUS0026,May,Others,UPI,578
ATQCUS0026,May,Others,Debit Card,255
ATQCUS0026,May,Others,Net Banking,53
ATQCUS0026,June,Bills,Credit Card,3054
ATQCUS0026,June,Bills,UPI,91
ATQCUS0026,June,Bills,Debit Card,300
ATQCUS0026,June,Bills,Net Banking,169
ATQCUS0026,June,Groceries,Credit Card,1154
ATQCUS0026,June,Groceries,UPI,283
ATQCUS0026,June,Groceries,Debit Card,597
ATQCUS0026,June,Groceries,Net Banking,180
ATQCUS0026,June,Electronics,Credit Card,150
ATQCUS0026,June,Electronics,UPI,137
ATQCUS0026,June,Electronics,Debit Card,507
ATQCUS0026,June,Electronics,Net Banking,345
ATQCUS0026,June,Health & Wellness,Credit Card,785
ATQCUS0026,June,Health & Wellness,UPI,712
ATQCUS0026,June,Health & Wellness,Debit Card,168
ATQCUS0026,June,Health & Wellness,Net Banking,45
ATQCUS0026,June,Travel,Credit Card,184
ATQCUS0026,June,Travel,UPI,347
ATQCUS0026,June,Travel,Debit Card,435
ATQCUS0026,June,Travel,Net Banking,177
ATQCUS0026,June,Food,Credit Card,508
ATQCUS0026,June,Food,UPI,870
ATQCUS0026,June,Food,Debit Card,495
ATQCUS0026,June,Food,Net Banking,489
ATQCUS0026,June,Entertainment,Credit Card,327
ATQCUS0026,June,Entertainment,UPI,602
ATQCUS0026,June,Entertainment,Debit Card,402
ATQCUS0026,June,Entertainment,Net Banking,73
ATQCUS0026,June,Apparel,Credit Card,511
ATQCUS0026,June,Apparel,UPI,264
ATQCUS0026,June,Apparel,Debit Card,313
ATQCUS0026,June,Apparel,Net Banking,74
ATQCUS0026,June,Others,Credit Card,128
ATQCUS0026,June,Others,UPI,168
ATQCUS0026,June,Others,Debit Card,248
ATQCUS0026,June,Others,Net Banking,245
ATQCUS0026,July,Bills,Credit Card,1581
ATQCUS0026,July,Bills,UPI,812
ATQCUS0026,July,Bills,Debit Card,525
ATQCUS0026,July,Bills,Net Banking,202
ATQCUS0026,July,Groceries,Credit Card,634
ATQCUS0026,July,Groceries,UPI,482
ATQCUS0026,July,Groceries,Debit Card,592
ATQCUS0026,July,Groceries,Net Banking,392
ATQCUS0026,July,Electronics,Credit Card,1085
ATQCUS0026,July,Electronics,UPI,373
ATQCUS0026,July,Electronics,Debit Card,738
ATQCUS0026,July,Electronics,Net Banking,340
ATQCUS0026,July,Health & Wellness,Credit Card,436
ATQCUS0026,July,Health & Wellness,UPI,87
ATQCUS0026,July,Health & Wellness,Debit Card,759
ATQCUS0026,July,Health & Wellness,Net Banking,237
ATQCUS0026,July,Travel,Credit Card,279
ATQCUS0026,July,Travel,UPI,305
ATQCUS0026,July,Travel,Debit Card,1069
ATQCUS0026,July,Travel,Net Banking,112
ATQCUS0026,July,Food,Credit Card,1141
ATQCUS0026,July,Food,UPI,998
ATQCUS0026,July,Food,Debit Card,355
ATQCUS0026,July,Food,Net Banking,168
ATQCUS0026,July,Entertainment,Credit Card,200
ATQCUS0026,July,Entertainment,UPI,270
ATQCUS0026,July,Entertainment,Debit Card,118
ATQCUS0026,July,Entertainment,Net Banking,164
ATQCUS0026,July,Apparel,Credit Card,235
ATQCUS0026,July,Apparel,UPI,271
ATQCUS0026,July,Apparel,Debit Card,250
ATQCUS0026,July,Apparel,Net Banking,217
ATQCUS0026,July,Others,Credit Card,567
ATQCUS0026,July,Others,UPI,110
ATQCUS0026,July,Others,Debit Card,226
ATQCUS0026,July,Others,Net Banking,266
ATQCUS0026,August,Bills,Credit Card,1242
ATQCUS0026,August,Bills,UPI,600
ATQCUS0026,August,Bills,Debit Card,369
ATQCUS0026,August,Bills,Net Banking,646
ATQCUS0026,August,Groceries,Credit Card,231
ATQCUS0026,August,Groceries,UPI,70
ATQCUS0026,August,Groceries,Debit Card,540
ATQCUS0026,August,Groceries,Net Banking,228
ATQCUS0026,August,Electronics,Credit Card,302
ATQCUS0026,August,Electronics,UPI,653
ATQCUS0026,August,Electronics,Debit Card,1244
ATQCUS0026,August,Electronics,Net Banking,154
ATQCUS0026,August,Health & Wellness,Credit Card,301
ATQCUS0026,August,Health & Wellness,UPI,200
ATQCUS0026,August,Health & Wellness,Debit Card,435
ATQCUS0026,August,Health & Wellness,Net Banking,68
ATQCUS0026,August,Travel,Credit Card,1484
ATQCUS0026,August,Travel,UPI,179
ATQCUS0026,August,Travel,Debit Card,126
ATQCUS0026,August,Travel,Net Banking,551
ATQCUS0026,August,Food,Credit Card,1071
ATQCUS0026,August,Food,UPI,588
ATQCUS0026,August,Food,Debit Card,541
ATQCUS0026,August,Food,Net Banking,324
ATQCUS0026,August,Entertainment,Credit Card,576
ATQCUS0026,August,Entertainment,UPI,148
ATQCUS0026,August,Entertainment,Debit Card,325
ATQCUS0026,August,Entertainment,Net Banking,349
ATQCUS0026,August,Apparel,Credit Card,928
ATQCUS0026,August,Apparel,UPI,109
ATQCUS0026,August,Apparel,Debit Card,346
ATQCUS0026,August,Apparel,Net Banking,88
ATQCUS0026,August,Others,Credit Card,787
ATQCUS0026,August,Others,UPI,358
ATQCUS0026,August,Others,Debit Card,95
ATQCUS0026,August,Others,Net Banking,100
ATQCUS0026,September,Bills,Credit Card,551
ATQCUS0026,September,Bills,UPI,3458
ATQCUS0026,September,Bills,Debit Card,1132
ATQCUS0026,September,Bills,Net Banking,174
ATQCUS0026,September,Groceries,Credit Card,380
ATQCUS0026,September,Groceries,UPI,683
ATQCUS0026,September,Groceries,Debit Card,355
ATQCUS0026,September,Groceries,Net Banking,194
ATQCUS0026,September,Electronics,Credit Card,1300
ATQCUS0026,September,Electronics,UPI,1475
ATQCUS0026,September,Electronics,Debit Card,393
ATQCUS0026,September,Electronics,Net Banking,155
ATQCUS0026,September,Health & Wellness,Credit Card,1319
ATQCUS0026,September,Health & Wellness,UPI,469
ATQCUS0026,September,Health & Wellness,Debit Card,913
ATQCUS0026,September,Health & Wellness,Net Banking,37
ATQCUS0026,September,Travel,Credit Card,2335
ATQCUS0026,September,Travel,UPI,1751
ATQCUS0026,September,Travel,Debit Card,356
ATQCUS0026,September,Travel,Net Banking,97
ATQCUS0026,September,Food,Credit Card,1515
ATQCUS0026,September,Food,UPI,1274
ATQCUS0026,September,Food,Debit Card,1122
ATQCUS0026,September,Food,Net Banking,139
ATQCUS0026,September,Entertainment,Credit Card,1079
ATQCUS0026,September,Entertainment,UPI,338
ATQCUS0026,September,Entertainment,Debit Card,202
ATQCUS0026,September,Entertainment,Net Banking,118
ATQCUS0026,September,Apparel,Credit Card,272
ATQCUS0026,September,Apparel,UPI,62
ATQCUS0026,September,Apparel,Debit Card,181
ATQCUS0026,September,Apparel,Net Banking,303
ATQCUS0026,September,Others,Credit Card,156
ATQCUS0026,September,Others,UPI,477
ATQCUS0026,September,Others,Debit Card,55
ATQCUS0026,September,Others,Net Banking,145
ATQCUS0026,October,Bills,Credit Card,569
ATQCUS0026,October,Bills,UPI,409
ATQCUS0026,October,Bills,Debit Card,514
ATQCUS0026,October,Bills,Net Banking,137
ATQCUS0026,October,Groceries,Credit Card,1088
ATQCUS0026,October,Groceries,UPI,1532
ATQCUS0026,October,Groceries,Debit Card,1142
ATQCUS0026,October,Groceries,Net Banking,219
ATQCUS0026,October,Electronics,Credit Card,1218
ATQCUS0026,October,Electronics,UPI,1437
ATQCUS0026,October,Electronics,Debit Card,827
ATQCUS0026,October,Electronics,Net Banking,449
ATQCUS0026,October,Health & Wellness,Credit Card,1291
ATQCUS0026,October,Health & Wellness,UPI,226
ATQCUS0026,October,Health & Wellness,Debit Card,131
ATQCUS0026,October,Health & Wellness,Net Banking,485
ATQCUS0026,October,Travel,Credit Card,912
ATQCUS0026,October,Travel,UPI,663
ATQCUS0026,October,Travel,Debit Card,120
ATQCUS0026,October,Travel,Net Banking,191
ATQCUS0026,October,Food,Credit Card,976
ATQCUS0026,October,Food,UPI,609
ATQCUS0026,October,Food,Debit Card,326
ATQCUS0026,October,Food,Net Banking,267
ATQCUS0026,October,Entertainment,Credit Card,602
ATQCUS0026,October,Entertainment,UPI,1316
ATQCUS0026,October,Entertainment,Debit Card,488
ATQCUS0026,October,Entertainment,Net Banking,184
ATQCUS0026,October,Apparel,Credit Card,1089
ATQCUS0026,October,Apparel,UPI,122
ATQCUS0026,October,Apparel,Debit Card,263
ATQCUS0026,October,Apparel,Net Banking,249
ATQCUS0026,October,Others,Credit Card,483
ATQCUS0026,October,Others,UPI,187
ATQCUS0026,October,Others,Debit Card,250
ATQCUS0026,October,Others,Net Banking,104
ATQCUS0027,May,Bills,Credit Card,1021
ATQCUS0027,May,Bills,UPI,634
ATQCUS0027,May,Bills,Debit Card,546
ATQCUS0027,May,Bills,Net Banking,329
ATQCUS0027,May,Groceries,Credit Card,447
ATQCUS0027,May,Groceries,UPI,967
ATQCUS0027,May,Groceries,Debit Card,767
ATQCUS0027,May,Groceries,Net Banking,87
ATQCUS0027,May,Electronics,Credit Card,297
ATQCUS0027,May,Electronics,UPI,386
ATQCUS0027,May,Electronics,Debit Card,349
ATQCUS0027,May,Electronics,Net Banking,459
ATQCUS0027,May,Health & Wellness,Credit Card,400
ATQCUS0027,May,Health & Wellness,UPI,404
ATQCUS0027,May,Health & Wellness,Debit Card,745
ATQCUS0027,May,Health & Wellness,Net Banking,163
ATQCUS0027,May,Travel,Credit Card,377
ATQCUS0027,May,Travel,UPI,304
ATQCUS0027,May,Travel,Debit Card,394
ATQCUS0027,May,Travel,Net Banking,161
ATQCUS0027,May,Food,Credit Card,545
ATQCUS0027,May,Food,UPI,152
ATQCUS0027,May,Food,Debit Card,113
ATQCUS0027,May,Food,Net Banking,208
ATQCUS0027,May,Entertainment,Credit Card,83
ATQCUS0027,May,Entertainment,UPI,132
ATQCUS0027,May,Entertainment,Debit Card,317
ATQCUS0027,May,Entertainment,Net Banking,163
ATQCUS0027,May,Apparel,Credit Card,603
ATQCUS0027,May,Apparel,UPI,131
ATQCUS0027,May,Apparel,Debit Card,73
ATQCUS0027,May,Apparel,Net Banking,106
ATQCUS0027,May,Others,Credit Card,213
ATQCUS0027,May,Others,UPI,195
ATQCUS0027,May,Others,Debit Card,148
ATQCUS0027,May,Others,Net Banking,71
ATQCUS0027,June,Bills,Credit Card,692
ATQCUS0027,June,Bills,UPI,1382
ATQCUS0027,June,Bills,Debit Card,597
ATQCUS0027,June,Bills,Net Banking,582
ATQCUS0027,June,Groceries,Credit Card,605
ATQCUS0027,June,Groceries,UPI,410
ATQCUS0027,June,Groceries,Debit Card,279
ATQCUS0027,June,Groceries,Net Banking,72
ATQCUS0027,June,Electronics,Credit Card,1086
ATQCUS0027,June,Electronics,UPI,557
ATQCUS0027,June,Electronics,Debit Card,503
ATQCUS0027,June,Electronics,Net Banking,208
ATQCUS0027,June,Health & Wellness,Credit Card,1628
ATQCUS0027,June,Health & Wellness,UPI,639
ATQCUS0027,June,Health & Wellness,Debit Card,32
ATQCUS0027,June,Health & Wellness,Net Banking,81
ATQCUS0027,June,Travel,Credit Card,86
ATQCUS0027,June,Travel,UPI,228
ATQCUS0027,June,Travel,Debit Card,138
ATQCUS0027,June,Travel,Net Banking,76
ATQCUS0027,June,Food,Credit Card,940
ATQCUS0027,June,Food,UPI,114
ATQCUS0027,June,Food,Debit Card,612
ATQCUS0027,June,Food,Net Banking,56
ATQCUS0027,June,Entertainment,Credit Card,365
ATQCUS0027,June,Entertainment,UPI,263
ATQCUS0027,June,Entertainment,Debit Card,57
ATQCUS0027,June,Entertainment,Net Banking,140
ATQCUS0027,June,Apparel,Credit Card,69
ATQCUS0027,June,Apparel,UPI,152
ATQCUS0027,June,Apparel,Debit Card,357
ATQCUS0027,June,Apparel,Net Banking,94
ATQCUS0027,June,Others,Credit Card,482
ATQCUS0027,June,Others,UPI,289
ATQCUS0027,June,Others,Debit Card,127
ATQCUS0027,June,Others,Net Banking,79
ATQCUS0027,July,Bills,Credit Card,823
ATQCUS0027,July,Bills,UPI,1763
ATQCUS0027,July,Bills,Debit Card,1369
ATQCUS0027,July,Bills,Net Banking,289
ATQCUS0027,July,Groceries,Credit Card,660
ATQCUS0027,July,Groceries,UPI,361
ATQCUS0027,July,Groceries,Debit Card,459
ATQCUS0027,July,Groceries,Net Banking,225
ATQCUS0027,July,Electronics,Credit Card,789
ATQCUS0027,July,Electronics,UPI,697
ATQCUS0027,July,Electronics,Debit Card,618
ATQCUS0027,July,Electronics,Net Banking,148
ATQCUS0027,July,Health & Wellness,Credit Card,164
ATQCUS0027,July,Health & Wellness,UPI,272
ATQCUS0027,July,Health & Wellness,Debit Card,79
ATQCUS0027,July,Health & Wellness,Net Banking,181
ATQCUS0027,July,Travel,Credit Card,1007
ATQCUS0027,July,Travel,UPI,581
ATQCUS0027,July,Travel,Debit Card,194
ATQCUS0027,July,Travel,Net Banking,66
ATQCUS0027,July,Food,Credit Card,172
ATQCUS0027,July,Food,UPI,253
ATQCUS0027,July,Food,Debit Card,136
ATQCUS0027,July,Food,Net Banking,66
ATQCUS0027,July,Entertainment,Credit Card,278
ATQCUS0027,July,Entertainment,UPI,623
ATQCUS0027,July,Entertainment,Debit Card,291
ATQCUS0027,July,Entertainment,Net Banking,201
ATQCUS0027,July,Apparel,Credit Card,157
ATQCUS0027,July,Apparel,UPI,208
ATQCUS0027,July,Apparel,Debit Card,359
ATQCUS0027,July,Apparel,Net Banking,33
ATQCUS0027,July,Others,Credit Card,215
ATQCUS0027,July,Others,UPI,237
ATQCUS0027,July,Others,Debit Card,141
ATQCUS0027,July,Others,Net Banking,185
ATQCUS0027,August,Bills,Credit Card,2378
ATQCUS0027,August,Bills,UPI,3839
ATQCUS0027,August,Bills,Debit Card,235
ATQCUS0027,August,Bills,Net Banking,191
ATQCUS0027,August,Groceries,Credit Card,826
ATQCUS0027,August,Groceries,UPI,772
ATQCUS0027,August,Groceries,Debit Card,258
ATQCUS0027,August,Groceries,Net Banking,80
ATQCUS0027,August,Electronics,Credit Card,212
ATQCUS0027,August,Electronics,UPI,1165
ATQCUS0027,August,Electronics,Debit Card,328
ATQCUS0027,August,Electronics,Net Banking,317
ATQCUS0027,August,Health & Wellness,Credit Card,776
ATQCUS0027,August,Health & Wellness,UPI,95
ATQCUS0027,August,Health & Wellness,Debit Card,356
ATQCUS0027,August,Health & Wellness,Net Banking,41
ATQCUS0027,August,Travel,Credit Card,817
ATQCUS0027,August,Travel,UPI,307
ATQCUS0027,August,Travel,Debit Card,242
ATQCUS0027,August,Travel,Net Banking,87
ATQCUS0027,August,Food,Credit Card,73
ATQCUS0027,August,Food,UPI,343
ATQCUS0027,August,Food,Debit Card,410
ATQCUS0027,August,Food,Net Banking,205
ATQCUS0027,August,Entertainment,Credit Card,124
ATQCUS0027,August,Entertainment,UPI,346
ATQCUS0027,August,Entertainment,Debit Card,546
ATQCUS0027,August,Entertainment,Net Banking,310
ATQCUS0027,August,Apparel,Credit Card,322
ATQCUS0027,August,Apparel,UPI,96
ATQCUS0027,August,Apparel,Debit Card,103
ATQCUS0027,August,Apparel,Net Banking,71
ATQCUS0027,August,Others,Credit Card,219
ATQCUS0027,August,Others,UPI,197
ATQCUS0027,August,Others,Debit Card,129
ATQCUS0027,August,Others,Net Banking,59
ATQCUS0027,September,Bills,Credit Card,948
ATQCUS0027,September,Bills,UPI,983
ATQCUS0027,September,Bills,Debit Card,698
ATQCUS0027,September,Bills,Net Banking,305
ATQCUS0027,September,Groceries,Credit Card,944
ATQCUS0027,September,Groceries,UPI,732
ATQCUS0027,September,Groceries,Debit Card,87
ATQCUS0027,September,Groceries,Net Banking,253
ATQCUS0027,September,Electronics,Credit Card,423
ATQCUS0027,September,Electronics,UPI,786
ATQCUS0027,September,Electronics,Debit Card,801
ATQCUS0027,September,Electronics,Net Banking,470
ATQCUS0027,September,Health & Wellness,Credit Card,262
ATQCUS0027,September,Health & Wellness,UPI,261
ATQCUS0027,September,Health & Wellness,Debit Card,117
ATQCUS0027,September,Health & Wellness,Net Banking,123
ATQCUS0027,September,Travel,Credit Card,202
ATQCUS0027,September,Travel,UPI,333
ATQCUS0027,September,Travel,Debit Card,389
ATQCUS0027,September,Travel,Net Banking,324
ATQCUS0027,September,Food,Credit Card,561
ATQCUS0027,September,Food,UPI,540
ATQCUS0027,September,Food,Debit Card,166
ATQCUS0027,September,Food,Net Banking,228
ATQCUS0027,September,Entertainment,Credit Card,161
ATQCUS0027,September,Entertainment,UPI,43
ATQCUS0027,September,Entertainment,Debit Card,274
ATQCUS0027,September,Entertainment,Net Banking,135
ATQCUS0027,September,Apparel,Credit Card,124
ATQCUS0027,September,Apparel,UPI,379
ATQCUS0027,September,Apparel,Debit Card,221
ATQCUS0027,September,Apparel,Net Banking,153
ATQCUS0027,September,Others,Credit Card,412
ATQCUS0027,September,Others,UPI,109
ATQCUS0027,September,Others,Debit Card,140
ATQCUS0027,September,Others,Net Banking,203
ATQCUS0027,October,Bills,Credit Card,228
ATQCUS0027,October,Bills,UPI,743
ATQCUS0027,October,Bills,Debit Card,460
ATQCUS0027,October,Bills,Net Banking,313
ATQCUS0027,October,Groceries,Credit Card,378
ATQCUS0027,October,Groceries,UPI,579
ATQCUS0027,October,Groceries,Debit Card,483
ATQCUS0027,October,Groceries,Net Banking,375
ATQCUS0027,October,Electronics,Credit Card,1478
ATQCUS0027,October,Electronics,UPI,439
ATQCUS0027,October,Electronics,Debit Card,148
ATQCUS0027,October,Electronics,Net Banking,293
ATQCUS0027,October,Health & Wellness,Credit Card,1134
ATQCUS0027,October,Health & Wellness,UPI,270
ATQCUS0027,October,Health & Wellness,Debit Card,361
ATQCUS0027,October,Health & Wellness,Net Banking,288
ATQCUS0027,October,Travel,Credit Card,428
ATQCUS0027,October,Travel,UPI,335
ATQCUS0027,October,Travel,Debit Card,609
ATQCUS0027,October,Travel,Net Banking,183
ATQCUS0027,October,Food,Credit Card,843
ATQCUS0027,October,Food,UPI,326
ATQCUS0027,October,Food,Debit Card,387
ATQCUS0027,October,Food,Net Banking,156
ATQCUS0027,October,Entertainment,Credit Card,859
ATQCUS0027,October,Entertainment,UPI,370
ATQCUS0027,October,Entertainment,Debit Card,914
ATQCUS0027,October,Entertainment,Net Banking,114
ATQCUS0027,October,Apparel,Credit Card,339
ATQCUS0027,October,Apparel,UPI,56
ATQCUS0027,October,Apparel,Debit Card,240
ATQCUS0027,October,Apparel,Net Banking,161
ATQCUS0027,October,Others,Credit Card,92
ATQCUS0027,October,Others,UPI,26
ATQCUS0027,October,Others,Debit Card,102
ATQCUS0027,October,Others,Net Banking,74
ATQCUS0028,May,Bills,Credit Card,160
ATQCUS0028,May,Bills,UPI,3021
ATQCUS0028,May,Bills,Debit Card,651
ATQCUS0028,May,Bills,Net Banking,295
ATQCUS0028,May,Groceries,Credit Card,1336
ATQCUS0028,May,Groceries,UPI,69
ATQCUS0028,May,Groceries,Debit Card,135
ATQCUS0028,May,Groceries,Net Banking,207
ATQCUS0028,May,Electronics,Credit Card,577
ATQCUS0028,May,Electronics,UPI,335
ATQCUS0028,May,Electronics,Debit Card,571
ATQCUS0028,May,Electronics,Net Banking,150
ATQCUS0028,May,Health & Wellness,Credit Card,235
ATQCUS0028,May,Health & Wellness,UPI,594
ATQCUS0028,May,Health & Wellness,Debit Card,228
ATQCUS0028,May,Health & Wellness,Net Banking,90
ATQCUS0028,May,Travel,Credit Card,212
ATQCUS0028,May,Travel,UPI,211
ATQCUS0028,May,Travel,Debit Card,484
ATQCUS0028,May,Travel,Net Banking,451
ATQCUS0028,May,Food,Credit Card,196
ATQCUS0028,May,Food,UPI,356
ATQCUS0028,May,Food,Debit Card,238
ATQCUS0028,May,Food,Net Banking,268
ATQCUS0028,May,Entertainment,Credit Card,798
ATQCUS0028,May,Entertainment,UPI,330
ATQCUS0028,May,Entertainment,Debit Card,320
ATQCUS0028,May,Entertainment,Net Banking,52
ATQCUS0028,May,Apparel,Credit Card,539
ATQCUS0028,May,Apparel,UPI,407
ATQCUS0028,May,Apparel,Debit Card,151
ATQCUS0028,May,Apparel,Net Banking,70
ATQCUS0028,May,Others,Credit Card,122
ATQCUS0028,May,Others,UPI,78
ATQCUS0028,May,Others,Debit Card,327
ATQCUS0028,May,Others,Net Banking,80
ATQCUS0028,June,Bills,Credit Card,2059
ATQCUS0028,June,Bills,UPI,236
ATQCUS0028,June,Bills,Debit Card,160
ATQCUS0028,June,Bills,Net Banking,249
ATQCUS0028,June,Groceries,Credit Card,1520
ATQCUS0028,June,Groceries,UPI,1600
ATQCUS0028,June,Groceries,Debit Card,363
ATQCUS0028,June,Groceries,Net Banking,463
ATQCUS0028,June,Electronics,Credit Card,326
ATQCUS0028,June,Electronics,UPI,886
ATQCUS0028,June,Electronics,Debit Card,567
ATQCUS0028,June,Electronics,Net Banking,193
ATQCUS0028,June,Health & Wellness,Credit Card,494
ATQCUS0028,June,Health & Wellness,UPI,1149
ATQCUS0028,June,Health & Wellness,Debit Card,212
ATQCUS0028,June,Health & Wellness,Net Banking,326
ATQCUS0028,June,Travel,Credit Card,408
ATQCUS0028,June,Travel,UPI,897
ATQCUS0028,June,Travel,Debit Card,177
ATQCUS0028,June,Travel,Net Banking,252
ATQCUS0028,June,Food,Credit Card,733
ATQCUS0028,June,Food,UPI,180
ATQCUS0028,June,Food,Debit Card,160
ATQCUS0028,June,Food,Net Banking,168
ATQCUS0028,June,Entertainment,Credit Card,146
ATQCUS0028,June,Entertainment,UPI,209
ATQCUS0028,June,Entertainment,Debit Card,280
ATQCUS0028,June,Entertainment,Net Banking,139
ATQCUS0028,June,Apparel,Credit Card,309
ATQCUS0028,June,Apparel,UPI,67
ATQCUS0028,June,Apparel,Debit Card,380
ATQCUS0028,June,Apparel,Net Banking,97
ATQCUS0028,June,Others,Credit Card,661
ATQCUS0028,June,Others,UPI,415
ATQCUS0028,June,Others,Debit Card,180
ATQCUS0028,June,Others,Net Banking,143
ATQCUS0028,July,Bills,Credit Card,784
ATQCUS0028,July,Bills,UPI,751
ATQCUS0028,July,Bills,Debit Card,612
ATQCUS0028,July,Bills,Net Banking,291
ATQCUS0028,July,Groceries,Credit Card,579
ATQCUS0028,July,Groceries,UPI,931
ATQCUS0028,July,Groceries,Debit Card,132
ATQCUS0028,July,Groceries,Net Banking,266
ATQCUS0028,July,Electronics,Credit Card,978
ATQCUS0028,July,Electronics,UPI,262
ATQCUS0028,July,Electronics,Debit Card,281
ATQCUS0028,July,Electronics,Net Banking,60
ATQCUS0028,July,Health & Wellness,Credit Card,739
ATQCUS0028,July,Health & Wellness,UPI,675
ATQCUS0028,July,Health & Wellness,Debit Card,635
ATQCUS0028,July,Health & Wellness,Net Banking,202
ATQCUS0028,July,Travel,Credit Card,182
ATQCUS0028,July,Travel,UPI,99
ATQCUS0028,July,Travel,Debit Card,439
ATQCUS0028,July,Travel,Net Banking,237
ATQCUS0028,July,Food,Credit Card,565
ATQCUS0028,July,Food,UPI,357
ATQCUS0028,July,Food,Debit Card,529
ATQCUS0028,July,Food,Net Banking,75
ATQCUS0028,July,Entertainment,Credit Card,149
ATQCUS0028,July,Entertainment,UPI,98
ATQCUS0028,July,Entertainment,Debit Card,30
ATQCUS0028,July,Entertainment,Net Banking,171
ATQCUS0028,July,Apparel,Credit Card,112
ATQCUS0028,July,Apparel,UPI,429
ATQCUS0028,July,Apparel,Debit Card,102
ATQCUS0028,July,Apparel,Net Banking,154
ATQCUS0028,July,Others,Credit Card,388
ATQCUS0028,July,Others,UPI,313
ATQCUS0028,July,Others,Debit Card,125
ATQCUS0028,July,Others,Net Banking,67
ATQCUS0028,August,Bills,Credit Card,820
ATQCUS0028,August,Bills,UPI,861
ATQCUS0028,August,Bills,Debit Card,998
ATQCUS0028,August,Bills,Net Banking,201
ATQCUS0028,August,Groceries,Credit Card,2644
ATQCUS0028,August,Groceries,UPI,419
ATQCUS0028,August,Groceries,Debit Card,286
ATQCUS0028,August,Groceries,Net Banking,401
ATQCUS0028,August,Electronics,Credit Card,78
ATQCUS0028,August,Electronics,UPI,572
ATQCUS0028,August,Electronics,Debit Card,475
ATQCUS0028,August,Electronics,Net Banking,267
ATQCUS0028,August,Health & Wellness,Credit Card,158
ATQCUS0028,August,Health & Wellness,UPI,254
ATQCUS0028,August,Health & Wellness,Debit Card,343
ATQCUS0028,August,Health & Wellness,Net Banking,201
ATQCUS0028,August,Travel,Credit Card,769
ATQCUS0028,August,Travel,UPI,38
ATQCUS0028,August,Travel,Debit Card,115
ATQCUS0028,August,Travel,Net Banking,38
ATQCUS0028,August,Food,Credit Card,252
ATQCUS0028,August,Food,UPI,289
ATQCUS0028,August,Food,Debit Card,363
ATQCUS0028,August,Food,Net Banking,547
ATQCUS0028,August,Entertainment,Credit Card,245
ATQCUS0028,August,Entertainment,UPI,337
ATQCUS0028,August,Entertainment,Debit Card,153
ATQCUS0028,August,Entertainment,Net Banking,164
ATQCUS0028,August,Apparel,Credit Card,305
ATQCUS0028,August,Apparel,UPI,141
ATQCUS0028,August,Apparel,Debit Card,85
ATQCUS0028,August,Apparel,Net Banking,137
ATQCUS0028,August,Others,Credit Card,115
ATQCUS0028,August,Others,UPI,101
ATQCUS0028,August,Others,Debit Card,312
ATQCUS0028,August,Others,Net Banking,105
ATQCUS0028,September,Bills,Credit Card,555
ATQCUS0028,September,Bills,UPI,1299
ATQCUS0028,September,Bills,Debit Card,349
ATQCUS0028,September,Bills,Net Banking,715
ATQCUS0028,September,Groceries,Credit Card,723
ATQCUS0028,September,Groceries,UPI,1441
ATQCUS0028,September,Groceries,Debit Card,1262
ATQCUS0028,September,Groceries,Net Banking,383
ATQCUS0028,September,Electronics,Credit Card,959
ATQCUS0028,September,Electronics,UPI,825
ATQCUS0028,September,Electronics,Debit Card,482
ATQCUS0028,September,Electronics,Net Banking,635
ATQCUS0028,September,Health & Wellness,Credit Card,1148
ATQCUS0028,September,Health & Wellness,UPI,601
ATQCUS0028,September,Health & Wellness,Debit Card,402
ATQCUS0028,September,Health & Wellness,Net Banking,181
ATQCUS0028,September,Travel,Credit Card,1069
ATQCUS0028,September,Travel,UPI,957
ATQCUS0028,September,Travel,Debit Card,233
ATQCUS0028,September,Travel,Net Banking,198
ATQCUS0028,September,Food,Credit Card,229
ATQCUS0028,September,Food,UPI,112
ATQCUS0028,September,Food,Debit Card,228
ATQCUS0028,September,Food,Net Banking,424
ATQCUS0028,September,Entertainment,Credit Card,379
ATQCUS0028,September,Entertainment,UPI,214
ATQCUS0028,September,Entertainment,Debit Card,234
ATQCUS0028,September,Entertainment,Net Banking,49
ATQCUS0028,September,Apparel,Credit Card,550
ATQCUS0028,September,Apparel,UPI,21
ATQCUS0028,September,Apparel,Debit Card,280
ATQCUS0028,September,Apparel,Net Banking,102
ATQCUS0028,September,Others,Credit Card,315
ATQCUS0028,September,Others,UPI,45
ATQCUS0028,September,Others,Debit Card,198
ATQCUS0028,September,Others,Net Banking,71
ATQCUS0028,October,Bills,Credit Card,1929
ATQCUS0028,October,Bills,UPI,930
ATQCUS0028,October,Bills,Debit Card,1268
ATQCUS0028,October,Bills,Net Banking,194
ATQCUS0028,October,Groceries,Credit Card,2650
ATQCUS0028,October,Groceries,UPI,119
ATQCUS0028,October,Groceries,Debit Card,260
ATQCUS0028,October,Groceries,Net Banking,258
ATQCUS0028,October,Electronics,Credit Card,237
ATQCUS0028,October,Electronics,UPI,1224
ATQCUS0028,October,Electronics,Debit Card,259
ATQCUS0028,October,Electronics,Net Banking,77
ATQCUS0028,October,Health & Wellness,Credit Card,613
ATQCUS0028,October,Health & Wellness,UPI,705
ATQCUS0028,October,Health & Wellness,Debit Card,523
ATQCUS0028,October,Health & Wellness,Net Banking,285
ATQCUS0028,October,Travel,Credit Card,538
ATQCUS0028,October,Travel,UPI,648
ATQCUS0028,October,Travel,Debit Card,92
ATQCUS0028,October,Travel,Net Banking,267
ATQCUS0028,October,Food,Credit Card,427
ATQCUS0028,October,Food,UPI,57
ATQCUS0028,October,Food,Debit Card,430
ATQCUS0028,October,Food,Net Banking,501
ATQCUS0028,October,Entertainment,Credit Card,798
ATQCUS0028,October,Entertainment,UPI,123
ATQCUS0028,October,Entertainment,Debit Card,395
ATQCUS0028,October,Entertainment,Net Banking,139
ATQCUS0028,October,Apparel,Credit Card,306
ATQCUS0028,October,Apparel,UPI,249
ATQCUS0028,October,Apparel,Debit Card,92
ATQCUS0028,October,Apparel,Net Banking,100
ATQCUS0028,October,Others,Credit Card,60
ATQCUS0028,October,Others,UPI,66
ATQCUS0028,October,Others,Debit Card,194
ATQCUS0028,October,Others,Net Banking,151
ATQCUS0029,May,Bills,Credit Card,408
ATQCUS0029,May,Bills,UPI,1091
ATQCUS0029,May,Bills,Debit Card,2160
ATQCUS0029,May,Bills,Net Banking,438
ATQCUS0029,May,Groceries,Credit Card,582
ATQCUS0029,May,Groceries,UPI,1619
ATQCUS0029,May,Groceries,Debit Card,892
ATQCUS0029,May,Groceries,Net Banking,735
ATQCUS0029,May,Electronics,Credit Card,564
ATQCUS0029,May,Electronics,UPI,336
ATQCUS0029,May,Electronics,Debit Card,1694
ATQCUS0029,May,Electronics,Net Banking,344
ATQCUS0029,May,Health & Wellness,Credit Card,88
ATQCUS0029,May,Health & Wellness,UPI,1328
ATQCUS0029,May,Health & Wellness,Debit Card,1434
ATQCUS0029,May,Health & Wellness,Net Banking,618
ATQCUS0029,May,Travel,Credit Card,631
ATQCUS0029,May,Travel,UPI,811
ATQCUS0029,May,Travel,Debit Card,871
ATQCUS0029,May,Travel,Net Banking,311
ATQCUS0029,May,Food,Credit Card,441
ATQCUS0029,May,Food,UPI,290
ATQCUS0029,May,Food,Debit Card,784
ATQCUS0029,May,Food,Net Banking,137
ATQCUS0029,May,Entertainment,Credit Card,309
ATQCUS0029,May,Entertainment,UPI,576
ATQCUS0029,May,Entertainment,Debit Card,109
ATQCUS0029,May,Entertainment,Net Banking,465
ATQCUS0029,May,Apparel,Credit Card,419
ATQCUS0029,May,Apparel,UPI,480
ATQCUS0029,May,Apparel,Debit Card,478
ATQCUS0029,May,Apparel,Net Banking,232
ATQCUS0029,May,Others,Credit Card,193
ATQCUS0029,May,Others,UPI,391
ATQCUS0029,May,Others,Debit Card,453
ATQCUS0029,May,Others,Net Banking,238
ATQCUS0029,June,Bills,Credit Card,1319
ATQCUS0029,June,Bills,UPI,1876
ATQCUS0029,June,Bills,Debit Card,748
ATQCUS0029,June,Bills,Net Banking,952
ATQCUS0029,June,Groceries,Credit Card,2383
ATQCUS0029,June,Groceries,UPI,1431
ATQCUS0029,June,Groceries,Debit Card,2518
ATQCUS0029,June,Groceries,Net Banking,399
ATQCUS0029,June,Electronics,Credit Card,1500
ATQCUS0029,June,Electronics,UPI,2237
ATQCUS0029,June,Electronics,Debit Card,808
ATQCUS0029,June,Electronics,Net Banking,725
ATQCUS0029,June,Health & Wellness,Credit Card,2113
ATQCUS0029,June,Health & Wellness,UPI,1329
ATQCUS0029,June,Health & Wellness,Debit Card,471
ATQCUS0029,June,Health & Wellness,Net Banking,960
ATQCUS0029,June,Travel,Credit Card,2498
ATQCUS0029,June,Travel,UPI,419
ATQCUS0029,June,Travel,Debit Card,1062
ATQCUS0029,June,Travel,Net Banking,186
ATQCUS0029,June,Food,Credit Card,790
ATQCUS0029,June,Food,UPI,629
ATQCUS0029,June,Food,Debit Card,707
ATQCUS0029,June,Food,Net Banking,611
ATQCUS0029,June,Entertainment,Credit Card,668
ATQCUS0029,June,Entertainment,UPI,709
ATQCUS0029,June,Entertainment,Debit Card,257
ATQCUS0029,June,Entertainment,Net Banking,212
ATQCUS0029,June,Apparel,Credit Card,304
ATQCUS0029,June,Apparel,UPI,971
ATQCUS0029,June,Apparel,Debit Card,398
ATQCUS0029,June,Apparel,Net Banking,97
ATQCUS0029,June,Others,Credit Card,141
ATQCUS0029,June,Others,UPI,499
ATQCUS0029,June,Others,Debit Card,172
ATQCUS0029,June,Others,Net Banking,188
ATQCUS0029,July,Bills,Credit Card,3991
ATQCUS0029,July,Bills,UPI,2366
ATQCUS0029,July,Bills,Debit Card,867
ATQCUS0029,July,Bills,Net Banking,989
ATQCUS0029,July,Groceries,Credit Card,4291
ATQCUS0029,July,Groceries,UPI,540
ATQCUS0029,July,Groceries,Debit Card,189
ATQCUS0029,July,Groceries,Net Banking,1091
ATQCUS0029,July,Electronics,Credit Card,7560
ATQCUS0029,July,Electronics,UPI,498
ATQCUS0029,July,Electronics,Debit Card,54
ATQCUS0029,July,Electronics,Net Banking,327
ATQCUS0029,July,Health & Wellness,Credit Card,1375
ATQCUS0029,July,Health & Wellness,UPI,279
ATQCUS0029,July,Health & Wellness,Debit Card,879
ATQCUS0029,July,Health & Wellness,Net Banking,369
ATQCUS0029,July,Travel,Credit Card,1148
ATQCUS0029,July,Travel,UPI,80
ATQCUS0029,July,Travel,Debit Card,884
ATQCUS0029,July,Travel,Net Banking,243
ATQCUS0029,July,Food,Credit Card,561
ATQCUS0029,July,Food,UPI,530
ATQCUS0029,July,Food,Debit Card,376
ATQCUS0029,July,Food,Net Banking,120
ATQCUS0029,July,Entertainment,Credit Card,1072
ATQCUS0029,July,Entertainment,UPI,1220
ATQCUS0029,July,Entertainment,Debit Card,393
ATQCUS0029,July,Entertainment,Net Banking,637
ATQCUS0029,July,Apparel,Credit Card,1056
ATQCUS0029,July,Apparel,UPI,288
ATQCUS0029,July,Apparel,Debit Card,78
ATQCUS0029,July,Apparel,Net Banking,374
ATQCUS0029,July,Others,Credit Card,1045
ATQCUS0029,July,Others,UPI,661
ATQCUS0029,July,Others,Debit Card,654
ATQCUS0029,July,Others,Net Banking,28
ATQCUS0029,August,Bills,Credit Card,1821
ATQCUS0029,August,Bills,UPI,1320
ATQCUS0029,August,Bills,Debit Card,1574
ATQCUS0029,August,Bills,Net Banking,1792
ATQCUS0029,August,Groceries,Credit Card,771
ATQCUS0029,August,Groceries,UPI,685
ATQCUS0029,August,Groceries,Debit Card,922
ATQCUS0029,August,Groceries,Net Banking,260
ATQCUS0029,August,Electronics,Credit Card,6736
ATQCUS0029,August,Electronics,UPI,2744
ATQCUS0029,August,Electronics,Debit Card,318
ATQCUS0029,August,Electronics,Net Banking,1060
ATQCUS0029,August,Health & Wellness,Credit Card,1217
ATQCUS0029,August,Health & Wellness,UPI,197
ATQCUS0029,August,Health & Wellness,Debit Card,231
ATQCUS0029,August,Health & Wellness,Net Banking,380
ATQCUS0029,August,Travel,Credit Card,1455
ATQCUS0029,August,Travel,UPI,435
ATQCUS0029,August,Travel,Debit Card,764
ATQCUS0029,August,Travel,Net Banking,118
ATQCUS0029,August,Food,Credit Card,235
ATQCUS0029,August,Food,UPI,2030
ATQCUS0029,August,Food,Debit Card,406
ATQCUS0029,August,Food,Net Banking,206
ATQCUS0029,August,Entertainment,Credit Card,1344
ATQCUS0029,August,Entertainment,UPI,734
ATQCUS0029,August,Entertainment,Debit Card,771
ATQCUS0029,August,Entertainment,Net Banking,142
ATQCUS0029,August,Apparel,Credit Card,529
ATQCUS0029,August,Apparel,UPI,911
ATQCUS0029,August,Apparel,Debit Card,314
ATQCUS0029,August,Apparel,Net Banking,310
ATQCUS0029,August,Others,Credit Card,825
ATQCUS0029,August,Others,UPI,283
ATQCUS0029,August,Others,Debit Card,260
ATQCUS0029,August,Others,Net Banking,189
ATQCUS0029,September,Bills,Credit Card,1206
ATQCUS0029,September,Bills,UPI,380
ATQCUS0029,September,Bills,Debit Card,2171
ATQCUS0029,September,Bills,Net Banking,130
ATQCUS0029,September,Groceries,Credit Card,1289
ATQCUS0029,September,Groceries,UPI,3704
ATQCUS0029,September,Groceries,Debit Card,402
ATQCUS0029,September,Groceries,Net Banking,726
ATQCUS0029,September,Electronics,Credit Card,824
ATQCUS0029,September,Electronics,UPI,543
ATQCUS0029,September,Electronics,Debit Card,56
ATQCUS0029,September,Electronics,Net Banking,694
ATQCUS0029,September,Health & Wellness,Credit Card,635
ATQCUS0029,September,Health & Wellness,UPI,204
ATQCUS0029,September,Health & Wellness,Debit Card,270
ATQCUS0029,September,Health & Wellness,Net Banking,158
ATQCUS0029,September,Travel,Credit Card,698
ATQCUS0029,September,Travel,UPI,1545
ATQCUS0029,September,Travel,Debit Card,711
ATQCUS0029,September,Travel,Net Banking,29
ATQCUS0029,September,Food,Credit Card,667
ATQCUS0029,September,Food,UPI,1293
ATQCUS0029,September,Food,Debit Card,208
ATQCUS0029,September,Food,Net Banking,401
ATQCUS0029,September,Entertainment,Credit Card,53
ATQCUS0029,September,Entertainment,UPI,119
ATQCUS0029,September,Entertainment,Debit Card,186
ATQCUS0029,September,Entertainment,Net Banking,153
ATQCUS0029,September,Apparel,Credit Card,258
ATQCUS0029,September,Apparel,UPI,266
ATQCUS0029,September,Apparel,Debit Card,561
ATQCUS0029,September,Apparel,Net Banking,122
ATQCUS0029,September,Others,Credit Card,460
ATQCUS0029,September,Others,UPI,591
ATQCUS0029,September,Others,Debit Card,97
ATQCUS0029,September,Others,Net Banking,72
ATQCUS0029,October,Bills,Credit Card,2056
ATQCUS0029,October,Bills,UPI,586
ATQCUS0029,October,Bills,Debit Card,2658
ATQCUS0029,October,Bills,Net Banking,377
ATQCUS0029,October,Groceries,Credit Card,2486
ATQCUS0029,October,Groceries,UPI,2063
ATQCUS0029,October,Groceries,Debit Card,1065
ATQCUS0029,October,Groceries,Net Banking,1045
ATQCUS0029,October,Electronics,Credit Card,3158
ATQCUS0029,October,Electronics,UPI,341
ATQCUS0029,October,Electronics,Debit Card,809
ATQCUS0029,October,Electronics,Net Banking,83
ATQCUS0029,October,Health & Wellness,Credit Card,794
ATQCUS0029,October,Health & Wellness,UPI,1587
ATQCUS0029,October,Health & Wellness,Debit Card,417
ATQCUS0029,October,Health & Wellness,Net Banking,995
ATQCUS0029,October,Travel,Credit Card,3576
ATQCUS0029,October,Travel,UPI,727
ATQCUS0029,October,Travel,Debit Card,522
ATQCUS0029,October,Travel,Net Banking,275
ATQCUS0029,October,Food,Credit Card,1691
ATQCUS0029,October,Food,UPI,297
ATQCUS0029,October,Food,Debit Card,442
ATQCUS0029,October,Food,Net Banking,57
ATQCUS0029,October,Entertainment,Credit Card,863
ATQCUS0029,October,Entertainment,UPI,44
ATQCUS0029,October,Entertainment,Debit Card,77
ATQCUS0029,October,Entertainment,Net Banking,230
ATQCUS0029,October,Apparel,Credit Card,1205
ATQCUS0029,October,Apparel,UPI,352
ATQCUS0029,October,Apparel,Debit Card,412
ATQCUS0029,October,Apparel,Net Banking,175
ATQCUS0029,October,Others,Credit Card,1069
ATQCUS0029,October,Others,UPI,250
ATQCUS0029,October,Others,Debit Card,401
ATQCUS0029,October,Others,Net Banking,65
ATQCUS0030,May,Bills,Credit Card,417
ATQCUS0030,May,Bills,UPI,1830
ATQCUS0030,May,Bills,Debit Card,584
ATQCUS0030,May,Bills,Net Banking,153
ATQCUS0030,May,Groceries,Credit Card,603
ATQCUS0030,May,Groceries,UPI,2088
ATQCUS0030,May,Groceries,Debit Card,335
ATQCUS0030,May,Groceries,Net Banking,247
ATQCUS0030,May,Electronics,Credit Card,799
ATQCUS0030,May,Electronics,UPI,296
ATQCUS0030,May,Electronics,Debit Card,304
ATQCUS0030,May,Electronics,Net Banking,455
ATQCUS0030,May,Health & Wellness,Credit Card,840
ATQCUS0030,May,Health & Wellness,UPI,411
ATQCUS0030,May,Health & Wellness,Debit Card,167
ATQCUS0030,May,Health & Wellness,Net Banking,74
ATQCUS0030,May,Travel,Credit Card,798
ATQCUS0030,May,Travel,UPI,469
ATQCUS0030,May,Travel,Debit Card,511
ATQCUS0030,May,Travel,Net Banking,55
ATQCUS0030,May,Food,Credit Card,141
ATQCUS0030,May,Food,UPI,240
ATQCUS0030,May,Food,Debit Card,300
ATQCUS0030,May,Food,Net Banking,163
ATQCUS0030,May,Entertainment,Credit Card,313
ATQCUS0030,May,Entertainment,UPI,132
ATQCUS0030,May,Entertainment,Debit Card,112
ATQCUS0030,May,Entertainment,Net Banking,137
ATQCUS0030,May,Apparel,Credit Card,648
ATQCUS0030,May,Apparel,UPI,83
ATQCUS0030,May,Apparel,Debit Card,145
ATQCUS0030,May,Apparel,Net Banking,83
ATQCUS0030,May,Others,Credit Card,528
ATQCUS0030,May,Others,UPI,50
ATQCUS0030,May,Others,Debit Card,285
ATQCUS0030,May,Others,Net Banking,191
ATQCUS0030,June,Bills,Credit Card,1625
ATQCUS0030,June,Bills,UPI,847
ATQCUS0030,June,Bills,Debit Card,295
ATQCUS0030,June,Bills,Net Banking,100
ATQCUS0030,June,Groceries,Credit Card,1429
ATQCUS0030,June,Groceries,UPI,517
ATQCUS0030,June,Groceries,Debit Card,124
ATQCUS0030,June,Groceries,Net Banking,282
ATQCUS0030,June,Electronics,Credit Card,614
ATQCUS0030,June,Electronics,UPI,443
ATQCUS0030,June,Electronics,Debit Card,234
ATQCUS0030,June,Electronics,Net Banking,300
ATQCUS0030,June,Health & Wellness,Credit Card,488
ATQCUS0030,June,Health & Wellness,UPI,80
ATQCUS0030,June,Health & Wellness,Debit Card,216
ATQCUS0030,June,Health & Wellness,Net Banking,47
ATQCUS0030,June,Travel,Credit Card,155
ATQCUS0030,June,Travel,UPI,282
ATQCUS0030,June,Travel,Debit Card,192
ATQCUS0030,June,Travel,Net Banking,233
ATQCUS0030,June,Food,Credit Card,339
ATQCUS0030,June,Food,UPI,264
ATQCUS0030,June,Food,Debit Card,385
ATQCUS0030,June,Food,Net Banking,235
ATQCUS0030,June,Entertainment,Credit Card,320
ATQCUS0030,June,Entertainment,UPI,573
ATQCUS0030,June,Entertainment,Debit Card,324
ATQCUS0030,June,Entertainment,Net Banking,135
ATQCUS0030,June,Apparel,Credit Card,170
ATQCUS0030,June,Apparel,UPI,169
ATQCUS0030,June,Apparel,Debit Card,70
ATQCUS0030,June,Apparel,Net Banking,127
ATQCUS0030,June,Others,Credit Card,56
ATQCUS0030,June,Others,UPI,121
ATQCUS0030,June,Others,Debit Card,164
ATQCUS0030,June,Others,Net Banking,178
ATQCUS0030,July,Bills,Credit Card,1646
ATQCUS0030,July,Bills,UPI,726
ATQCUS0030,July,Bills,Debit Card,194
ATQCUS0030,July,Bills,Net Banking,374
ATQCUS0030,July,Groceries,Credit Card,833
ATQCUS0030,July,Groceries,UPI,733
ATQCUS0030,July,Groceries,Debit Card,424
ATQCUS0030,July,Groceries,Net Banking,191
ATQCUS0030,July,Electronics,Credit Card,874
ATQCUS0030,July,Electronics,UPI,330
ATQCUS0030,July,Electronics,Debit Card,175
ATQCUS0030,July,Electronics,Net Banking,532
ATQCUS0030,July,Health & Wellness,Credit Card,213
ATQCUS0030,July,Health & Wellness,UPI,137
ATQCUS0030,July,Health & Wellness,Debit Card,225
ATQCUS0030,July,Health & Wellness,Net Banking,231
ATQCUS0030,July,Travel,Credit Card,549
ATQCUS0030,July,Travel,UPI,247
ATQCUS0030,July,Travel,Debit Card,438
ATQCUS0030,July,Travel,Net Banking,189
ATQCUS0030,July,Food,Credit Card,207
ATQCUS0030,July,Food,UPI,420
ATQCUS0030,July,Food,Debit Card,290
ATQCUS0030,July,Food,Net Banking,297
ATQCUS0030,July,Entertainment,Credit Card,278
ATQCUS0030,July,Entertainment,UPI,396
ATQCUS0030,July,Entertainment,Debit Card,163
ATQCUS0030,July,Entertainment,Net Banking,174
ATQCUS0030,July,Apparel,Credit Card,371
ATQCUS0030,July,Apparel,UPI,173
ATQCUS0030,July,Apparel,Debit Card,306
ATQCUS0030,July,Apparel,Net Banking,90
ATQCUS0030,July,Others,Credit Card,166
ATQCUS0030,July,Others,UPI,98
ATQCUS0030,July,Others,Debit Card,39
ATQCUS0030,July,Others,Net Banking,94
ATQCUS0030,August,Bills,Credit Card,729
ATQCUS0030,August,Bills,UPI,311
ATQCUS0030,August,Bills,Debit Card,560
ATQCUS0030,August,Bills,Net Banking,189
ATQCUS0030,August,Groceries,Credit Card,1644
ATQCUS0030,August,Groceries,UPI,1611
ATQCUS0030,August,Groceries,Debit Card,254
ATQCUS0030,August,Groceries,Net Banking,173
ATQCUS0030,August,Electronics,Credit Card,948
ATQCUS0030,August,Electronics,UPI,378
ATQCUS0030,August,Electronics,Debit Card,311
ATQCUS0030,August,Electronics,Net Banking,237
ATQCUS0030,August,Health & Wellness,Credit Card,247
ATQCUS0030,August,Health & Wellness,UPI,97
ATQCUS0030,August,Health & Wellness,Debit Card,392
ATQCUS0030,August,Health & Wellness,Net Banking,226
ATQCUS0030,August,Travel,Credit Card,932
ATQCUS0030,August,Travel,UPI,382
ATQCUS0030,August,Travel,Debit Card,151
ATQCUS0030,August,Travel,Net Banking,106
ATQCUS0030,August,Food,Credit Card,524
ATQCUS0030,August,Food,UPI,299
ATQCUS0030,August,Food,Debit Card,384
ATQCUS0030,August,Food,Net Banking,154
ATQCUS0030,August,Entertainment,Credit Card,1286
ATQCUS0030,August,Entertainment,UPI,271
ATQCUS0030,August,Entertainment,Debit Card,276
ATQCUS0030,August,Entertainment,Net Banking,69
ATQCUS0030,August,Apparel,Credit Card,378
ATQCUS0030,August,Apparel,UPI,478
ATQCUS0030,August,Apparel,Debit Card,107
ATQCUS0030,August,Apparel,Net Banking,104
ATQCUS0030,August,Others,Credit Card,43
ATQCUS0030,August,Others,UPI,238
ATQCUS0030,August,Others,Debit Card,280
ATQCUS0030,August,Others,Net Banking,114
ATQCUS0030,September,Bills,Credit Card,839
ATQCUS0030,September,Bills,UPI,300
ATQCUS0030,September,Bills,Debit Card,332
ATQCUS0030,September,Bills,Net Banking,302
ATQCUS0030,September,Groceries,Credit Card,675
ATQCUS0030,September,Groceries,UPI,427
ATQCUS0030,September,Groceries,Debit Card,435
ATQCUS0030,September,Groceries,Net Banking,285
ATQCUS0030,September,Electronics,Credit Card,670
ATQCUS0030,September,Electronics,UPI,1206
ATQCUS0030,September,Electronics,Debit Card,368
ATQCUS0030,September,Electronics,Net Banking,218
ATQCUS0030,September,Health & Wellness,Credit Card,1119
ATQCUS0030,September,Health & Wellness,UPI,359
ATQCUS0030,September,Health & Wellness,Debit Card,144
ATQCUS0030,September,Health & Wellness,Net Banking,298
ATQCUS0030,September,Travel,Credit Card,386
ATQCUS0030,September,Travel,UPI,574
ATQCUS0030,September,Travel,Debit Card,140
ATQCUS0030,September,Travel,Net Banking,260
ATQCUS0030,September,Food,Credit Card,231
ATQCUS0030,September,Food,UPI,1714
ATQCUS0030,September,Food,Debit Card,325
ATQCUS0030,September,Food,Net Banking,115
ATQCUS0030,September,Entertainment,Credit Card,793
ATQCUS0030,September,Entertainment,UPI,501
ATQCUS0030,September,Entertainment,Debit Card,36
ATQCUS0030,September,Entertainment,Net Banking,165
ATQCUS0030,September,Apparel,Credit Card,218
ATQCUS0030,September,Apparel,UPI,199
ATQCUS0030,September,Apparel,Debit Card,20
ATQCUS0030,September,Apparel,Net Banking,105
ATQCUS0030,September,Others,Credit Card,286
ATQCUS0030,September,Others,UPI,187
ATQCUS0030,September,Others,Debit Card,144
ATQCUS0030,September,Others,Net Banking,65
ATQCUS0030,October,Bills,Credit Card,1086
ATQCUS0030,October,Bills,UPI,530
ATQCUS0030,October,Bills,Debit Card,308
ATQCUS0030,October,Bills,Net Banking,446
ATQCUS0030,October,Groceries,Credit Card,521
ATQCUS0030,October,Groceries,UPI,191
ATQCUS0030,October,Groceries,Debit Card,309
ATQCUS0030,October,Groceries,Net Banking,230
ATQCUS0030,October,Electronics,Credit Card,266
ATQCUS0030,October,Electronics,UPI,365
ATQCUS0030,October,Electronics,Debit Card,233
ATQCUS0030,October,Electronics,Net Banking,217
ATQCUS0030,October,Health & Wellness,Credit Card,898
ATQCUS0030,October,Health & Wellness,UPI,516
ATQCUS0030,October,Health & Wellness,Debit Card,65
ATQCUS0030,October,Health & Wellness,Net Banking,214
ATQCUS0030,October,Travel,Credit Card,330
ATQCUS0030,October,Travel,UPI,609
ATQCUS0030,October,Travel,Debit Card,282
ATQCUS0030,October,Travel,Net Banking,95
ATQCUS0030,October,Food,Credit Card,289
ATQCUS0030,October,Food,UPI,319
ATQCUS0030,October,Food,Debit Card,122
ATQCUS0030,October,Food,Net Banking,156
ATQCUS0030,October,Entertainment,Credit Card,862
ATQCUS0030,October,Entertainment,UPI,544
ATQCUS0030,October,Entertainment,Debit Card,382
ATQCUS0030,October,Entertainment,Net Banking,414
ATQCUS0030,October,Apparel,Credit Card,255
ATQCUS0030,October,Apparel,UPI,267
ATQCUS0030,October,Apparel,Debit Card,110
ATQCUS0030,October,Apparel,Net Banking,60
ATQCUS0030,October,Others,Credit Card,115
ATQCUS0030,October,Others,UPI,291
ATQCUS0030,October,Others,Debit Card,125
ATQCUS0030,October,Others,Net Banking,166
ATQCUS0031,May,Bills,Credit Card,1806
ATQCUS0031,May,Bills,UPI,1481
ATQCUS0031,May,Bills,Debit Card,519
ATQCUS0031,May,Bills,Net Banking,563
ATQCUS0031,May,Groceries,Credit Card,1115
ATQCUS0031,May,Groceries,UPI,790
ATQCUS0031,May,Groceries,Debit Card,428
ATQCUS0031,May,Groceries,Net Banking,399
ATQCUS0031,May,Electronics,Credit Card,670
ATQCUS0031,May,Electronics,UPI,312
ATQCUS0031,May,Electronics,Debit Card,538
ATQCUS0031,May,Electronics,Net Banking,403
ATQCUS0031,May,Health & Wellness,Credit Card,1145
ATQCUS0031,May,Health & Wellness,UPI,1689
ATQCUS0031,May,Health & Wellness,Debit Card,656
ATQCUS0031,May,Health & Wellness,Net Banking,338
ATQCUS0031,May,Travel,Credit Card,219
ATQCUS0031,May,Travel,UPI,897
ATQCUS0031,May,Travel,Debit Card,659
ATQCUS0031,May,Travel,Net Banking,245
ATQCUS0031,May,Food,Credit Card,504
ATQCUS0031,May,Food,UPI,672
ATQCUS0031,May,Food,Debit Card,621
ATQCUS0031,May,Food,Net Banking,162
ATQCUS0031,May,Entertainment,Credit Card,309
ATQCUS0031,May,Entertainment,UPI,569
ATQCUS0031,May,Entertainment,Debit Card,68
ATQCUS0031,May,Entertainment,Net Banking,244
ATQCUS0031,May,Apparel,Credit Card,704
ATQCUS0031,May,Apparel,UPI,405
ATQCUS0031,May,Apparel,Debit Card,327
ATQCUS0031,May,Apparel,Net Banking,158
ATQCUS0031,May,Others,Credit Card,230
ATQCUS0031,May,Others,UPI,192
ATQCUS0031,May,Others,Debit Card,109
ATQCUS0031,May,Others,Net Banking,43
ATQCUS0031,June,Bills,Credit Card,851
ATQCUS0031,June,Bills,UPI,300
ATQCUS0031,June,Bills,Debit Card,878
ATQCUS0031,June,Bills,Net Banking,366
ATQCUS0031,June,Groceries,Credit Card,710
ATQCUS0031,June,Groceries,UPI,530
ATQCUS0031,June,Groceries,Debit Card,164
ATQCUS0031,June,Groceries,Net Banking,382
ATQCUS0031,June,Electronics,Credit Card,3285
ATQCUS0031,June,Electronics,UPI,1555
ATQCUS0031,June,Electronics,Debit Card,378
ATQCUS0031,June,Electronics,Net Banking,170
ATQCUS0031,June,Health & Wellness,Credit Card,832
ATQCUS0031,June,Health & Wellness,UPI,685
ATQCUS0031,June,Health & Wellness,Debit Card,169
ATQCUS0031,June,Health & Wellness,Net Banking,162
ATQCUS0031,June,Travel,Credit Card,670
ATQCUS0031,June,Travel,UPI,365
ATQCUS0031,June,Travel,Debit Card,209
ATQCUS0031,June,Travel,Net Banking,434
ATQCUS0031,June,Food,Credit Card,1262
ATQCUS0031,June,Food,UPI,689
ATQCUS0031,June,Food,Debit Card,72
ATQCUS0031,June,Food,Net Banking,66
ATQCUS0031,June,Entertainment,Credit Card,972
ATQCUS0031,June,Entertainment,UPI,186
ATQCUS0031,June,Entertainment,Debit Card,176
ATQCUS0031,June,Entertainment,Net Banking,186
ATQCUS0031,June,Apparel,Credit Card,483
ATQCUS0031,June,Apparel,UPI,925
ATQCUS0031,June,Apparel,Debit Card,240
ATQCUS0031,June,Apparel,Net Banking,242
ATQCUS0031,June,Others,Credit Card,387
ATQCUS0031,June,Others,UPI,87
ATQCUS0031,June,Others,Debit Card,212
ATQCUS0031,June,Others,Net Banking,80
ATQCUS0031,July,Bills,Credit Card,1424
ATQCUS0031,July,Bills,UPI,1398
ATQCUS0031,July,Bills,Debit Card,502
ATQCUS0031,July,Bills,Net Banking,485
ATQCUS0031,July,Groceries,Credit Card,2309
ATQCUS0031,July,Groceries,UPI,1275
ATQCUS0031,July,Groceries,Debit Card,145
ATQCUS0031,July,Groceries,Net Banking,394
ATQCUS0031,July,Electronics,Credit Card,352
ATQCUS0031,July,Electronics,UPI,324
ATQCUS0031,July,Electronics,Debit Card,321
ATQCUS0031,July,Electronics,Net Banking,837
ATQCUS0031,July,Health & Wellness,Credit Card,877
ATQCUS0031,July,Health & Wellness,UPI,352
ATQCUS0031,July,Health & Wellness,Debit Card,95
ATQCUS0031,July,Health & Wellness,Net Banking,215
ATQCUS0031,July,Travel,Credit Card,333
ATQCUS0031,July,Travel,UPI,716
ATQCUS0031,July,Travel,Debit Card,173
ATQCUS0031,July,Travel,Net Banking,433
ATQCUS0031,July,Food,Credit Card,1490
ATQCUS0031,July,Food,UPI,844
ATQCUS0031,July,Food,Debit Card,122
ATQCUS0031,July,Food,Net Banking,249
ATQCUS0031,July,Entertainment,Credit Card,455
ATQCUS0031,July,Entertainment,UPI,217
ATQCUS0031,July,Entertainment,Debit Card,644
ATQCUS0031,July,Entertainment,Net Banking,148
ATQCUS0031,July,Apparel,Credit Card,729
ATQCUS0031,July,Apparel,UPI,362
ATQCUS0031,July,Apparel,Debit Card,184
ATQCUS0031,July,Apparel,Net Banking,81
ATQCUS0031,July,Others,Credit Card,264
ATQCUS0031,July,Others,UPI,341
ATQCUS0031,July,Others,Debit Card,46
ATQCUS0031,July,Others,Net Banking,70
ATQCUS0031,August,Bills,Credit Card,3020
ATQCUS0031,August,Bills,UPI,544
ATQCUS0031,August,Bills,Debit Card,2395
ATQCUS0031,August,Bills,Net Banking,319
ATQCUS0031,August,Groceries,Credit Card,1626
ATQCUS0031,August,Groceries,UPI,2213
ATQCUS0031,August,Groceries,Debit Card,803
ATQCUS0031,August,Groceries,Net Banking,319
ATQCUS0031,August,Electronics,Credit Card,555
ATQCUS0031,August,Electronics,UPI,1237
ATQCUS0031,August,Electronics,Debit Card,852
ATQCUS0031,August,Electronics,Net Banking,115
ATQCUS0031,August,Health & Wellness,Credit Card,766
ATQCUS0031,August,Health & Wellness,UPI,313
ATQCUS0031,August,Health & Wellness,Debit Card,1035
ATQCUS0031,August,Health & Wellness,Net Banking,169
ATQCUS0031,August,Travel,Credit Card,1034
ATQCUS0031,August,Travel,UPI,623
ATQCUS0031,August,Travel,Debit Card,282
ATQCUS0031,August,Travel,Net Banking,325
ATQCUS0031,August,Food,Credit Card,255
ATQCUS0031,August,Food,UPI,674
ATQCUS0031,August,Food,Debit Card,214
ATQCUS0031,August,Food,Net Banking,66
ATQCUS0031,August,Entertainment,Credit Card,730
ATQCUS0031,August,Entertainment,UPI,1409
ATQCUS0031,August,Entertainment,Debit Card,261
ATQCUS0031,August,Entertainment,Net Banking,292
ATQCUS0031,August,Apparel,Credit Card,693
ATQCUS0031,August,Apparel,UPI,242
ATQCUS0031,August,Apparel,Debit Card,174
ATQCUS0031,August,Apparel,Net Banking,155
ATQCUS0031,August,Others,Credit Card,1054
ATQCUS0031,August,Others,UPI,268
ATQCUS0031,August,Others,Debit Card,195
ATQCUS0031,August,Others,Net Banking,127
ATQCUS0031,September,Bills,Credit Card,1165
ATQCUS0031,September,Bills,UPI,949
ATQCUS0031,September,Bills,Debit Card,110
ATQCUS0031,September,Bills,Net Banking,132
ATQCUS0031,September,Groceries,Credit Card,1679
ATQCUS0031,September,Groceries,UPI,897
ATQCUS0031,September,Groceries,Debit Card,524
ATQCUS0031,September,Groceries,Net Banking,383
ATQCUS0031,September,Electronics,Credit Card,2294
ATQCUS0031,September,Electronics,UPI,1160
ATQCUS0031,September,Electronics,Debit Card,697
ATQCUS0031,September,Electronics,Net Banking,791
ATQCUS0031,September,Health & Wellness,Credit Card,4062
ATQCUS0031,September,Health & Wellness,UPI,124
ATQCUS0031,September,Health & Wellness,Debit Card,405
ATQCUS0031,September,Health & Wellness,Net Banking,75
ATQCUS0031,September,Travel,Credit Card,973
ATQCUS0031,September,Travel,UPI,1000
ATQCUS0031,September,Travel,Debit Card,339
ATQCUS0031,September,Travel,Net Banking,341
ATQCUS0031,September,Food,Credit Card,175
ATQCUS0031,September,Food,UPI,59
ATQCUS0031,September,Food,Debit Card,177
ATQCUS0031,September,Food,Net Banking,99
ATQCUS0031,September,Entertainment,Credit Card,125
ATQCUS0031,September,Entertainment,UPI,662
ATQCUS0031,September,Entertainment,Debit Card,174
ATQCUS0031,September,Entertainment,Net Banking,195
ATQCUS0031,September,Apparel,Credit Card,86
ATQCUS0031,September,Apparel,UPI,294
ATQCUS0031,September,Apparel,Debit Card,408
ATQCUS0031,September,Apparel,Net Banking,97
ATQCUS0031,September,Others,Credit Card,217
ATQCUS0031,September,Others,UPI,392
ATQCUS0031,September,Others,Debit Card,228
ATQCUS0031,September,Others,Net Banking,47
ATQCUS0031,October,Bills,Credit Card,1688
ATQCUS0031,October,Bills,UPI,776
ATQCUS0031,October,Bills,Debit Card,812
ATQCUS0031,October,Bills,Net Banking,481
ATQCUS0031,October,Groceries,Credit Card,636
ATQCUS0031,October,Groceries,UPI,934
ATQCUS0031,October,Groceries,Debit Card,805
ATQCUS0031,October,Groceries,Net Banking,467
ATQCUS0031,October,Electronics,Credit Card,3217
ATQCUS0031,October,Electronics,UPI,1068
ATQCUS0031,October,Electronics,Debit Card,854
ATQCUS0031,October,Electronics,Net Banking,151
ATQCUS0031,October,Health & Wellness,Credit Card,2086
ATQCUS0031,October,Health & Wellness,UPI,672
ATQCUS0031,October,Health & Wellness,Debit Card,470
ATQCUS0031,October,Health & Wellness,Net Banking,89
ATQCUS0031,October,Travel,Credit Card,658
ATQCUS0031,October,Travel,UPI,652
ATQCUS0031,October,Travel,Debit Card,264
ATQCUS0031,October,Travel,Net Banking,47
ATQCUS0031,October,Food,Credit Card,217
ATQCUS0031,October,Food,UPI,1360
ATQCUS0031,October,Food,Debit Card,124
ATQCUS0031,October,Food,Net Banking,124
ATQCUS0031,October,Entertainment,Credit Card,1482
ATQCUS0031,October,Entertainment,UPI,525
ATQCUS0031,October,Entertainment,Debit Card,110
ATQCUS0031,October,Entertainment,Net Banking,144
ATQCUS0031,October,Apparel,Credit Card,606
ATQCUS0031,October,Apparel,UPI,112
ATQCUS0031,October,Apparel,Debit Card,47
ATQCUS0031,October,Apparel,Net Banking,147
ATQCUS0031,October,Others,Credit Card,146
ATQCUS0031,October,Others,UPI,140
ATQCUS0031,October,Others,Debit Card,193
ATQCUS0031,October,Others,Net Banking,249
ATQCUS0032,May,Bills,Credit Card,2001
ATQCUS0032,May,Bills,UPI,1157
ATQCUS0032,May,Bills,Debit Card,1500
ATQCUS0032,May,Bills,Net Banking,558
ATQCUS0032,May,Groceries,Credit Card,1592
ATQCUS0032,May,Groceries,UPI,108
ATQCUS0032,May,Groceries,Debit Card,137
ATQCUS0032,May,Groceries,Net Banking,125
ATQCUS0032,May,Electronics,Credit Card,1813
ATQCUS0032,May,Electronics,UPI,250
ATQCUS0032,May,Electronics,Debit Card,512
ATQCUS0032,May,Electronics,Net Banking,337
ATQCUS0032,May,Health & Wellness,Credit Card,984
ATQCUS0032,May,Health & Wellness,UPI,250
ATQCUS0032,May,Health & Wellness,Debit Card,228
ATQCUS0032,May,Health & Wellness,Net Banking,291
ATQCUS0032,May,Travel,Credit Card,1428
ATQCUS0032,May,Travel,UPI,842
ATQCUS0032,May,Travel,Debit Card,1821
ATQCUS0032,May,Travel,Net Banking,617
ATQCUS0032,May,Food,Credit Card,1740
ATQCUS0032,May,Food,UPI,772
ATQCUS0032,May,Food,Debit Card,277
ATQCUS0032,May,Food,Net Banking,201
ATQCUS0032,May,Entertainment,Credit Card,751
ATQCUS0032,May,Entertainment,UPI,279
ATQCUS0032,May,Entertainment,Debit Card,84
ATQCUS0032,May,Entertainment,Net Banking,248
ATQCUS0032,May,Apparel,Credit Card,485
ATQCUS0032,May,Apparel,UPI,221
ATQCUS0032,May,Apparel,Debit Card,545
ATQCUS0032,May,Apparel,Net Banking,372
ATQCUS0032,May,Others,Credit Card,122
ATQCUS0032,May,Others,UPI,165
ATQCUS0032,May,Others,Debit Card,326
ATQCUS0032,May,Others,Net Banking,48
ATQCUS0032,June,Bills,Credit Card,4308
ATQCUS0032,June,Bills,UPI,2015
ATQCUS0032,June,Bills,Debit Card,1244
ATQCUS0032,June,Bills,Net Banking,348
ATQCUS0032,June,Groceries,Credit Card,3487
ATQCUS0032,June,Groceries,UPI,452
ATQCUS0032,June,Groceries,Debit Card,118
ATQCUS0032,June,Groceries,Net Banking,1031
ATQCUS0032,June,Electronics,Credit Card,2334
ATQCUS0032,June,Electronics,UPI,735
ATQCUS0032,June,Electronics,Debit Card,1277
ATQCUS0032,June,Electronics,Net Banking,285
ATQCUS0032,June,Health & Wellness,Credit Card,2295
ATQCUS0032,June,Health & Wellness,UPI,720
ATQCUS0032,June,Health & Wellness,Debit Card,271
ATQCUS0032,June,Health & Wellness,Net Banking,428
ATQCUS0032,June,Travel,Credit Card,846
ATQCUS0032,June,Travel,UPI,804
ATQCUS0032,June,Travel,Debit Card,476
ATQCUS0032,June,Travel,Net Banking,325
ATQCUS0032,June,Food,Credit Card,874
ATQCUS0032,June,Food,UPI,131
ATQCUS0032,June,Food,Debit Card,153
ATQCUS0032,June,Food,Net Banking,125
ATQCUS0032,June,Entertainment,Credit Card,2082
ATQCUS0032,June,Entertainment,UPI,570
ATQCUS0032,June,Entertainment,Debit Card,908
ATQCUS0032,June,Entertainment,Net Banking,165
ATQCUS0032,June,Apparel,Credit Card,253
ATQCUS0032,June,Apparel,UPI,147
ATQCUS0032,June,Apparel,Debit Card,679
ATQCUS0032,June,Apparel,Net Banking,249
ATQCUS0032,June,Others,Credit Card,199
ATQCUS0032,June,Others,UPI,90
ATQCUS0032,June,Others,Debit Card,44
ATQCUS0032,June,Others,Net Banking,137
ATQCUS0032,July,Bills,Credit Card,4921
ATQCUS0032,July,Bills,UPI,1443
ATQCUS0032,July,Bills,Debit Card,809
ATQCUS0032,July,Bills,Net Banking,1476
ATQCUS0032,July,Groceries,Credit Card,1310
ATQCUS0032,July,Groceries,UPI,333
ATQCUS0032,July,Groceries,Debit Card,1164
ATQCUS0032,July,Groceries,Net Banking,400
ATQCUS0032,July,Electronics,Credit Card,569
ATQCUS0032,July,Electronics,UPI,995
ATQCUS0032,July,Electronics,Debit Card,718
ATQCUS0032,July,Electronics,Net Banking,210
ATQCUS0032,July,Health & Wellness,Credit Card,1156
ATQCUS0032,July,Health & Wellness,UPI,333
ATQCUS0032,July,Health & Wellness,Debit Card,1434
ATQCUS0032,July,Health & Wellness,Net Banking,209
ATQCUS0032,July,Travel,Credit Card,901
ATQCUS0032,July,Travel,UPI,570
ATQCUS0032,July,Travel,Debit Card,507
ATQCUS0032,July,Travel,Net Banking,346
ATQCUS0032,July,Food,Credit Card,899
ATQCUS0032,July,Food,UPI,706
ATQCUS0032,July,Food,Debit Card,76
ATQCUS0032,July,Food,Net Banking,438
ATQCUS0032,July,Entertainment,Credit Card,978
ATQCUS0032,July,Entertainment,UPI,779
ATQCUS0032,July,Entertainment,Debit Card,285
ATQCUS0032,July,Entertainment,Net Banking,277
ATQCUS0032,July,Apparel,Credit Card,669
ATQCUS0032,July,Apparel,UPI,630
ATQCUS0032,July,Apparel,Debit Card,268
ATQCUS0032,July,Apparel,Net Banking,114
ATQCUS0032,July,Others,Credit Card,836
ATQCUS0032,July,Others,UPI,332
ATQCUS0032,July,Others,Debit Card,47
ATQCUS0032,July,Others,Net Banking,72
ATQCUS0032,August,Bills,Credit Card,735
ATQCUS0032,August,Bills,UPI,2446
ATQCUS0032,August,Bills,Debit Card,324
ATQCUS0032,August,Bills,Net Banking,436
ATQCUS0032,August,Groceries,Credit Card,481
ATQCUS0032,August,Groceries,UPI,905
ATQCUS0032,August,Groceries,Debit Card,463
ATQCUS0032,August,Groceries,Net Banking,485
ATQCUS0032,August,Electronics,Credit Card,633
ATQCUS0032,August,Electronics,UPI,502
ATQCUS0032,August,Electronics,Debit Card,176
ATQCUS0032,August,Electronics,Net Banking,666
ATQCUS0032,August,Health & Wellness,Credit Card,1510
ATQCUS0032,August,Health & Wellness,UPI,517
ATQCUS0032,August,Health & Wellness,Debit Card,442
ATQCUS0032,August,Health & Wellness,Net Banking,466
ATQCUS0032,August,Travel,Credit Card,669
ATQCUS0032,August,Travel,UPI,1448
ATQCUS0032,August,Travel,Debit Card,304
ATQCUS0032,August,Travel,Net Banking,194
ATQCUS0032,August,Food,Credit Card,391
ATQCUS0032,August,Food,UPI,321
ATQCUS0032,August,Food,Debit Card,948
ATQCUS0032,August,Food,Net Banking,256
ATQCUS0032,August,Entertainment,Credit Card,1484
ATQCUS0032,August,Entertainment,UPI,186
ATQCUS0032,August,Entertainment,Debit Card,115
ATQCUS0032,August,Entertainment,Net Banking,34
ATQCUS0032,August,Apparel,Credit Card,965
ATQCUS0032,August,Apparel,UPI,389
ATQCUS0032,August,Apparel,Debit Card,545
ATQCUS0032,August,Apparel,Net Banking,217
ATQCUS0032,August,Others,Credit Card,947
ATQCUS0032,August,Others,UPI,94
ATQCUS0032,August,Others,Debit Card,134
ATQCUS0032,August,Others,Net Banking,164
ATQCUS0032,September,Bills,Credit Card,2526
ATQCUS0032,September,Bills,UPI,781
ATQCUS0032,September,Bills,Debit Card,188
ATQCUS0032,September,Bills,Net Banking,1075
ATQCUS0032,September,Groceries,Credit Card,658
ATQCUS0032,September,Groceries,UPI,3361
ATQCUS0032,September,Groceries,Debit Card,1824
ATQCUS0032,September,Groceries,Net Banking,502
ATQCUS0032,September,Electronics,Credit Card,3192
ATQCUS0032,September,Electronics,UPI,1564
ATQCUS0032,September,Electronics,Debit Card,1214
ATQCUS0032,September,Electronics,Net Banking,675
ATQCUS0032,September,Health & Wellness,Credit Card,1308
ATQCUS0032,September,Health & Wellness,UPI,1497
ATQCUS0032,September,Health & Wellness,Debit Card,597
ATQCUS0032,September,Health & Wellness,Net Banking,159
ATQCUS0032,September,Travel,Credit Card,416
ATQCUS0032,September,Travel,UPI,691
ATQCUS0032,September,Travel,Debit Card,290
ATQCUS0032,September,Travel,Net Banking,520
ATQCUS0032,September,Food,Credit Card,1520
ATQCUS0032,September,Food,UPI,329
ATQCUS0032,September,Food,Debit Card,358
ATQCUS0032,September,Food,Net Banking,344
ATQCUS0032,September,Entertainment,Credit Card,243
ATQCUS0032,September,Entertainment,UPI,178
ATQCUS0032,September,Entertainment,Debit Card,1152
ATQCUS0032,September,Entertainment,Net Banking,209
ATQCUS0032,September,Apparel,Credit Card,429
ATQCUS0032,September,Apparel,UPI,448
ATQCUS0032,September,Apparel,Debit Card,103
ATQCUS0032,September,Apparel,Net Banking,414
ATQCUS0032,September,Others,Credit Card,294
ATQCUS0032,September,Others,UPI,518
ATQCUS0032,September,Others,Debit Card,48
ATQCUS0032,September,Others,Net Banking,112
ATQCUS0032,October,Bills,Credit Card,3883
ATQCUS0032,October,Bills,UPI,1534
ATQCUS0032,October,Bills,Debit Card,614
ATQCUS0032,October,Bills,Net Banking,176
ATQCUS0032,October,Groceries,Credit Card,817
ATQCUS0032,October,Groceries,UPI,1699
ATQCUS0032,October,Groceries,Debit Card,730
ATQCUS0032,October,Groceries,Net Banking,383
ATQCUS0032,October,Electronics,Credit Card,1501
ATQCUS0032,October,Electronics,UPI,403
ATQCUS0032,October,Electronics,Debit Card,295
ATQCUS0032,October,Electronics,Net Banking,625
ATQCUS0032,October,Health & Wellness,Credit Card,653
ATQCUS0032,October,Health & Wellness,UPI,787
ATQCUS0032,October,Health & Wellness,Debit Card,481
ATQCUS0032,October,Health & Wellness,Net Banking,332
ATQCUS0032,October,Travel,Credit Card,634
ATQCUS0032,October,Travel,UPI,1418
ATQCUS0032,October,Travel,Debit Card,215
ATQCUS0032,October,Travel,Net Banking,161
ATQCUS0032,October,Food,Credit Card,395
ATQCUS0032,October,Food,UPI,261
ATQCUS0032,October,Food,Debit Card,500
ATQCUS0032,October,Food,Net Banking,541
ATQCUS0032,October,Entertainment,Credit Card,1104
ATQCUS0032,October,Entertainment,UPI,638
ATQCUS0032,October,Entertainment,Debit Card,515
ATQCUS0032,October,Entertainment,Net Banking,197
ATQCUS0032,October,Apparel,Credit Card,417
ATQCUS0032,October,Apparel,UPI,169
ATQCUS0032,October,Apparel,Debit Card,1385
ATQCUS0032,October,Apparel,Net Banking,339
ATQCUS0032,October,Others,Credit Card,201
ATQCUS0032,October,Others,UPI,281
ATQCUS0032,October,Others,Debit Card,480
ATQCUS0032,October,Others,Net Banking,98
ATQCUS0033,May,Bills,Credit Card,5208
ATQCUS0033,May,Bills,UPI,2247
ATQCUS0033,May,Bills,Debit Card,428
ATQCUS0033,May,Bills,Net Banking,110
ATQCUS0033,May,Groceries,Credit Card,3502
ATQCUS0033,May,Groceries,UPI,1243
ATQCUS0033,May,Groceries,Debit Card,134
ATQCUS0033,May,Groceries,Net Banking,57
ATQCUS0033,May,Electronics,Credit Card,4649
ATQCUS0033,May,Electronics,UPI,430
ATQCUS0033,May,Electronics,Debit Card,675
ATQCUS0033,May,Electronics,Net Banking,357
ATQCUS0033,May,Health & Wellness,Credit Card,4554
ATQCUS0033,May,Health & Wellness,UPI,1275
ATQCUS0033,May,Health & Wellness,Debit Card,424
ATQCUS0033,May,Health & Wellness,Net Banking,252
ATQCUS0033,May,Travel,Credit Card,1980
ATQCUS0033,May,Travel,UPI,956
ATQCUS0033,May,Travel,Debit Card,615
ATQCUS0033,May,Travel,Net Banking,509
ATQCUS0033,May,Food,Credit Card,607
ATQCUS0033,May,Food,UPI,195
ATQCUS0033,May,Food,Debit Card,362
ATQCUS0033,May,Food,Net Banking,104
ATQCUS0033,May,Entertainment,Credit Card,1865
ATQCUS0033,May,Entertainment,UPI,103
ATQCUS0033,May,Entertainment,Debit Card,391
ATQCUS0033,May,Entertainment,Net Banking,518
ATQCUS0033,May,Apparel,Credit Card,1203
ATQCUS0033,May,Apparel,UPI,1260
ATQCUS0033,May,Apparel,Debit Card,609
ATQCUS0033,May,Apparel,Net Banking,511
ATQCUS0033,May,Others,Credit Card,200
ATQCUS0033,May,Others,UPI,125
ATQCUS0033,May,Others,Debit Card,237
ATQCUS0033,May,Others,Net Banking,450
ATQCUS0033,June,Bills,Credit Card,1643
ATQCUS0033,June,Bills,UPI,3493
ATQCUS0033,June,Bills,Debit Card,521
ATQCUS0033,June,Bills,Net Banking,585
ATQCUS0033,June,Groceries,Credit Card,2263
ATQCUS0033,June,Groceries,UPI,4289
ATQCUS0033,June,Groceries,Debit Card,818
ATQCUS0033,June,Groceries,Net Banking,58
ATQCUS0033,June,Electronics,Credit Card,1526
ATQCUS0033,June,Electronics,UPI,168
ATQCUS0033,June,Electronics,Debit Card,385
ATQCUS0033,June,Electronics,Net Banking,292
ATQCUS0033,June,Health & Wellness,Credit Card,1095
ATQCUS0033,June,Health & Wellness,UPI,816
ATQCUS0033,June,Health & Wellness,Debit Card,413
ATQCUS0033,June,Health & Wellness,Net Banking,1048
ATQCUS0033,June,Travel,Credit Card,1107
ATQCUS0033,June,Travel,UPI,891
ATQCUS0033,June,Travel,Debit Card,282
ATQCUS0033,June,Travel,Net Banking,299
ATQCUS0033,June,Food,Credit Card,893
ATQCUS0033,June,Food,UPI,282
ATQCUS0033,June,Food,Debit Card,579
ATQCUS0033,June,Food,Net Banking,104
ATQCUS0033,June,Entertainment,Credit Card,612
ATQCUS0033,June,Entertainment,UPI,736
ATQCUS0033,June,Entertainment,Debit Card,127
ATQCUS0033,June,Entertainment,Net Banking,340
ATQCUS0033,June,Apparel,Credit Card,330
ATQCUS0033,June,Apparel,UPI,612
ATQCUS0033,June,Apparel,Debit Card,530
ATQCUS0033,June,Apparel,Net Banking,76
ATQCUS0033,June,Others,Credit Card,327
ATQCUS0033,June,Others,UPI,295
ATQCUS0033,June,Others,Debit Card,299
ATQCUS0033,June,Others,Net Banking,142
ATQCUS0033,July,Bills,Credit Card,4788
ATQCUS0033,July,Bills,UPI,3777
ATQCUS0033,July,Bills,Debit Card,1562
ATQCUS0033,July,Bills,Net Banking,363
ATQCUS0033,July,Groceries,Credit Card,687
ATQCUS0033,July,Groceries,UPI,4225
ATQCUS0033,July,Groceries,Debit Card,2169
ATQCUS0033,July,Groceries,Net Banking,457
ATQCUS0033,July,Electronics,Credit Card,1858
ATQCUS0033,July,Electronics,UPI,1380
ATQCUS0033,July,Electronics,Debit Card,1415
ATQCUS0033,July,Electronics,Net Banking,97
ATQCUS0033,July,Health & Wellness,Credit Card,1549
ATQCUS0033,July,Health & Wellness,UPI,2141
ATQCUS0033,July,Health & Wellness,Debit Card,976
ATQCUS0033,July,Health & Wellness,Net Banking,213
ATQCUS0033,July,Travel,Credit Card,587
ATQCUS0033,July,Travel,UPI,936
ATQCUS0033,July,Travel,Debit Card,129
ATQCUS0033,July,Travel,Net Banking,359
ATQCUS0033,July,Food,Credit Card,569
ATQCUS0033,July,Food,UPI,1306
ATQCUS0033,July,Food,Debit Card,849
ATQCUS0033,July,Food,Net Banking,513
ATQCUS0033,July,Entertainment,Credit Card,310
ATQCUS0033,July,Entertainment,UPI,1019
ATQCUS0033,July,Entertainment,Debit Card,397
ATQCUS0033,July,Entertainment,Net Banking,282
ATQCUS0033,July,Apparel,Credit Card,1166
ATQCUS0033,July,Apparel,UPI,813
ATQCUS0033,July,Apparel,Debit Card,574
ATQCUS0033,July,Apparel,Net Banking,270
ATQCUS0033,July,Others,Credit Card,511
ATQCUS0033,July,Others,UPI,178
ATQCUS0033,July,Others,Debit Card,381
ATQCUS0033,July,Others,Net Banking,194
ATQCUS0033,August,Bills,Credit Card,2373
ATQCUS0033,August,Bills,UPI,720
ATQCUS0033,August,Bills,Debit Card,2433
ATQCUS0033,August,Bills,Net Banking,393
ATQCUS0033,August,Groceries,Credit Card,3039
ATQCUS0033,August,Groceries,UPI,658
ATQCUS0033,August,Groceries,Debit Card,2338
ATQCUS0033,August,Groceries,Net Banking,606
ATQCUS0033,August,Electronics,Credit Card,3184
ATQCUS0033,August,Electronics,UPI,2830
ATQCUS0033,August,Electronics,Debit Card,662
ATQCUS0033,August,Electronics,Net Banking,209
ATQCUS0033,August,Health & Wellness,Credit Card,534
ATQCUS0033,August,Health & Wellness,UPI,1378
ATQCUS0033,August,Health & Wellness,Debit Card,900
ATQCUS0033,August,Health & Wellness,Net Banking,467
ATQCUS0033,August,Travel,Credit Card,3410
ATQCUS0033,August,Travel,UPI,1390
ATQCUS0033,August,Travel,Debit Card,935
ATQCUS0033,August,Travel,Net Banking,57
ATQCUS0033,August,Food,Credit Card,1823
ATQCUS0033,August,Food,UPI,697
ATQCUS0033,August,Food,Debit Card,184
ATQCUS0033,August,Food,Net Banking,630
ATQCUS0033,August,Entertainment,Credit Card,802
ATQCUS0033,August,Entertainment,UPI,157
ATQCUS0033,August,Entertainment,Debit Card,1391
ATQCUS0033,August,Entertainment,Net Banking,296
ATQCUS0033,August,Apparel,Credit Card,707
ATQCUS0033,August,Apparel,UPI,708
ATQCUS0033,August,Apparel,Debit Card,657
ATQCUS0033,August,Apparel,Net Banking,324
ATQCUS0033,August,Others,Credit Card,520
ATQCUS0033,August,Others,UPI,159
ATQCUS0033,August,Others,Debit Card,184
ATQCUS0033,August,Others,Net Banking,64
ATQCUS0033,September,Bills,Credit Card,5484
ATQCUS0033,September,Bills,UPI,547
ATQCUS0033,September,Bills,Debit Card,1701
ATQCUS0033,September,Bills,Net Banking,184
ATQCUS0033,September,Groceries,Credit Card,1201
ATQCUS0033,September,Groceries,UPI,367
ATQCUS0033,September,Groceries,Debit Card,711
ATQCUS0033,September,Groceries,Net Banking,1650
ATQCUS0033,September,Electronics,Credit Card,1349
ATQCUS0033,September,Electronics,UPI,1964
ATQCUS0033,September,Electronics,Debit Card,3763
ATQCUS0033,September,Electronics,Net Banking,575
ATQCUS0033,September,Health & Wellness,Credit Card,233
ATQCUS0033,September,Health & Wellness,UPI,1203
ATQCUS0033,September,Health & Wellness,Debit Card,734
ATQCUS0033,September,Health & Wellness,Net Banking,581
ATQCUS0033,September,Travel,Credit Card,602
ATQCUS0033,September,Travel,UPI,1025
ATQCUS0033,September,Travel,Debit Card,1462
ATQCUS0033,September,Travel,Net Banking,311
ATQCUS0033,September,Food,Credit Card,2545
ATQCUS0033,September,Food,UPI,292
ATQCUS0033,September,Food,Debit Card,202
ATQCUS0033,September,Food,Net Banking,362
ATQCUS0033,September,Entertainment,Credit Card,936
ATQCUS0033,September,Entertainment,UPI,859
ATQCUS0033,September,Entertainment,Debit Card,469
ATQCUS0033,September,Entertainment,Net Banking,206
ATQCUS0033,September,Apparel,Credit Card,127
ATQCUS0033,September,Apparel,UPI,480
ATQCUS0033,September,Apparel,Debit Card,932
ATQCUS0033,September,Apparel,Net Banking,269
ATQCUS0033,September,Others,Credit Card,422
ATQCUS0033,September,Others,UPI,381
ATQCUS0033,September,Others,Debit Card,88
ATQCUS0033,September,Others,Net Banking,206
ATQCUS0033,October,Bills,Credit Card,2264
ATQCUS0033,October,Bills,UPI,2017
ATQCUS0033,October,Bills,Debit Card,406
ATQCUS0033,October,Bills,Net Banking,381
ATQCUS0033,October,Groceries,Credit Card,929
ATQCUS0033,October,Groceries,UPI,3370
ATQCUS0033,October,Groceries,Debit Card,2582
ATQCUS0033,October,Groceries,Net Banking,582
ATQCUS0033,October,Electronics,Credit Card,2111
ATQCUS0033,October,Electronics,UPI,1016
ATQCUS0033,October,Electronics,Debit Card,666
ATQCUS0033,October,Electronics,Net Banking,153
ATQCUS0033,October,Health & Wellness,Credit Card,701
ATQCUS0033,October,Health & Wellness,UPI,366
ATQCUS0033,October,Health & Wellness,Debit Card,498
ATQCUS0033,October,Health & Wellness,Net Banking,649
ATQCUS0033,October,Travel,Credit Card,2098
ATQCUS0033,October,Travel,UPI,703
ATQCUS0033,October,Travel,Debit Card,426
ATQCUS0033,October,Travel,Net Banking,827
ATQCUS0033,October,Food,Credit Card,656
ATQCUS0033,October,Food,UPI,548
ATQCUS0033,October,Food,Debit Card,1130
ATQCUS0033,October,Food,Net Banking,379
ATQCUS0033,October,Entertainment,Credit Card,630
ATQCUS0033,October,Entertainment,UPI,318
ATQCUS0033,October,Entertainment,Debit Card,268
ATQCUS0033,October,Entertainment,Net Banking,177
ATQCUS0033,October,Apparel,Credit Card,309
ATQCUS0033,October,Apparel,UPI,357
ATQCUS0033,October,Apparel,Debit Card,671
ATQCUS0033,October,Apparel,Net Banking,125
ATQCUS0033,October,Others,Credit Card,798
ATQCUS0033,October,Others,UPI,266
ATQCUS0033,October,Others,Debit Card,93
ATQCUS0033,October,Others,Net Banking,153
ATQCUS0034,May,Bills,Credit Card,907
ATQCUS0034,May,Bills,UPI,1882
ATQCUS0034,May,Bills,Debit Card,167
ATQCUS0034,May,Bills,Net Banking,213
ATQCUS0034,May,Groceries,Credit Card,805
ATQCUS0034,May,Groceries,UPI,412
ATQCUS0034,May,Groceries,Debit Card,322
ATQCUS0034,May,Groceries,Net Banking,553
ATQCUS0034,May,Electronics,Credit Card,701
ATQCUS0034,May,Electronics,UPI,1543
ATQCUS0034,May,Electronics,Debit Card,745
ATQCUS0034,May,Electronics,Net Banking,477
ATQCUS0034,May,Health & Wellness,Credit Card,729
ATQCUS0034,May,Health & Wellness,UPI,295
ATQCUS0034,May,Health & Wellness,Debit Card,767
ATQCUS0034,May,Health & Wellness,Net Banking,376
ATQCUS0034,May,Travel,Credit Card,459
ATQCUS0034,May,Travel,UPI,954
ATQCUS0034,May,Travel,Debit Card,669
ATQCUS0034,May,Travel,Net Banking,169
ATQCUS0034,May,Food,Credit Card,381
ATQCUS0034,May,Food,UPI,262
ATQCUS0034,May,Food,Debit Card,603
ATQCUS0034,May,Food,Net Banking,385
ATQCUS0034,May,Entertainment,Credit Card,419
ATQCUS0034,May,Entertainment,UPI,888
ATQCUS0034,May,Entertainment,Debit Card,156
ATQCUS0034,May,Entertainment,Net Banking,352
ATQCUS0034,May,Apparel,Credit Card,363
ATQCUS0034,May,Apparel,UPI,82
ATQCUS0034,May,Apparel,Debit Card,568
ATQCUS0034,May,Apparel,Net Banking,124
ATQCUS0034,May,Others,Credit Card,139
ATQCUS0034,May,Others,UPI,297
ATQCUS0034,May,Others,Debit Card,184
ATQCUS0034,May,Others,Net Banking,346
ATQCUS0034,June,Bills,Credit Card,1174
ATQCUS0034,June,Bills,UPI,564
ATQCUS0034,June,Bills,Debit Card,1301
ATQCUS0034,June,Bills,Net Banking,239
ATQCUS0034,June,Groceries,Credit Card,127
ATQCUS0034,June,Groceries,UPI,1145
ATQCUS0034,June,Groceries,Debit Card,560
ATQCUS0034,June,Groceries,Net Banking,271
ATQCUS0034,June,Electronics,Credit Card,168
ATQCUS0034,June,Electronics,UPI,2133
ATQCUS0034,June,Electronics,Debit Card,461
ATQCUS0034,June,Electronics,Net Banking,344
ATQCUS0034,June,Health & Wellness,Credit Card,1318
ATQCUS0034,June,Health & Wellness,UPI,748
ATQCUS0034,June,Health & Wellness,Debit Card,945
ATQCUS0034,June,Health & Wellness,Net Banking,1004
ATQCUS0034,June,Travel,Credit Card,428
ATQCUS0034,June,Travel,UPI,151
ATQCUS0034,June,Travel,Debit Card,411
ATQCUS0034,June,Travel,Net Banking,51
ATQCUS0034,June,Food,Credit Card,862
ATQCUS0034,June,Food,UPI,488
ATQCUS0034,June,Food,Debit Card,395
ATQCUS0034,June,Food,Net Banking,91
ATQCUS0034,June,Entertainment,Credit Card,908
ATQCUS0034,June,Entertainment,UPI,183
ATQCUS0034,June,Entertainment,Debit Card,182
ATQCUS0034,June,Entertainment,Net Banking,174
ATQCUS0034,June,Apparel,Credit Card,945
ATQCUS0034,June,Apparel,UPI,249
ATQCUS0034,June,Apparel,Debit Card,277
ATQCUS0034,June,Apparel,Net Banking,45
ATQCUS0034,June,Others,Credit Card,222
ATQCUS0034,June,Others,UPI,479
ATQCUS0034,June,Others,Debit Card,215
ATQCUS0034,June,Others,Net Banking,113
ATQCUS0034,July,Bills,Credit Card,508
ATQCUS0034,July,Bills,UPI,867
ATQCUS0034,July,Bills,Debit Card,272
ATQCUS0034,July,Bills,Net Banking,686
ATQCUS0034,July,Groceries,Credit Card,1217
ATQCUS0034,July,Groceries,UPI,246
ATQCUS0034,July,Groceries,Debit Card,149
ATQCUS0034,July,Groceries,Net Banking,249
ATQCUS0034,July,Electronics,Credit Card,530
ATQCUS0034,July,Electronics,UPI,402
ATQCUS0034,July,Electronics,Debit Card,590
ATQCUS0034,July,Electronics,Net Banking,779
ATQCUS0034,July,Health & Wellness,Credit Card,1467
ATQCUS0034,July,Health & Wellness,UPI,573
ATQCUS0034,July,Health & Wellness,Debit Card,668
ATQCUS0034,July,Health & Wellness,Net Banking,152
ATQCUS0034,July,Travel,Credit Card,859
ATQCUS0034,July,Travel,UPI,479
ATQCUS0034,July,Travel,Debit Card,293
ATQCUS0034,July,Travel,Net Banking,492
ATQCUS0034,July,Food,Credit Card,295
ATQCUS0034,July,Food,UPI,810
ATQCUS0034,July,Food,Debit Card,568
ATQCUS0034,July,Food,Net Banking,556
ATQCUS0034,July,Entertainment,Credit Card,1487
ATQCUS0034,July,Entertainment,UPI,501
ATQCUS0034,July,Entertainment,Debit Card,707
ATQCUS0034,July,Entertainment,Net Banking,261
ATQCUS0034,July,Apparel,Credit Card,497
ATQCUS0034,July,Apparel,UPI,406
ATQCUS0034,July,Apparel,Debit Card,388
ATQCUS0034,July,Apparel,Net Banking,201
ATQCUS0034,July,Others,Credit Card,175
ATQCUS0034,July,Others,UPI,315
ATQCUS0034,July,Others,Debit Card,167
ATQCUS0034,July,Others,Net Banking,355
ATQCUS0034,August,Bills,Credit Card,3797
ATQCUS0034,August,Bills,UPI,659
ATQCUS0034,August,Bills,Debit Card,500
ATQCUS0034,August,Bills,Net Banking,514
ATQCUS0034,August,Groceries,Credit Card,578
ATQCUS0034,August,Groceries,UPI,1564
ATQCUS0034,August,Groceries,Debit Card,141
ATQCUS0034,August,Groceries,Net Banking,415
ATQCUS0034,August,Electronics,Credit Card,810
ATQCUS0034,August,Electronics,UPI,1065
ATQCUS0034,August,Electronics,Debit Card,2252
ATQCUS0034,August,Electronics,Net Banking,393
ATQCUS0034,August,Health & Wellness,Credit Card,1318
ATQCUS0034,August,Health & Wellness,UPI,303
ATQCUS0034,August,Health & Wellness,Debit Card,465
ATQCUS0034,August,Health & Wellness,Net Banking,237
ATQCUS0034,August,Travel,Credit Card,366
ATQCUS0034,August,Travel,UPI,478
ATQCUS0034,August,Travel,Debit Card,284
ATQCUS0034,August,Travel,Net Banking,319
ATQCUS0034,August,Food,Credit Card,744
ATQCUS0034,August,Food,UPI,238
ATQCUS0034,August,Food,Debit Card,170
ATQCUS0034,August,Food,Net Banking,359
ATQCUS0034,August,Entertainment,Credit Card,980
ATQCUS0034,August,Entertainment,UPI,313
ATQCUS0034,August,Entertainment,Debit Card,210
ATQCUS0034,August,Entertainment,Net Banking,98
ATQCUS0034,August,Apparel,Credit Card,285
ATQCUS0034,August,Apparel,UPI,739
ATQCUS0034,August,Apparel,Debit Card,88
ATQCUS0034,August,Apparel,Net Banking,136
ATQCUS0034,August,Others,Credit Card,838
ATQCUS0034,August,Others,UPI,148
ATQCUS0034,August,Others,Debit Card,235
ATQCUS0034,August,Others,Net Banking,213
ATQCUS0034,September,Bills,Credit Card,788
ATQCUS0034,September,Bills,UPI,192
ATQCUS0034,September,Bills,Debit Card,288
ATQCUS0034,September,Bills,Net Banking,569
ATQCUS0034,September,Groceries,Credit Card,1032
ATQCUS0034,September,Groceries,UPI,311
ATQCUS0034,September,Groceries,Debit Card,387
ATQCUS0034,September,Groceries,Net Banking,331
ATQCUS0034,September,Electronics,Credit Card,188
ATQCUS0034,September,Electronics,UPI,365
ATQCUS0034,September,Electronics,Debit Card,706
ATQCUS0034,September,Electronics,Net Banking,145
ATQCUS0034,September,Health & Wellness,Credit Card,2918
ATQCUS0034,September,Health & Wellness,UPI,490
ATQCUS0034,September,Health & Wellness,Debit Card,408
ATQCUS0034,September,Health & Wellness,Net Banking,270
ATQCUS0034,September,Travel,Credit Card,2210
ATQCUS0034,September,Travel,UPI,249
ATQCUS0034,September,Travel,Debit Card,864
ATQCUS0034,September,Travel,Net Banking,90
ATQCUS0034,September,Food,Credit Card,262
ATQCUS0034,September,Food,UPI,407
ATQCUS0034,September,Food,Debit Card,382
ATQCUS0034,September,Food,Net Banking,172
ATQCUS0034,September,Entertainment,Credit Card,1266
ATQCUS0034,September,Entertainment,UPI,1129
ATQCUS0034,September,Entertainment,Debit Card,666
ATQCUS0034,September,Entertainment,Net Banking,286
ATQCUS0034,September,Apparel,Credit Card,792
ATQCUS0034,September,Apparel,UPI,331
ATQCUS0034,September,Apparel,Debit Card,214
ATQCUS0034,September,Apparel,Net Banking,134
ATQCUS0034,September,Others,Credit Card,761
ATQCUS0034,September,Others,UPI,278
ATQCUS0034,September,Others,Debit Card,357
ATQCUS0034,September,Others,Net Banking,164
ATQCUS0034,October,Bills,Credit Card,392
ATQCUS0034,October,Bills,UPI,1448
ATQCUS0034,October,Bills,Debit Card,2715
ATQCUS0034,October,Bills,Net Banking,77
ATQCUS0034,October,Groceries,Credit Card,1834
ATQCUS0034,October,Groceries,UPI,1577
ATQCUS0034,October,Groceries,Debit Card,575
ATQCUS0034,October,Groceries,Net Banking,143
ATQCUS0034,October,Electronics,Credit Card,1814
ATQCUS0034,October,Electronics,UPI,512
ATQCUS0034,October,Electronics,Debit Card,140
ATQCUS0034,October,Electronics,Net Banking,232
ATQCUS0034,October,Health & Wellness,Credit Card,493
ATQCUS0034,October,Health & Wellness,UPI,1069
ATQCUS0034,October,Health & Wellness,Debit Card,761
ATQCUS0034,October,Health & Wellness,Net Banking,445
ATQCUS0034,October,Travel,Credit Card,362
ATQCUS0034,October,Travel,UPI,872
ATQCUS0034,October,Travel,Debit Card,271
ATQCUS0034,October,Travel,Net Banking,199
ATQCUS0034,October,Food,Credit Card,951
ATQCUS0034,October,Food,UPI,314
ATQCUS0034,October,Food,Debit Card,231
ATQCUS0034,October,Food,Net Banking,442
ATQCUS0034,October,Entertainment,Credit Card,195
ATQCUS0034,October,Entertainment,UPI,1178
ATQCUS0034,October,Entertainment,Debit Card,418
ATQCUS0034,October,Entertainment,Net Banking,25
ATQCUS0034,October,Apparel,Credit Card,1265
ATQCUS0034,October,Apparel,UPI,718
ATQCUS0034,October,Apparel,Debit Card,262
ATQCUS0034,October,Apparel,Net Banking,296
ATQCUS0034,October,Others,Credit Card,321
ATQCUS0034,October,Others,UPI,306
ATQCUS0034,October,Others,Debit Card,277
ATQCUS0034,October,Others,Net Banking,78
ATQCUS0035,May,Bills,Credit Card,2253
ATQCUS0035,May,Bills,UPI,612
ATQCUS0035,May,Bills,Debit Card,952
ATQCUS0035,May,Bills,Net Banking,379
ATQCUS0035,May,Groceries,Credit Card,1485
ATQCUS0035,May,Groceries,UPI,1752
ATQCUS0035,May,Groceries,Debit Card,187
ATQCUS0035,May,Groceries,Net Banking,393
ATQCUS0035,May,Electronics,Credit Card,720
ATQCUS0035,May,Electronics,UPI,1618
ATQCUS0035,May,Electronics,Debit Card,1184
ATQCUS0035,May,Electronics,Net Banking,302
ATQCUS0035,May,Health & Wellness,Credit Card,2856
ATQCUS0035,May,Health & Wellness,UPI,279
ATQCUS0035,May,Health & Wellness,Debit Card,543
ATQCUS0035,May,Health & Wellness,Net Banking,174
ATQCUS0035,May,Travel,Credit Card,209
ATQCUS0035,May,Travel,UPI,1008
ATQCUS0035,May,Travel,Debit Card,386
ATQCUS0035,May,Travel,Net Banking,546
ATQCUS0035,May,Food,Credit Card,546
ATQCUS0035,May,Food,UPI,621
ATQCUS0035,May,Food,Debit Card,316
ATQCUS0035,May,Food,Net Banking,204
ATQCUS0035,May,Entertainment,Credit Card,1067
ATQCUS0035,May,Entertainment,UPI,284
ATQCUS0035,May,Entertainment,Debit Card,551
ATQCUS0035,May,Entertainment,Net Banking,148
ATQCUS0035,May,Apparel,Credit Card,1140
ATQCUS0035,May,Apparel,UPI,437
ATQCUS0035,May,Apparel,Debit Card,417
ATQCUS0035,May,Apparel,Net Banking,82
ATQCUS0035,May,Others,Credit Card,295
ATQCUS0035,May,Others,UPI,54
ATQCUS0035,May,Others,Debit Card,80
ATQCUS0035,May,Others,Net Banking,210
ATQCUS0035,June,Bills,Credit Card,1389
ATQCUS0035,June,Bills,UPI,886
ATQCUS0035,June,Bills,Debit Card,763
ATQCUS0035,June,Bills,Net Banking,266
ATQCUS0035,June,Groceries,Credit Card,1072
ATQCUS0035,June,Groceries,UPI,1397
ATQCUS0035,June,Groceries,Debit Card,1414
ATQCUS0035,June,Groceries,Net Banking,349
ATQCUS0035,June,Electronics,Credit Card,217
ATQCUS0035,June,Electronics,UPI,1672
ATQCUS0035,June,Electronics,Debit Card,421
ATQCUS0035,June,Electronics,Net Banking,239
ATQCUS0035,June,Health & Wellness,Credit Card,409
ATQCUS0035,June,Health & Wellness,UPI,528
ATQCUS0035,June,Health & Wellness,Debit Card,409
ATQCUS0035,June,Health & Wellness,Net Banking,404
ATQCUS0035,June,Travel,Credit Card,1085
ATQCUS0035,June,Travel,UPI,1800
ATQCUS0035,June,Travel,Debit Card,371
ATQCUS0035,June,Travel,Net Banking,168
ATQCUS0035,June,Food,Credit Card,1094
ATQCUS0035,June,Food,UPI,695
ATQCUS0035,June,Food,Debit Card,449
ATQCUS0035,June,Food,Net Banking,128
ATQCUS0035,June,Entertainment,Credit Card,791
ATQCUS0035,June,Entertainment,UPI,576
ATQCUS0035,June,Entertainment,Debit Card,482
ATQCUS0035,June,Entertainment,Net Banking,394
ATQCUS0035,June,Apparel,Credit Card,735
ATQCUS0035,June,Apparel,UPI,339
ATQCUS0035,June,Apparel,Debit Card,241
ATQCUS0035,June,Apparel,Net Banking,44
ATQCUS0035,June,Others,Credit Card,269
ATQCUS0035,June,Others,UPI,427
ATQCUS0035,June,Others,Debit Card,232
ATQCUS0035,June,Others,Net Banking,46
ATQCUS0035,July,Bills,Credit Card,1591
ATQCUS0035,July,Bills,UPI,329
ATQCUS0035,July,Bills,Debit Card,1525
ATQCUS0035,July,Bills,Net Banking,349
ATQCUS0035,July,Groceries,Credit Card,1434
ATQCUS0035,July,Groceries,UPI,439
ATQCUS0035,July,Groceries,Debit Card,159
ATQCUS0035,July,Groceries,Net Banking,361
ATQCUS0035,July,Electronics,Credit Card,1362
ATQCUS0035,July,Electronics,UPI,685
ATQCUS0035,July,Electronics,Debit Card,685
ATQCUS0035,July,Electronics,Net Banking,343
ATQCUS0035,July,Health & Wellness,Credit Card,748
ATQCUS0035,July,Health & Wellness,UPI,2094
ATQCUS0035,July,Health & Wellness,Debit Card,334
ATQCUS0035,July,Health & Wellness,Net Banking,174
ATQCUS0035,July,Travel,Credit Card,395
ATQCUS0035,July,Travel,UPI,395
ATQCUS0035,July,Travel,Debit Card,254
ATQCUS0035,July,Travel,Net Banking,477
ATQCUS0035,July,Food,Credit Card,613
ATQCUS0035,July,Food,UPI,592
ATQCUS0035,July,Food,Debit Card,921
ATQCUS0035,July,Food,Net Banking,78
ATQCUS0035,July,Entertainment,Credit Card,1427
ATQCUS0035,July,Entertainment,UPI,382
ATQCUS0035,July,Entertainment,Debit Card,78
ATQCUS0035,July,Entertainment,Net Banking,391
ATQCUS0035,July,Apparel,Credit Card,205
ATQCUS0035,July,Apparel,UPI,294
ATQCUS0035,July,Apparel,Debit Card,295
ATQCUS0035,July,Apparel,Net Banking,237
ATQCUS0035,July,Others,Credit Card,173
ATQCUS0035,July,Others,UPI,358
ATQCUS0035,July,Others,Debit Card,170
ATQCUS0035,July,Others,Net Banking,171
ATQCUS0035,August,Bills,Credit Card,1300
ATQCUS0035,August,Bills,UPI,4392
ATQCUS0035,August,Bills,Debit Card,694
ATQCUS0035,August,Bills,Net Banking,288
ATQCUS0035,August,Groceries,Credit Card,582
ATQCUS0035,August,Groceries,UPI,1645
ATQCUS0035,August,Groceries,Debit Card,985
ATQCUS0035,August,Groceries,Net Banking,364
ATQCUS0035,August,Electronics,Credit Card,1158
ATQCUS0035,August,Electronics,UPI,596
ATQCUS0035,August,Electronics,Debit Card,705
ATQCUS0035,August,Electronics,Net Banking,662
ATQCUS0035,August,Health & Wellness,Credit Card,2088
ATQCUS0035,August,Health & Wellness,UPI,1806
ATQCUS0035,August,Health & Wellness,Debit Card,1534
ATQCUS0035,August,Health & Wellness,Net Banking,329
ATQCUS0035,August,Travel,Credit Card,1035
ATQCUS0035,August,Travel,UPI,259
ATQCUS0035,August,Travel,Debit Card,507
ATQCUS0035,August,Travel,Net Banking,467
ATQCUS0035,August,Food,Credit Card,880
ATQCUS0035,August,Food,UPI,527
ATQCUS0035,August,Food,Debit Card,264
ATQCUS0035,August,Food,Net Banking,597
ATQCUS0035,August,Entertainment,Credit Card,825
ATQCUS0035,August,Entertainment,UPI,679
ATQCUS0035,August,Entertainment,Debit Card,415
ATQCUS0035,August,Entertainment,Net Banking,305
ATQCUS0035,August,Apparel,Credit Card,578
ATQCUS0035,August,Apparel,UPI,234
ATQCUS0035,August,Apparel,Debit Card,158
ATQCUS0035,August,Apparel,Net Banking,453
ATQCUS0035,August,Others,Credit Card,625
ATQCUS0035,August,Others,UPI,690
ATQCUS0035,August,Others,Debit Card,90
ATQCUS0035,August,Others,Net Banking,139
ATQCUS0035,September,Bills,Credit Card,883
ATQCUS0035,September,Bills,UPI,1141
ATQCUS0035,September,Bills,Debit Card,198
ATQCUS0035,September,Bills,Net Banking,560
ATQCUS0035,September,Groceries,Credit Card,1738
ATQCUS0035,September,Groceries,UPI,1058
ATQCUS0035,September,Groceries,Debit Card,891
ATQCUS0035,September,Groceries,Net Banking,435
ATQCUS0035,September,Electronics,Credit Card,886
ATQCUS0035,September,Electronics,UPI,726
ATQCUS0035,September,Electronics,Debit Card,645
ATQCUS0035,September,Electronics,Net Banking,244
ATQCUS0035,September,Health & Wellness,Credit Card,498
ATQCUS0035,September,Health & Wellness,UPI,2129
ATQCUS0035,September,Health & Wellness,Debit Card,376
ATQCUS0035,September,Health & Wellness,Net Banking,212
ATQCUS0035,September,Travel,Credit Card,980
ATQCUS0035,September,Travel,UPI,1420
ATQCUS0035,September,Travel,Debit Card,429
ATQCUS0035,September,Travel,Net Banking,342
ATQCUS0035,September,Food,Credit Card,659
ATQCUS0035,September,Food,UPI,327
ATQCUS0035,September,Food,Debit Card,337
ATQCUS0035,September,Food,Net Banking,238
ATQCUS0035,September,Entertainment,Credit Card,110
ATQCUS0035,September,Entertainment,UPI,612
ATQCUS0035,September,Entertainment,Debit Card,100
ATQCUS0035,September,Entertainment,Net Banking,84
ATQCUS0035,September,Apparel,Credit Card,602
ATQCUS0035,September,Apparel,UPI,138
ATQCUS0035,September,Apparel,Debit Card,115
ATQCUS0035,September,Apparel,Net Banking,251
ATQCUS0035,September,Others,Credit Card,989
ATQCUS0035,September,Others,UPI,635
ATQCUS0035,September,Others,Debit Card,88
ATQCUS0035,September,Others,Net Banking,131
ATQCUS0035,October,Bills,Credit Card,1750
ATQCUS0035,October,Bills,UPI,1855
ATQCUS0035,October,Bills,Debit Card,1315
ATQCUS0035,October,Bills,Net Banking,514
ATQCUS0035,October,Groceries,Credit Card,796
ATQCUS0035,October,Groceries,UPI,980
ATQCUS0035,October,Groceries,Debit Card,188
ATQCUS0035,October,Groceries,Net Banking,184
ATQCUS0035,October,Electronics,Credit Card,238
ATQCUS0035,October,Electronics,UPI,447
ATQCUS0035,October,Electronics,Debit Card,300
ATQCUS0035,October,Electronics,Net Banking,424
ATQCUS0035,October,Health & Wellness,Credit Card,2068
ATQCUS0035,October,Health & Wellness,UPI,1656
ATQCUS0035,October,Health & Wellness,Debit Card,461
ATQCUS0035,October,Health & Wellness,Net Banking,183
ATQCUS0035,October,Travel,Credit Card,871
ATQCUS0035,October,Travel,UPI,665
ATQCUS0035,October,Travel,Debit Card,201
ATQCUS0035,October,Travel,Net Banking,674
ATQCUS0035,October,Food,Credit Card,2002
ATQCUS0035,October,Food,UPI,156
ATQCUS0035,October,Food,Debit Card,591
ATQCUS0035,October,Food,Net Banking,299
ATQCUS0035,October,Entertainment,Credit Card,2013
ATQCUS0035,October,Entertainment,UPI,542
ATQCUS0035,October,Entertainment,Debit Card,439
ATQCUS0035,October,Entertainment,Net Banking,109
ATQCUS0035,October,Apparel,Credit Card,508
ATQCUS0035,October,Apparel,UPI,908
ATQCUS0035,October,Apparel,Debit Card,276
ATQCUS0035,October,Apparel,Net Banking,137
ATQCUS0035,October,Others,Credit Card,224
ATQCUS0035,October,Others,UPI,283
ATQCUS0035,October,Others,Debit Card,281
ATQCUS0035,October,Others,Net Banking,127
ATQCUS0036,May,Bills,Credit Card,2709
ATQCUS0036,May,Bills,UPI,1899
ATQCUS0036,May,Bills,Debit Card,1301
ATQCUS0036,May,Bills,Net Banking,452
ATQCUS0036,May,Groceries,Credit Card,3654
ATQCUS0036,May,Groceries,UPI,468
ATQCUS0036,May,Groceries,Debit Card,401
ATQCUS0036,May,Groceries,Net Banking,150
ATQCUS0036,May,Electronics,Credit Card,1111
ATQCUS0036,May,Electronics,UPI,966
ATQCUS0036,May,Electronics,Debit Card,956
ATQCUS0036,May,Electronics,Net Banking,1529
ATQCUS0036,May,Health & Wellness,Credit Card,949
ATQCUS0036,May,Health & Wellness,UPI,438
ATQCUS0036,May,Health & Wellness,Debit Card,75
ATQCUS0036,May,Health & Wellness,Net Banking,147
ATQCUS0036,May,Travel,Credit Card,400
ATQCUS0036,May,Travel,UPI,1055
ATQCUS0036,May,Travel,Debit Card,674
ATQCUS0036,May,Travel,Net Banking,106
ATQCUS0036,May,Food,Credit Card,1224
ATQCUS0036,May,Food,UPI,314
ATQCUS0036,May,Food,Debit Card,239
ATQCUS0036,May,Food,Net Banking,123
ATQCUS0036,May,Entertainment,Credit Card,1069
ATQCUS0036,May,Entertainment,UPI,236
ATQCUS0036,May,Entertainment,Debit Card,588
ATQCUS0036,May,Entertainment,Net Banking,312
ATQCUS0036,May,Apparel,Credit Card,449
ATQCUS0036,May,Apparel,UPI,325
ATQCUS0036,May,Apparel,Debit Card,236
ATQCUS0036,May,Apparel,Net Banking,45
ATQCUS0036,May,Others,Credit Card,242
ATQCUS0036,May,Others,UPI,259
ATQCUS0036,May,Others,Debit Card,499
ATQCUS0036,May,Others,Net Banking,109
ATQCUS0036,June,Bills,Credit Card,3557
ATQCUS0036,June,Bills,UPI,877
ATQCUS0036,June,Bills,Debit Card,490
ATQCUS0036,June,Bills,Net Banking,241
ATQCUS0036,June,Groceries,Credit Card,764
ATQCUS0036,June,Groceries,UPI,1058
ATQCUS0036,June,Groceries,Debit Card,2538
ATQCUS0036,June,Groceries,Net Banking,338
ATQCUS0036,June,Electronics,Credit Card,2397
ATQCUS0036,June,Electronics,UPI,1167
ATQCUS0036,June,Electronics,Debit Card,802
ATQCUS0036,June,Electronics,Net Banking,495
ATQCUS0036,June,Health & Wellness,Credit Card,242
ATQCUS0036,June,Health & Wellness,UPI,403
ATQCUS0036,June,Health & Wellness,Debit Card,844
ATQCUS0036,June,Health & Wellness,Net Banking,438
ATQCUS0036,June,Travel,Credit Card,260
ATQCUS0036,June,Travel,UPI,178
ATQCUS0036,June,Travel,Debit Card,1672
ATQCUS0036,June,Travel,Net Banking,316
ATQCUS0036,June,Food,Credit Card,2472
ATQCUS0036,June,Food,UPI,261
ATQCUS0036,June,Food,Debit Card,155
ATQCUS0036,June,Food,Net Banking,361
ATQCUS0036,June,Entertainment,Credit Card,1495
ATQCUS0036,June,Entertainment,UPI,127
ATQCUS0036,June,Entertainment,Debit Card,178
ATQCUS0036,June,Entertainment,Net Banking,411
ATQCUS0036,June,Apparel,Credit Card,78
ATQCUS0036,June,Apparel,UPI,308
ATQCUS0036,June,Apparel,Debit Card,475
ATQCUS0036,June,Apparel,Net Banking,346
ATQCUS0036,June,Others,Credit Card,869
ATQCUS0036,June,Others,UPI,453
ATQCUS0036,June,Others,Debit Card,373
ATQCUS0036,June,Others,Net Banking,316
ATQCUS0036,July,Bills,Credit Card,2138
ATQCUS0036,July,Bills,UPI,2778
ATQCUS0036,July,Bills,Debit Card,624
ATQCUS0036,July,Bills,Net Banking,432
ATQCUS0036,July,Groceries,Credit Card,1230
ATQCUS0036,July,Groceries,UPI,2132
ATQCUS0036,July,Groceries,Debit Card,385
ATQCUS0036,July,Groceries,Net Banking,406
ATQCUS0036,July,Electronics,Credit Card,2635
ATQCUS0036,July,Electronics,UPI,2011
ATQCUS0036,July,Electronics,Debit Card,1232
ATQCUS0036,July,Electronics,Net Banking,190
ATQCUS0036,July,Health & Wellness,Credit Card,1909
ATQCUS0036,July,Health & Wellness,UPI,171
ATQCUS0036,July,Health & Wellness,Debit Card,103
ATQCUS0036,July,Health & Wellness,Net Banking,700
ATQCUS0036,July,Travel,Credit Card,1656
ATQCUS0036,July,Travel,UPI,455
ATQCUS0036,July,Travel,Debit Card,148
ATQCUS0036,July,Travel,Net Banking,394
ATQCUS0036,July,Food,Credit Card,1587
ATQCUS0036,July,Food,UPI,1137
ATQCUS0036,July,Food,Debit Card,755
ATQCUS0036,July,Food,Net Banking,532
ATQCUS0036,July,Entertainment,Credit Card,705
ATQCUS0036,July,Entertainment,UPI,555
ATQCUS0036,July,Entertainment,Debit Card,294
ATQCUS0036,July,Entertainment,Net Banking,514
ATQCUS0036,July,Apparel,Credit Card,471
ATQCUS0036,July,Apparel,UPI,263
ATQCUS0036,July,Apparel,Debit Card,59
ATQCUS0036,July,Apparel,Net Banking,89
ATQCUS0036,July,Others,Credit Card,311
ATQCUS0036,July,Others,UPI,173
ATQCUS0036,July,Others,Debit Card,201
ATQCUS0036,July,Others,Net Banking,123
ATQCUS0036,August,Bills,Credit Card,1387
ATQCUS0036,August,Bills,UPI,565
ATQCUS0036,August,Bills,Debit Card,745
ATQCUS0036,August,Bills,Net Banking,942
ATQCUS0036,August,Groceries,Credit Card,1619
ATQCUS0036,August,Groceries,UPI,427
ATQCUS0036,August,Groceries,Debit Card,770
ATQCUS0036,August,Groceries,Net Banking,689
ATQCUS0036,August,Electronics,Credit Card,846
ATQCUS0036,August,Electronics,UPI,788
ATQCUS0036,August,Electronics,Debit Card,1727
ATQCUS0036,August,Electronics,Net Banking,293
ATQCUS0036,August,Health & Wellness,Credit Card,657
ATQCUS0036,August,Health & Wellness,UPI,498
ATQCUS0036,August,Health & Wellness,Debit Card,473
ATQCUS0036,August,Health & Wellness,Net Banking,116
ATQCUS0036,August,Travel,Credit Card,693
ATQCUS0036,August,Travel,UPI,450
ATQCUS0036,August,Travel,Debit Card,412
ATQCUS0036,August,Travel,Net Banking,563
ATQCUS0036,August,Food,Credit Card,1245
ATQCUS0036,August,Food,UPI,647
ATQCUS0036,August,Food,Debit Card,211
ATQCUS0036,August,Food,Net Banking,199
ATQCUS0036,August,Entertainment,Credit Card,590
ATQCUS0036,August,Entertainment,UPI,131
ATQCUS0036,August,Entertainment,Debit Card,314
ATQCUS0036,August,Entertainment,Net Banking,635
ATQCUS0036,August,Apparel,Credit Card,117
ATQCUS0036,August,Apparel,UPI,294
ATQCUS0036,August,Apparel,Debit Card,100
ATQCUS0036,August,Apparel,Net Banking,314
ATQCUS0036,August,Others,Credit Card,361
ATQCUS0036,August,Others,UPI,388
ATQCUS0036,August,Others,Debit Card,451
ATQCUS0036,August,Others,Net Banking,187
ATQCUS0036,September,Bills,Credit Card,6345
ATQCUS0036,September,Bills,UPI,1912
ATQCUS0036,September,Bills,Debit Card,583
ATQCUS0036,September,Bills,Net Banking,199
ATQCUS0036,September,Groceries,Credit Card,840
ATQCUS0036,September,Groceries,UPI,569
ATQCUS0036,September,Groceries,Debit Card,667
ATQCUS0036,September,Groceries,Net Banking,1037
ATQCUS0036,September,Electronics,Credit Card,2375
ATQCUS0036,September,Electronics,UPI,238
ATQCUS0036,September,Electronics,Debit Card,1268
ATQCUS0036,September,Electronics,Net Banking,117
ATQCUS0036,September,Health & Wellness,Credit Card,1496
ATQCUS0036,September,Health & Wellness,UPI,704
ATQCUS0036,September,Health & Wellness,Debit Card,204
ATQCUS0036,September,Health & Wellness,Net Banking,710
ATQCUS0036,September,Travel,Credit Card,1852
ATQCUS0036,September,Travel,UPI,487
ATQCUS0036,September,Travel,Debit Card,153
ATQCUS0036,September,Travel,Net Banking,189
ATQCUS0036,September,Food,Credit Card,2187
ATQCUS0036,September,Food,UPI,208
ATQCUS0036,September,Food,Debit Card,296
ATQCUS0036,September,Food,Net Banking,324
ATQCUS0036,September,Entertainment,Credit Card,61
ATQCUS0036,September,Entertainment,UPI,455
ATQCUS0036,September,Entertainment,Debit Card,167
ATQCUS0036,September,Entertainment,Net Banking,136
ATQCUS0036,September,Apparel,Credit Card,614
ATQCUS0036,September,Apparel,UPI,1272
ATQCUS0036,September,Apparel,Debit Card,359
ATQCUS0036,September,Apparel,Net Banking,304
ATQCUS0036,September,Others,Credit Card,1003
ATQCUS0036,September,Others,UPI,141
ATQCUS0036,September,Others,Debit Card,623
ATQCUS0036,September,Others,Net Banking,115
ATQCUS0036,October,Bills,Credit Card,661
ATQCUS0036,October,Bills,UPI,513
ATQCUS0036,October,Bills,Debit Card,501
ATQCUS0036,October,Bills,Net Banking,462
ATQCUS0036,October,Groceries,Credit Card,1538
ATQCUS0036,October,Groceries,UPI,2241
ATQCUS0036,October,Groceries,Debit Card,558
ATQCUS0036,October,Groceries,Net Banking,466
ATQCUS0036,October,Electronics,Credit Card,3345
ATQCUS0036,October,Electronics,UPI,1039
ATQCUS0036,October,Electronics,Debit Card,399
ATQCUS0036,October,Electronics,Net Banking,297
ATQCUS0036,October,Health & Wellness,Credit Card,912
ATQCUS0036,October,Health & Wellness,UPI,149
ATQCUS0036,October,Health & Wellness,Debit Card,292
ATQCUS0036,October,Health & Wellness,Net Banking,666
ATQCUS0036,October,Travel,Credit Card,570
ATQCUS0036,October,Travel,UPI,700
ATQCUS0036,October,Travel,Debit Card,369
ATQCUS0036,October,Travel,Net Banking,140
ATQCUS0036,October,Food,Credit Card,1466
ATQCUS0036,October,Food,UPI,429
ATQCUS0036,October,Food,Debit Card,206
ATQCUS0036,October,Food,Net Banking,303
ATQCUS0036,October,Entertainment,Credit Card,291
ATQCUS0036,October,Entertainment,UPI,657
ATQCUS0036,October,Entertainment,Debit Card,1365
ATQCUS0036,October,Entertainment,Net Banking,204
ATQCUS0036,October,Apparel,Credit Card,698
ATQCUS0036,October,Apparel,UPI,52
ATQCUS0036,October,Apparel,Debit Card,372
ATQCUS0036,October,Apparel,Net Banking,101
ATQCUS0036,October,Others,Credit Card,136
ATQCUS0036,October,Others,UPI,335
ATQCUS0036,October,Others,Debit Card,319
ATQCUS0036,October,Others,Net Banking,167
ATQCUS0037,May,Bills,Credit Card,628
ATQCUS0037,May,Bills,UPI,287
ATQCUS0037,May,Bills,Debit Card,684
ATQCUS0037,May,Bills,Net Banking,461
ATQCUS0037,May,Groceries,Credit Card,868
ATQCUS0037,May,Groceries,UPI,524
ATQCUS0037,May,Groceries,Debit Card,210
ATQCUS0037,May,Groceries,Net Banking,135
ATQCUS0037,May,Electronics,Credit Card,1077
ATQCUS0037,May,Electronics,UPI,776
ATQCUS0037,May,Electronics,Debit Card,141
ATQCUS0037,May,Electronics,Net Banking,119
ATQCUS0037,May,Health & Wellness,Credit Card,1177
ATQCUS0037,May,Health & Wellness,UPI,321
ATQCUS0037,May,Health & Wellness,Debit Card,468
ATQCUS0037,May,Health & Wellness,Net Banking,292
ATQCUS0037,May,Travel,Credit Card,1194
ATQCUS0037,May,Travel,UPI,234
ATQCUS0037,May,Travel,Debit Card,532
ATQCUS0037,May,Travel,Net Banking,123
ATQCUS0037,May,Food,Credit Card,774
ATQCUS0037,May,Food,UPI,326
ATQCUS0037,May,Food,Debit Card,204
ATQCUS0037,May,Food,Net Banking,67
ATQCUS0037,May,Entertainment,Credit Card,207
ATQCUS0037,May,Entertainment,UPI,273
ATQCUS0037,May,Entertainment,Debit Card,82
ATQCUS0037,May,Entertainment,Net Banking,57
ATQCUS0037,May,Apparel,Credit Card,879
ATQCUS0037,May,Apparel,UPI,89
ATQCUS0037,May,Apparel,Debit Card,161
ATQCUS0037,May,Apparel,Net Banking,82
ATQCUS0037,May,Others,Credit Card,196
ATQCUS0037,May,Others,UPI,123
ATQCUS0037,May,Others,Debit Card,183
ATQCUS0037,May,Others,Net Banking,84
ATQCUS0037,June,Bills,Credit Card,1156
ATQCUS0037,June,Bills,UPI,1244
ATQCUS0037,June,Bills,Debit Card,1219
ATQCUS0037,June,Bills,Net Banking,174
ATQCUS0037,June,Groceries,Credit Card,991
ATQCUS0037,June,Groceries,UPI,856
ATQCUS0037,June,Groceries,Debit Card,317
ATQCUS0037,June,Groceries,Net Banking,155
ATQCUS0037,June,Electronics,Credit Card,756
ATQCUS0037,June,Electronics,UPI,1691
ATQCUS0037,June,Electronics,Debit Card,364
ATQCUS0037,June,Electronics,Net Banking,454
ATQCUS0037,June,Health & Wellness,Credit Card,913
ATQCUS0037,June,Health & Wellness,UPI,103
ATQCUS0037,June,Health & Wellness,Debit Card,220
ATQCUS0037,June,Health & Wellness,Net Banking,188
ATQCUS0037,June,Travel,Credit Card,915
ATQCUS0037,June,Travel,UPI,104
ATQCUS0037,June,Travel,Debit Card,282
ATQCUS0037,June,Travel,Net Banking,128
ATQCUS0037,June,Food,Credit Card,334
ATQCUS0037,June,Food,UPI,267
ATQCUS0037,June,Food,Debit Card,229
ATQCUS0037,June,Food,Net Banking,89
ATQCUS0037,June,Entertainment,Credit Card,318
ATQCUS0037,June,Entertainment,UPI,232
ATQCUS0037,June,Entertainment,Debit Card,62
ATQCUS0037,June,Entertainment,Net Banking,111
ATQCUS0037,June,Apparel,Credit Card,1557
ATQCUS0037,June,Apparel,UPI,564
ATQCUS0037,June,Apparel,Debit Card,218
ATQCUS0037,June,Apparel,Net Banking,90
ATQCUS0037,June,Others,Credit Card,160
ATQCUS0037,June,Others,UPI,132
ATQCUS0037,June,Others,Debit Card,160
ATQCUS0037,June,Others,Net Banking,55
ATQCUS0037,July,Bills,Credit Card,391
ATQCUS0037,July,Bills,UPI,1167
ATQCUS0037,July,Bills,Debit Card,977
ATQCUS0037,July,Bills,Net Banking,428
ATQCUS0037,July,Groceries,Credit Card,1847
ATQCUS0037,July,Groceries,UPI,1399
ATQCUS0037,July,Groceries,Debit Card,295
ATQCUS0037,July,Groceries,Net Banking,641
ATQCUS0037,July,Electronics,Credit Card,946
ATQCUS0037,July,Electronics,UPI,196
ATQCUS0037,July,Electronics,Debit Card,202
ATQCUS0037,July,Electronics,Net Banking,417
ATQCUS0037,July,Health & Wellness,Credit Card,338
ATQCUS0037,July,Health & Wellness,UPI,826
ATQCUS0037,July,Health & Wellness,Debit Card,305
ATQCUS0037,July,Health & Wellness,Net Banking,262
ATQCUS0037,July,Travel,Credit Card,764
ATQCUS0037,July,Travel,UPI,91
ATQCUS0037,July,Travel,Debit Card,343
ATQCUS0037,July,Travel,Net Banking,277
ATQCUS0037,July,Food,Credit Card,419
ATQCUS0037,July,Food,UPI,324
ATQCUS0037,July,Food,Debit Card,63
ATQCUS0037,July,Food,Net Banking,299
ATQCUS0037,July,Entertainment,Credit Card,84
ATQCUS0037,July,Entertainment,UPI,348
ATQCUS0037,July,Entertainment,Debit Card,104
ATQCUS0037,July,Entertainment,Net Banking,123
ATQCUS0037,July,Apparel,Credit Card,177
ATQCUS0037,July,Apparel,UPI,320
ATQCUS0037,July,Apparel,Debit Card,242
ATQCUS0037,July,Apparel,Net Banking,107
ATQCUS0037,July,Others,Credit Card,137
ATQCUS0037,July,Others,UPI,293
ATQCUS0037,July,Others,Debit Card,73
ATQCUS0037,July,Others,Net Banking,106
ATQCUS0037,August,Bills,Credit Card,563
ATQCUS0037,August,Bills,UPI,464
ATQCUS0037,August,Bills,Debit Card,262
ATQCUS0037,August,Bills,Net Banking,369
ATQCUS0037,August,Groceries,Credit Card,1500
ATQCUS0037,August,Groceries,UPI,180
ATQCUS0037,August,Groceries,Debit Card,604
ATQCUS0037,August,Groceries,Net Banking,163
ATQCUS0037,August,Electronics,Credit Card,685
ATQCUS0037,August,Electronics,UPI,119
ATQCUS0037,August,Electronics,Debit Card,427
ATQCUS0037,August,Electronics,Net Banking,255
ATQCUS0037,August,Health & Wellness,Credit Card,278
ATQCUS0037,August,Health & Wellness,UPI,208
ATQCUS0037,August,Health & Wellness,Debit Card,280
ATQCUS0037,August,Health & Wellness,Net Banking,134
ATQCUS0037,August,Travel,Credit Card,416
ATQCUS0037,August,Travel,UPI,266
ATQCUS0037,August,Travel,Debit Card,85
ATQCUS0037,August,Travel,Net Banking,69
ATQCUS0037,August,Food,Credit Card,245
ATQCUS0037,August,Food,UPI,72
ATQCUS0037,August,Food,Debit Card,241
ATQCUS0037,August,Food,Net Banking,342
ATQCUS0037,August,Entertainment,Credit Card,301
ATQCUS0037,August,Entertainment,UPI,526
ATQCUS0037,August,Entertainment,Debit Card,677
ATQCUS0037,August,Entertainment,Net Banking,143
ATQCUS0037,August,Apparel,Credit Card,766
ATQCUS0037,August,Apparel,UPI,44
ATQCUS0037,August,Apparel,Debit Card,333
ATQCUS0037,August,Apparel,Net Banking,296
ATQCUS0037,August,Others,Credit Card,159
ATQCUS0037,August,Others,UPI,343
ATQCUS0037,August,Others,Debit Card,231
ATQCUS0037,August,Others,Net Banking,87
ATQCUS0037,September,Bills,Credit Card,437
ATQCUS0037,September,Bills,UPI,579
ATQCUS0037,September,Bills,Debit Card,526
ATQCUS0037,September,Bills,Net Banking,681
ATQCUS0037,September,Groceries,Credit Card,1784
ATQCUS0037,September,Groceries,UPI,233
ATQCUS0037,September,Groceries,Debit Card,115
ATQCUS0037,September,Groceries,Net Banking,213
ATQCUS0037,September,Electronics,Credit Card,570
ATQCUS0037,September,Electronics,UPI,271
ATQCUS0037,September,Electronics,Debit Card,337
ATQCUS0037,September,Electronics,Net Banking,261
ATQCUS0037,September,Health & Wellness,Credit Card,300
ATQCUS0037,September,Health & Wellness,UPI,115
ATQCUS0037,September,Health & Wellness,Debit Card,171
ATQCUS0037,September,Health & Wellness,Net Banking,295
ATQCUS0037,September,Travel,Credit Card,388
ATQCUS0037,September,Travel,UPI,253
ATQCUS0037,September,Travel,Debit Card,755
ATQCUS0037,September,Travel,Net Banking,131
ATQCUS0037,September,Food,Credit Card,554
ATQCUS0037,September,Food,UPI,541
ATQCUS0037,September,Food,Debit Card,562
ATQCUS0037,September,Food,Net Banking,74
ATQCUS0037,September,Entertainment,Credit Card,117
ATQCUS0037,September,Entertainment,UPI,311
ATQCUS0037,September,Entertainment,Debit Card,381
ATQCUS0037,September,Entertainment,Net Banking,83
ATQCUS0037,September,Apparel,Credit Card,283
ATQCUS0037,September,Apparel,UPI,308
ATQCUS0037,September,Apparel,Debit Card,225
ATQCUS0037,September,Apparel,Net Banking,59
ATQCUS0037,September,Others,Credit Card,237
ATQCUS0037,September,Others,UPI,95
ATQCUS0037,September,Others,Debit Card,179
ATQCUS0037,September,Others,Net Banking,90
ATQCUS0037,October,Bills,Credit Card,1280
ATQCUS0037,October,Bills,UPI,627
ATQCUS0037,October,Bills,Debit Card,550
ATQCUS0037,October,Bills,Net Banking,150
ATQCUS0037,October,Groceries,Credit Card,2175
ATQCUS0037,October,Groceries,UPI,480
ATQCUS0037,October,Groceries,Debit Card,159
ATQCUS0037,October,Groceries,Net Banking,209
ATQCUS0037,October,Electronics,Credit Card,1810
ATQCUS0037,October,Electronics,UPI,270
ATQCUS0037,October,Electronics,Debit Card,642
ATQCUS0037,October,Electronics,Net Banking,183
ATQCUS0037,October,Health & Wellness,Credit Card,1508
ATQCUS0037,October,Health & Wellness,UPI,312
ATQCUS0037,October,Health & Wellness,Debit Card,467
ATQCUS0037,October,Health & Wellness,Net Banking,187
ATQCUS0037,October,Travel,Credit Card,557
ATQCUS0037,October,Travel,UPI,321
ATQCUS0037,October,Travel,Debit Card,400
ATQCUS0037,October,Travel,Net Banking,172
ATQCUS0037,October,Food,Credit Card,340
ATQCUS0037,October,Food,UPI,184
ATQCUS0037,October,Food,Debit Card,146
ATQCUS0037,October,Food,Net Banking,181
ATQCUS0037,October,Entertainment,Credit Card,895
ATQCUS0037,October,Entertainment,UPI,349
ATQCUS0037,October,Entertainment,Debit Card,244
ATQCUS0037,October,Entertainment,Net Banking,111
ATQCUS0037,October,Apparel,Credit Card,471
ATQCUS0037,October,Apparel,UPI,128
ATQCUS0037,October,Apparel,Debit Card,182
ATQCUS0037,October,Apparel,Net Banking,117
ATQCUS0037,October,Others,Credit Card,178
ATQCUS0037,October,Others,UPI,162
ATQCUS0037,October,Others,Debit Card,396
ATQCUS0037,October,Others,Net Banking,147
ATQCUS0038,May,Bills,Credit Card,3779
ATQCUS0038,May,Bills,UPI,755
ATQCUS0038,May,Bills,Debit Card,51
ATQCUS0038,May,Bills,Net Banking,515
ATQCUS0038,May,Groceries,Credit Card,1865
ATQCUS0038,May,Groceries,UPI,2280
ATQCUS0038,May,Groceries,Debit Card,495
ATQCUS0038,May,Groceries,Net Banking,77
ATQCUS0038,May,Electronics,Credit Card,329
ATQCUS0038,May,Electronics,UPI,763
ATQCUS0038,May,Electronics,Debit Card,149
ATQCUS0038,May,Electronics,Net Banking,265
ATQCUS0038,May,Health & Wellness,Credit Card,1170
ATQCUS0038,May,Health & Wellness,UPI,1338
ATQCUS0038,May,Health & Wellness,Debit Card,489
ATQCUS0038,May,Health & Wellness,Net Banking,247
ATQCUS0038,May,Travel,Credit Card,580
ATQCUS0038,May,Travel,UPI,967
ATQCUS0038,May,Travel,Debit Card,582
ATQCUS0038,May,Travel,Net Banking,884
ATQCUS0038,May,Food,Credit Card,2081
ATQCUS0038,May,Food,UPI,1897
ATQCUS0038,May,Food,Debit Card,426
ATQCUS0038,May,Food,Net Banking,203
ATQCUS0038,May,Entertainment,Credit Card,652
ATQCUS0038,May,Entertainment,UPI,247
ATQCUS0038,May,Entertainment,Debit Card,1083
ATQCUS0038,May,Entertainment,Net Banking,93
ATQCUS0038,May,Apparel,Credit Card,2547
ATQCUS0038,May,Apparel,UPI,368
ATQCUS0038,May,Apparel,Debit Card,163
ATQCUS0038,May,Apparel,Net Banking,264
ATQCUS0038,May,Others,Credit Card,703
ATQCUS0038,May,Others,UPI,163
ATQCUS0038,May,Others,Debit Card,38
ATQCUS0038,May,Others,Net Banking,89
ATQCUS0038,June,Bills,Credit Card,2351
ATQCUS0038,June,Bills,UPI,798
ATQCUS0038,June,Bills,Debit Card,1258
ATQCUS0038,June,Bills,Net Banking,911
ATQCUS0038,June,Groceries,Credit Card,1104
ATQCUS0038,June,Groceries,UPI,676
ATQCUS0038,June,Groceries,Debit Card,866
ATQCUS0038,June,Groceries,Net Banking,537
ATQCUS0038,June,Electronics,Credit Card,1377
ATQCUS0038,June,Electronics,UPI,1919
ATQCUS0038,June,Electronics,Debit Card,758
ATQCUS0038,June,Electronics,Net Banking,1037
ATQCUS0038,June,Health & Wellness,Credit Card,1770
ATQCUS0038,June,Health & Wellness,UPI,484
ATQCUS0038,June,Health & Wellness,Debit Card,982
ATQCUS0038,June,Health & Wellness,Net Banking,297
ATQCUS0038,June,Travel,Credit Card,1549
ATQCUS0038,June,Travel,UPI,300
ATQCUS0038,June,Travel,Debit Card,818
ATQCUS0038,June,Travel,Net Banking,688
ATQCUS0038,June,Food,Credit Card,1552
ATQCUS0038,June,Food,UPI,975
ATQCUS0038,June,Food,Debit Card,869
ATQCUS0038,June,Food,Net Banking,366
ATQCUS0038,June,Entertainment,Credit Card,263
ATQCUS0038,June,Entertainment,UPI,1627
ATQCUS0038,June,Entertainment,Debit Card,887
ATQCUS0038,June,Entertainment,Net Banking,109
ATQCUS0038,June,Apparel,Credit Card,1174
ATQCUS0038,June,Apparel,UPI,427
ATQCUS0038,June,Apparel,Debit Card,620
ATQCUS0038,June,Apparel,Net Banking,156
ATQCUS0038,June,Others,Credit Card,1027
ATQCUS0038,June,Others,UPI,64
ATQCUS0038,June,Others,Debit Card,160
ATQCUS0038,June,Others,Net Banking,188
ATQCUS0038,July,Bills,Credit Card,4691
ATQCUS0038,July,Bills,UPI,2428
ATQCUS0038,July,Bills,Debit Card,1875
ATQCUS0038,July,Bills,Net Banking,256
ATQCUS0038,July,Groceries,Credit Card,1948
ATQCUS0038,July,Groceries,UPI,900
ATQCUS0038,July,Groceries,Debit Card,1032
ATQCUS0038,July,Groceries,Net Banking,1236
ATQCUS0038,July,Electronics,Credit Card,1565
ATQCUS0038,July,Electronics,UPI,714
ATQCUS0038,July,Electronics,Debit Card,571
ATQCUS0038,July,Electronics,Net Banking,166
ATQCUS0038,July,Health & Wellness,Credit Card,1603
ATQCUS0038,July,Health & Wellness,UPI,709
ATQCUS0038,July,Health & Wellness,Debit Card,157
ATQCUS0038,July,Health & Wellness,Net Banking,177
ATQCUS0038,July,Travel,Credit Card,2622
ATQCUS0038,July,Travel,UPI,467
ATQCUS0038,July,Travel,Debit Card,1167
ATQCUS0038,July,Travel,Net Banking,693
ATQCUS0038,July,Food,Credit Card,936
ATQCUS0038,July,Food,UPI,709
ATQCUS0038,July,Food,Debit Card,711
ATQCUS0038,July,Food,Net Banking,577
ATQCUS0038,July,Entertainment,Credit Card,738
ATQCUS0038,July,Entertainment,UPI,107
ATQCUS0038,July,Entertainment,Debit Card,511
ATQCUS0038,July,Entertainment,Net Banking,79
ATQCUS0038,July,Apparel,Credit Card,342
ATQCUS0038,July,Apparel,UPI,836
ATQCUS0038,July,Apparel,Debit Card,1021
ATQCUS0038,July,Apparel,Net Banking,129
ATQCUS0038,July,Others,Credit Card,228
ATQCUS0038,July,Others,UPI,752
ATQCUS0038,July,Others,Debit Card,538
ATQCUS0038,July,Others,Net Banking,199
ATQCUS0038,August,Bills,Credit Card,575
ATQCUS0038,August,Bills,UPI,1203
ATQCUS0038,August,Bills,Debit Card,3796
ATQCUS0038,August,Bills,Net Banking,903
ATQCUS0038,August,Groceries,Credit Card,2165
ATQCUS0038,August,Groceries,UPI,1432
ATQCUS0038,August,Groceries,Debit Card,705
ATQCUS0038,August,Groceries,Net Banking,200
ATQCUS0038,August,Electronics,Credit Card,2704
ATQCUS0038,August,Electronics,UPI,127
ATQCUS0038,August,Electronics,Debit Card,1111
ATQCUS0038,August,Electronics,Net Banking,1418
ATQCUS0038,August,Health & Wellness,Credit Card,767
ATQCUS0038,August,Health & Wellness,UPI,271
ATQCUS0038,August,Health & Wellness,Debit Card,640
ATQCUS0038,August,Health & Wellness,Net Banking,64
ATQCUS0038,August,Travel,Credit Card,1598
ATQCUS0038,August,Travel,UPI,1178
ATQCUS0038,August,Travel,Debit Card,102
ATQCUS0038,August,Travel,Net Banking,221
ATQCUS0038,August,Food,Credit Card,1299
ATQCUS0038,August,Food,UPI,572
ATQCUS0038,August,Food,Debit Card,662
ATQCUS0038,August,Food,Net Banking,457
ATQCUS0038,August,Entertainment,Credit Card,1015
ATQCUS0038,August,Entertainment,UPI,466
ATQCUS0038,August,Entertainment,Debit Card,942
ATQCUS0038,August,Entertainment,Net Banking,1256
ATQCUS0038,August,Apparel,Credit Card,368
ATQCUS0038,August,Apparel,UPI,1134
ATQCUS0038,August,Apparel,Debit Card,481
ATQCUS0038,August,Apparel,Net Banking,187
ATQCUS0038,August,Others,Credit Card,1703
ATQCUS0038,August,Others,UPI,1158
ATQCUS0038,August,Others,Debit Card,63
ATQCUS0038,August,Others,Net Banking,528
ATQCUS0038,September,Bills,Credit Card,4167
ATQCUS0038,September,Bills,UPI,3083
ATQCUS0038,September,Bills,Debit Card,1224
ATQCUS0038,September,Bills,Net Banking,293
ATQCUS0038,September,Groceries,Credit Card,845
ATQCUS0038,September,Groceries,UPI,3602
ATQCUS0038,September,Groceries,Debit Card,105
ATQCUS0038,September,Groceries,Net Banking,971
ATQCUS0038,September,Electronics,Credit Card,3411
ATQCUS0038,September,Electronics,UPI,1212
ATQCUS0038,September,Electronics,Debit Card,444
ATQCUS0038,September,Electronics,Net Banking,236
ATQCUS0038,September,Health & Wellness,Credit Card,288
ATQCUS0038,September,Health & Wellness,UPI,617
ATQCUS0038,September,Health & Wellness,Debit Card,786
ATQCUS0038,September,Health & Wellness,Net Banking,404
ATQCUS0038,September,Travel,Credit Card,3596
ATQCUS0038,September,Travel,UPI,2118
ATQCUS0038,September,Travel,Debit Card,891
ATQCUS0038,September,Travel,Net Banking,428
ATQCUS0038,September,Food,Credit Card,808
ATQCUS0038,September,Food,UPI,688
ATQCUS0038,September,Food,Debit Card,116
ATQCUS0038,September,Food,Net Banking,236
ATQCUS0038,September,Entertainment,Credit Card,737
ATQCUS0038,September,Entertainment,UPI,273
ATQCUS0038,September,Entertainment,Debit Card,100
ATQCUS0038,September,Entertainment,Net Banking,325
ATQCUS0038,September,Apparel,Credit Card,339
ATQCUS0038,September,Apparel,UPI,515
ATQCUS0038,September,Apparel,Debit Card,326
ATQCUS0038,September,Apparel,Net Banking,45
ATQCUS0038,September,Others,Credit Card,1002
ATQCUS0038,September,Others,UPI,167
ATQCUS0038,September,Others,Debit Card,173
ATQCUS0038,September,Others,Net Banking,240
ATQCUS0038,October,Bills,Credit Card,825
ATQCUS0038,October,Bills,UPI,2523
ATQCUS0038,October,Bills,Debit Card,954
ATQCUS0038,October,Bills,Net Banking,396
ATQCUS0038,October,Groceries,Credit Card,1804
ATQCUS0038,October,Groceries,UPI,1366
ATQCUS0038,October,Groceries,Debit Card,448
ATQCUS0038,October,Groceries,Net Banking,1127
ATQCUS0038,October,Electronics,Credit Card,3081
ATQCUS0038,October,Electronics,UPI,1495
ATQCUS0038,October,Electronics,Debit Card,879
ATQCUS0038,October,Electronics,Net Banking,688
ATQCUS0038,October,Health & Wellness,Credit Card,2198
ATQCUS0038,October,Health & Wellness,UPI,276
ATQCUS0038,October,Health & Wellness,Debit Card,1268
ATQCUS0038,October,Health & Wellness,Net Banking,841
ATQCUS0038,October,Travel,Credit Card,424
ATQCUS0038,October,Travel,UPI,1336
ATQCUS0038,October,Travel,Debit Card,587
ATQCUS0038,October,Travel,Net Banking,338
ATQCUS0038,October,Food,Credit Card,591
ATQCUS0038,October,Food,UPI,772
ATQCUS0038,October,Food,Debit Card,782
ATQCUS0038,October,Food,Net Banking,80
ATQCUS0038,October,Entertainment,Credit Card,1004
ATQCUS0038,October,Entertainment,UPI,1005
ATQCUS0038,October,Entertainment,Debit Card,912
ATQCUS0038,October,Entertainment,Net Banking,318
ATQCUS0038,October,Apparel,Credit Card,2148
ATQCUS0038,October,Apparel,UPI,189
ATQCUS0038,October,Apparel,Debit Card,433
ATQCUS0038,October,Apparel,Net Banking,480
ATQCUS0038,October,Others,Credit Card,375
ATQCUS0038,October,Others,UPI,391
ATQCUS0038,October,Others,Debit Card,243
ATQCUS0038,October,Others,Net Banking,142
ATQCUS0039,May,Bills,Credit Card,322
ATQCUS0039,May,Bills,UPI,917
ATQCUS0039,May,Bills,Debit Card,999
ATQCUS0039,May,Bills,Net Banking,453
ATQCUS0039,May,Groceries,Credit Card,345
ATQCUS0039,May,Groceries,UPI,1505
ATQCUS0039,May,Groceries,Debit Card,124
ATQCUS0039,May,Groceries,Net Banking,494
ATQCUS0039,May,Electronics,Credit Card,1295
ATQCUS0039,May,Electronics,UPI,115
ATQCUS0039,May,Electronics,Debit Card,458
ATQCUS0039,May,Electronics,Net Banking,381
ATQCUS0039,May,Health & Wellness,Credit Card,727
ATQCUS0039,May,Health & Wellness,UPI,421
ATQCUS0039,May,Health & Wellness,Debit Card,484
ATQCUS0039,May,Health & Wellness,Net Banking,787
ATQCUS0039,May,Travel,Credit Card,575
ATQCUS0039,May,Travel,UPI,768
ATQCUS0039,May,Travel,Debit Card,545
ATQCUS0039,May,Travel,Net Banking,462
ATQCUS0039,May,Food,Credit Card,1213
ATQCUS0039,May,Food,UPI,368
ATQCUS0039,May,Food,Debit Card,154
ATQCUS0039,May,Food,Net Banking,301
ATQCUS0039,May,Entertainment,Credit Card,755
ATQCUS0039,May,Entertainment,UPI,118
ATQCUS0039,May,Entertainment,Debit Card,470
ATQCUS0039,May,Entertainment,Net Banking,287
ATQCUS0039,May,Apparel,Credit Card,600
ATQCUS0039,May,Apparel,UPI,879
ATQCUS0039,May,Apparel,Debit Card,500
ATQCUS0039,May,Apparel,Net Banking,188
ATQCUS0039,May,Others,Credit Card,173
ATQCUS0039,May,Others,UPI,287
ATQCUS0039,May,Others,Debit Card,82
ATQCUS0039,May,Others,Net Banking,54
ATQCUS0039,June,Bills,Credit Card,266
ATQCUS0039,June,Bills,UPI,208
ATQCUS0039,June,Bills,Debit Card,790
ATQCUS0039,June,Bills,Net Banking,639
ATQCUS0039,June,Groceries,Credit Card,1750
ATQCUS0039,June,Groceries,UPI,945
ATQCUS0039,June,Groceries,Debit Card,224
ATQCUS0039,June,Groceries,Net Banking,104
ATQCUS0039,June,Electronics,Credit Card,696
ATQCUS0039,June,Electronics,UPI,755
ATQCUS0039,June,Electronics,Debit Card,1065
ATQCUS0039,June,Electronics,Net Banking,640
ATQCUS0039,June,Health & Wellness,Credit Card,996
ATQCUS0039,June,Health & Wellness,UPI,367
ATQCUS0039,June,Health & Wellness,Debit Card,606
ATQCUS0039,June,Health & Wellness,Net Banking,95
ATQCUS0039,June,Travel,Credit Card,256
ATQCUS0039,June,Travel,UPI,1610
ATQCUS0039,June,Travel,Debit Card,1177
ATQCUS0039,June,Travel,Net Banking,173
ATQCUS0039,June,Food,Credit Card,394
ATQCUS0039,June,Food,UPI,705
ATQCUS0039,June,Food,Debit Card,449
ATQCUS0039,June,Food,Net Banking,235
ATQCUS0039,June,Entertainment,Credit Card,1355
ATQCUS0039,June,Entertainment,UPI,718
ATQCUS0039,June,Entertainment,Debit Card,87
ATQCUS0039,June,Entertainment,Net Banking,156
ATQCUS0039,June,Apparel,Credit Card,530
ATQCUS0039,June,Apparel,UPI,188
ATQCUS0039,June,Apparel,Debit Card,223
ATQCUS0039,June,Apparel,Net Banking,334
ATQCUS0039,June,Others,Credit Card,273
ATQCUS0039,June,Others,UPI,210
ATQCUS0039,June,Others,Debit Card,258
ATQCUS0039,June,Others,Net Banking,21
ATQCUS0039,July,Bills,Credit Card,1324
ATQCUS0039,July,Bills,UPI,1373
ATQCUS0039,July,Bills,Debit Card,839
ATQCUS0039,July,Bills,Net Banking,502
ATQCUS0039,July,Groceries,Credit Card,903
ATQCUS0039,July,Groceries,UPI,567
ATQCUS0039,July,Groceries,Debit Card,334
ATQCUS0039,July,Groceries,Net Banking,367
ATQCUS0039,July,Electronics,Credit Card,373
ATQCUS0039,July,Electronics,UPI,507
ATQCUS0039,July,Electronics,Debit Card,252
ATQCUS0039,July,Electronics,Net Banking,252
ATQCUS0039,July,Health & Wellness,Credit Card,511
ATQCUS0039,July,Health & Wellness,UPI,367
ATQCUS0039,July,Health & Wellness,Debit Card,329
ATQCUS0039,July,Health & Wellness,Net Banking,90
ATQCUS0039,July,Travel,Credit Card,1235
ATQCUS0039,July,Travel,UPI,518
ATQCUS0039,July,Travel,Debit Card,220
ATQCUS0039,July,Travel,Net Banking,93
ATQCUS0039,July,Food,Credit Card,365
ATQCUS0039,July,Food,UPI,358
ATQCUS0039,July,Food,Debit Card,447
ATQCUS0039,July,Food,Net Banking,207
ATQCUS0039,July,Entertainment,Credit Card,843
ATQCUS0039,July,Entertainment,UPI,203
ATQCUS0039,July,Entertainment,Debit Card,209
ATQCUS0039,July,Entertainment,Net Banking,78
ATQCUS0039,July,Apparel,Credit Card,1925
ATQCUS0039,July,Apparel,UPI,494
ATQCUS0039,July,Apparel,Debit Card,151
ATQCUS0039,July,Apparel,Net Banking,104
ATQCUS0039,July,Others,Credit Card,469
ATQCUS0039,July,Others,UPI,445
ATQCUS0039,July,Others,Debit Card,191
ATQCUS0039,July,Others,Net Banking,119
ATQCUS0039,August,Bills,Credit Card,1631
ATQCUS0039,August,Bills,UPI,930
ATQCUS0039,August,Bills,Debit Card,696
ATQCUS0039,August,Bills,Net Banking,175
ATQCUS0039,August,Groceries,Credit Card,678
ATQCUS0039,August,Groceries,UPI,1031
ATQCUS0039,August,Groceries,Debit Card,2396
ATQCUS0039,August,Groceries,Net Banking,459
ATQCUS0039,August,Electronics,Credit Card,752
ATQCUS0039,August,Electronics,UPI,1907
ATQCUS0039,August,Electronics,Debit Card,823
ATQCUS0039,August,Electronics,Net Banking,557
ATQCUS0039,August,Health & Wellness,Credit Card,934
ATQCUS0039,August,Health & Wellness,UPI,754
ATQCUS0039,August,Health & Wellness,Debit Card,792
ATQCUS0039,August,Health & Wellness,Net Banking,164
ATQCUS0039,August,Travel,Credit Card,403
ATQCUS0039,August,Travel,UPI,1374
ATQCUS0039,August,Travel,Debit Card,341
ATQCUS0039,August,Travel,Net Banking,207
ATQCUS0039,August,Food,Credit Card,595
ATQCUS0039,August,Food,UPI,531
ATQCUS0039,August,Food,Debit Card,285
ATQCUS0039,August,Food,Net Banking,201
ATQCUS0039,August,Entertainment,Credit Card,447
ATQCUS0039,August,Entertainment,UPI,236
ATQCUS0039,August,Entertainment,Debit Card,392
ATQCUS0039,August,Entertainment,Net Banking,235
ATQCUS0039,August,Apparel,Credit Card,259
ATQCUS0039,August,Apparel,UPI,280
ATQCUS0039,August,Apparel,Debit Card,296
ATQCUS0039,August,Apparel,Net Banking,178
ATQCUS0039,August,Others,Credit Card,461
ATQCUS0039,August,Others,UPI,331
ATQCUS0039,August,Others,Debit Card,113
ATQCUS0039,August,Others,Net Banking,24
ATQCUS0039,September,Bills,Credit Card,1389
ATQCUS0039,September,Bills,UPI,2362
ATQCUS0039,September,Bills,Debit Card,1275
ATQCUS0039,September,Bills,Net Banking,164
ATQCUS0039,September,Groceries,Credit Card,1171
ATQCUS0039,September,Groceries,UPI,729
ATQCUS0039,September,Groceries,Debit Card,582
ATQCUS0039,September,Groceries,Net Banking,284
ATQCUS0039,September,Electronics,Credit Card,2117
ATQCUS0039,September,Electronics,UPI,1044
ATQCUS0039,September,Electronics,Debit Card,443
ATQCUS0039,September,Electronics,Net Banking,294
ATQCUS0039,September,Health & Wellness,Credit Card,606
ATQCUS0039,September,Health & Wellness,UPI,1458
ATQCUS0039,September,Health & Wellness,Debit Card,1429
ATQCUS0039,September,Health & Wellness,Net Banking,486
ATQCUS0039,September,Travel,Credit Card,641
ATQCUS0039,September,Travel,UPI,1191
ATQCUS0039,September,Travel,Debit Card,356
ATQCUS0039,September,Travel,Net Banking,351
ATQCUS0039,September,Food,Credit Card,1353
ATQCUS0039,September,Food,UPI,314
ATQCUS0039,September,Food,Debit Card,483
ATQCUS0039,September,Food,Net Banking,116
ATQCUS0039,September,Entertainment,Credit Card,276
ATQCUS0039,September,Entertainment,UPI,849
ATQCUS0039,September,Entertainment,Debit Card,92
ATQCUS0039,September,Entertainment,Net Banking,213
ATQCUS0039,September,Apparel,Credit Card,165
ATQCUS0039,September,Apparel,UPI,282
ATQCUS0039,September,Apparel,Debit Card,96
ATQCUS0039,September,Apparel,Net Banking,191
ATQCUS0039,September,Others,Credit Card,969
ATQCUS0039,September,Others,UPI,316
ATQCUS0039,September,Others,Debit Card,195
ATQCUS0039,September,Others,Net Banking,208
ATQCUS0039,October,Bills,Credit Card,719
ATQCUS0039,October,Bills,UPI,704
ATQCUS0039,October,Bills,Debit Card,488
ATQCUS0039,October,Bills,Net Banking,933
ATQCUS0039,October,Groceries,Credit Card,1989
ATQCUS0039,October,Groceries,UPI,596
ATQCUS0039,October,Groceries,Debit Card,1154
ATQCUS0039,October,Groceries,Net Banking,140
ATQCUS0039,October,Electronics,Credit Card,1009
ATQCUS0039,October,Electronics,UPI,1041
ATQCUS0039,October,Electronics,Debit Card,452
ATQCUS0039,October,Electronics,Net Banking,76
ATQCUS0039,October,Health & Wellness,Credit Card,729
ATQCUS0039,October,Health & Wellness,UPI,1039
ATQCUS0039,October,Health & Wellness,Debit Card,199
ATQCUS0039,October,Health & Wellness,Net Banking,96
ATQCUS0039,October,Travel,Credit Card,2167
ATQCUS0039,October,Travel,UPI,159
ATQCUS0039,October,Travel,Debit Card,248
ATQCUS0039,October,Travel,Net Banking,672
ATQCUS0039,October,Food,Credit Card,487
ATQCUS0039,October,Food,UPI,354
ATQCUS0039,October,Food,Debit Card,1010
ATQCUS0039,October,Food,Net Banking,322
ATQCUS0039,October,Entertainment,Credit Card,274
ATQCUS0039,October,Entertainment,UPI,969
ATQCUS0039,October,Entertainment,Debit Card,1366
ATQCUS0039,October,Entertainment,Net Banking,322
ATQCUS0039,October,Apparel,Credit Card,1459
ATQCUS0039,October,Apparel,UPI,364
ATQCUS0039,October,Apparel,Debit Card,81
ATQCUS0039,October,Apparel,Net Banking,292
ATQCUS0039,October,Others,Credit Card,273
ATQCUS0039,October,Others,UPI,288
ATQCUS0039,October,Others,Debit Card,59
ATQCUS0039,October,Others,Net Banking,142
ATQCUS0040,May,Bills,Credit Card,676
ATQCUS0040,May,Bills,UPI,863
ATQCUS0040,May,Bills,Debit Card,1127
ATQCUS0040,May,Bills,Net Banking,119
ATQCUS0040,May,Groceries,Credit Card,964
ATQCUS0040,May,Groceries,UPI,831
ATQCUS0040,May,Groceries,Debit Card,683
ATQCUS0040,May,Groceries,Net Banking,62
ATQCUS0040,May,Electronics,Credit Card,93
ATQCUS0040,May,Electronics,UPI,567
ATQCUS0040,May,Electronics,Debit Card,491
ATQCUS0040,May,Electronics,Net Banking,77
ATQCUS0040,May,Health & Wellness,Credit Card,118
ATQCUS0040,May,Health & Wellness,UPI,110
ATQCUS0040,May,Health & Wellness,Debit Card,215
ATQCUS0040,May,Health & Wellness,Net Banking,190
ATQCUS0040,May,Travel,Credit Card,457
ATQCUS0040,May,Travel,UPI,1070
ATQCUS0040,May,Travel,Debit Card,261
ATQCUS0040,May,Travel,Net Banking,94
ATQCUS0040,May,Food,Credit Card,603
ATQCUS0040,May,Food,UPI,138
ATQCUS0040,May,Food,Debit Card,428
ATQCUS0040,May,Food,Net Banking,206
ATQCUS0040,May,Entertainment,Credit Card,343
ATQCUS0040,May,Entertainment,UPI,227
ATQCUS0040,May,Entertainment,Debit Card,140
ATQCUS0040,May,Entertainment,Net Banking,160
ATQCUS0040,May,Apparel,Credit Card,455
ATQCUS0040,May,Apparel,UPI,55
ATQCUS0040,May,Apparel,Debit Card,145
ATQCUS0040,May,Apparel,Net Banking,115
ATQCUS0040,May,Others,Credit Card,224
ATQCUS0040,May,Others,UPI,161
ATQCUS0040,May,Others,Debit Card,389
ATQCUS0040,May,Others,Net Banking,32
ATQCUS0040,June,Bills,Credit Card,3160
ATQCUS0040,June,Bills,UPI,1624
ATQCUS0040,June,Bills,Debit Card,66
ATQCUS0040,June,Bills,Net Banking,218
ATQCUS0040,June,Groceries,Credit Card,510
ATQCUS0040,June,Groceries,UPI,1405
ATQCUS0040,June,Groceries,Debit Card,613
ATQCUS0040,June,Groceries,Net Banking,136
ATQCUS0040,June,Electronics,Credit Card,298
ATQCUS0040,June,Electronics,UPI,480
ATQCUS0040,June,Electronics,Debit Card,122
ATQCUS0040,June,Electronics,Net Banking,205
ATQCUS0040,June,Health & Wellness,Credit Card,319
ATQCUS0040,June,Health & Wellness,UPI,949
ATQCUS0040,June,Health & Wellness,Debit Card,131
ATQCUS0040,June,Health & Wellness,Net Banking,92
ATQCUS0040,June,Travel,Credit Card,650
ATQCUS0040,June,Travel,UPI,1496
ATQCUS0040,June,Travel,Debit Card,278
ATQCUS0040,June,Travel,Net Banking,21
ATQCUS0040,June,Food,Credit Card,306
ATQCUS0040,June,Food,UPI,652
ATQCUS0040,June,Food,Debit Card,69
ATQCUS0040,June,Food,Net Banking,190
ATQCUS0040,June,Entertainment,Credit Card,761
ATQCUS0040,June,Entertainment,UPI,445
ATQCUS0040,June,Entertainment,Debit Card,184
ATQCUS0040,June,Entertainment,Net Banking,143
ATQCUS0040,June,Apparel,Credit Card,77
ATQCUS0040,June,Apparel,UPI,588
ATQCUS0040,June,Apparel,Debit Card,309
ATQCUS0040,June,Apparel,Net Banking,33
ATQCUS0040,June,Others,Credit Card,149
ATQCUS0040,June,Others,UPI,129
ATQCUS0040,June,Others,Debit Card,170
ATQCUS0040,June,Others,Net Banking,50
ATQCUS0040,July,Bills,Credit Card,299
ATQCUS0040,July,Bills,UPI,2125
ATQCUS0040,July,Bills,Debit Card,651
ATQCUS0040,July,Bills,Net Banking,285
ATQCUS0040,July,Groceries,Credit Card,452
ATQCUS0040,July,Groceries,UPI,308
ATQCUS0040,July,Groceries,Debit Card,532
ATQCUS0040,July,Groceries,Net Banking,281
ATQCUS0040,July,Electronics,Credit Card,375
ATQCUS0040,July,Electronics,UPI,466
ATQCUS0040,July,Electronics,Debit Card,159
ATQCUS0040,July,Electronics,Net Banking,85
ATQCUS0040,July,Health & Wellness,Credit Card,294
ATQCUS0040,July,Health & Wellness,UPI,74
ATQCUS0040,July,Health & Wellness,Debit Card,169
ATQCUS0040,July,Health & Wellness,Net Banking,100
ATQCUS0040,July,Travel,Credit Card,330
ATQCUS0040,July,Travel,UPI,274
ATQCUS0040,July,Travel,Debit Card,223
ATQCUS0040,July,Travel,Net Banking,86
ATQCUS0040,July,Food,Credit Card,628
ATQCUS0040,July,Food,UPI,276
ATQCUS0040,July,Food,Debit Card,93
ATQCUS0040,July,Food,Net Banking,251
ATQCUS0040,July,Entertainment,Credit Card,836
ATQCUS0040,July,Entertainment,UPI,347
ATQCUS0040,July,Entertainment,Debit Card,112
ATQCUS0040,July,Entertainment,Net Banking,247
ATQCUS0040,July,Apparel,Credit Card,236
ATQCUS0040,July,Apparel,UPI,231
ATQCUS0040,July,Apparel,Debit Card,108
ATQCUS0040,July,Apparel,Net Banking,223
ATQCUS0040,July,Others,Credit Card,558
ATQCUS0040,July,Others,UPI,453
ATQCUS0040,July,Others,Debit Card,110
ATQCUS0040,July,Others,Net Banking,133
ATQCUS0040,August,Bills,Credit Card,943
ATQCUS0040,August,Bills,UPI,402
ATQCUS0040,August,Bills,Debit Card,462
ATQCUS0040,August,Bills,Net Banking,345
ATQCUS0040,August,Groceries,Credit Card,375
ATQCUS0040,August,Groceries,UPI,560
ATQCUS0040,August,Groceries,Debit Card,131
ATQCUS0040,August,Groceries,Net Banking,515
ATQCUS0040,August,Electronics,Credit Card,408
ATQCUS0040,August,Electronics,UPI,945
ATQCUS0040,August,Electronics,Debit Card,362
ATQCUS0040,August,Electronics,Net Banking,117
ATQCUS0040,August,Health & Wellness,Credit Card,976
ATQCUS0040,August,Health & Wellness,UPI,223
ATQCUS0040,August,Health & Wellness,Debit Card,374
ATQCUS0040,August,Health & Wellness,Net Banking,213
ATQCUS0040,August,Travel,Credit Card,1318
ATQCUS0040,August,Travel,UPI,175
ATQCUS0040,August,Travel,Debit Card,161
ATQCUS0040,August,Travel,Net Banking,264
ATQCUS0040,August,Food,Credit Card,887
ATQCUS0040,August,Food,UPI,367
ATQCUS0040,August,Food,Debit Card,155
ATQCUS0040,August,Food,Net Banking,732
ATQCUS0040,August,Entertainment,Credit Card,551
ATQCUS0040,August,Entertainment,UPI,236
ATQCUS0040,August,Entertainment,Debit Card,210
ATQCUS0040,August,Entertainment,Net Banking,181
ATQCUS0040,August,Apparel,Credit Card,503
ATQCUS0040,August,Apparel,UPI,470
ATQCUS0040,August,Apparel,Debit Card,24
ATQCUS0040,August,Apparel,Net Banking,77
ATQCUS0040,August,Others,Credit Card,393
ATQCUS0040,August,Others,UPI,512
ATQCUS0040,August,Others,Debit Card,64
ATQCUS0040,August,Others,Net Banking,36
ATQCUS0040,September,Bills,Credit Card,1017
ATQCUS0040,September,Bills,UPI,293
ATQCUS0040,September,Bills,Debit Card,2296
ATQCUS0040,September,Bills,Net Banking,494
ATQCUS0040,September,Groceries,Credit Card,1581
ATQCUS0040,September,Groceries,UPI,763
ATQCUS0040,September,Groceries,Debit Card,306
ATQCUS0040,September,Groceries,Net Banking,259
ATQCUS0040,September,Electronics,Credit Card,454
ATQCUS0040,September,Electronics,UPI,404
ATQCUS0040,September,Electronics,Debit Card,444
ATQCUS0040,September,Electronics,Net Banking,255
ATQCUS0040,September,Health & Wellness,Credit Card,600
ATQCUS0040,September,Health & Wellness,UPI,95
ATQCUS0040,September,Health & Wellness,Debit Card,1457
ATQCUS0040,September,Health & Wellness,Net Banking,456
ATQCUS0040,September,Travel,Credit Card,1031
ATQCUS0040,September,Travel,UPI,216
ATQCUS0040,September,Travel,Debit Card,235
ATQCUS0040,September,Travel,Net Banking,324
ATQCUS0040,September,Food,Credit Card,615
ATQCUS0040,September,Food,UPI,362
ATQCUS0040,September,Food,Debit Card,561
ATQCUS0040,September,Food,Net Banking,425
ATQCUS0040,September,Entertainment,Credit Card,792
ATQCUS0040,September,Entertainment,UPI,364
ATQCUS0040,September,Entertainment,Debit Card,131
ATQCUS0040,September,Entertainment,Net Banking,63
ATQCUS0040,September,Apparel,Credit Card,390
ATQCUS0040,September,Apparel,UPI,152
ATQCUS0040,September,Apparel,Debit Card,361
ATQCUS0040,September,Apparel,Net Banking,40
ATQCUS0040,September,Others,Credit Card,432
ATQCUS0040,September,Others,UPI,440
ATQCUS0040,September,Others,Debit Card,130
ATQCUS0040,September,Others,Net Banking,62
ATQCUS0040,October,Bills,Credit Card,492
ATQCUS0040,October,Bills,UPI,495
ATQCUS0040,October,Bills,Debit Card,876
ATQCUS0040,October,Bills,Net Banking,128
ATQCUS0040,October,Groceries,Credit Card,1007
ATQCUS0040,October,Groceries,UPI,1018
ATQCUS0040,October,Groceries,Debit Card,231
ATQCUS0040,October,Groceries,Net Banking,69
ATQCUS0040,October,Electronics,Credit Card,490
ATQCUS0040,October,Electronics,UPI,175
ATQCUS0040,October,Electronics,Debit Card,117
ATQCUS0040,October,Electronics,Net Banking,166
ATQCUS0040,October,Health & Wellness,Credit Card,203
ATQCUS0040,October,Health & Wellness,UPI,77
ATQCUS0040,October,Health & Wellness,Debit Card,557
ATQCUS0040,October,Health & Wellness,Net Banking,212
ATQCUS0040,October,Travel,Credit Card,300
ATQCUS0040,October,Travel,UPI,114
ATQCUS0040,October,Travel,Debit Card,202
ATQCUS0040,October,Travel,Net Banking,431
ATQCUS0040,October,Food,Credit Card,396
ATQCUS0040,October,Food,UPI,224
ATQCUS0040,October,Food,Debit Card,155
ATQCUS0040,October,Food,Net Banking,123
ATQCUS0040,October,Entertainment,Credit Card,288
ATQCUS0040,October,Entertainment,UPI,424
ATQCUS0040,October,Entertainment,Debit Card,182
ATQCUS0040,October,Entertainment,Net Banking,37
ATQCUS0040,October,Apparel,Credit Card,375
ATQCUS0040,October,Apparel,UPI,231
ATQCUS0040,October,Apparel,Debit Card,303
ATQCUS0040,October,Apparel,Net Banking,73
ATQCUS0040,October,Others,Credit Card,187
ATQCUS0040,October,Others,UPI,403
ATQCUS0040,October,Others,Debit Card,97
ATQCUS0040,October,Others,Net Banking,105
ATQCUS0041,May,Bills,Credit Card,1406
ATQCUS0041,May,Bills,UPI,697
ATQCUS0041,May,Bills,Debit Card,665
ATQCUS0041,May,Bills,Net Banking,545
ATQCUS0041,May,Groceries,Credit Card,511
ATQCUS0041,May,Groceries,UPI,691
ATQCUS0041,May,Groceries,Debit Card,1134
ATQCUS0041,May,Groceries,Net Banking,438
ATQCUS0041,May,Electronics,Credit Card,1526
ATQCUS0041,May,Electronics,UPI,1004
ATQCUS0041,May,Electronics,Debit Card,1277
ATQCUS0041,May,Electronics,Net Banking,473
ATQCUS0041,May,Health & Wellness,Credit Card,1458
ATQCUS0041,May,Health & Wellness,UPI,380
ATQCUS0041,May,Health & Wellness,Debit Card,239
ATQCUS0041,May,Health & Wellness,Net Banking,492
ATQCUS0041,May,Travel,Credit Card,1604
ATQCUS0041,May,Travel,UPI,265
ATQCUS0041,May,Travel,Debit Card,906
ATQCUS0041,May,Travel,Net Banking,269
ATQCUS0041,May,Food,Credit Card,745
ATQCUS0041,May,Food,UPI,303
ATQCUS0041,May,Food,Debit Card,100
ATQCUS0041,May,Food,Net Banking,38
ATQCUS0041,May,Entertainment,Credit Card,559
ATQCUS0041,May,Entertainment,UPI,51
ATQCUS0041,May,Entertainment,Debit Card,488
ATQCUS0041,May,Entertainment,Net Banking,206
ATQCUS0041,May,Apparel,Credit Card,653
ATQCUS0041,May,Apparel,UPI,206
ATQCUS0041,May,Apparel,Debit Card,377
ATQCUS0041,May,Apparel,Net Banking,74
ATQCUS0041,May,Others,Credit Card,936
ATQCUS0041,May,Others,UPI,214
ATQCUS0041,May,Others,Debit Card,343
ATQCUS0041,May,Others,Net Banking,268
ATQCUS0041,June,Bills,Credit Card,351
ATQCUS0041,June,Bills,UPI,263
ATQCUS0041,June,Bills,Debit Card,624
ATQCUS0041,June,Bills,Net Banking,1634
ATQCUS0041,June,Groceries,Credit Card,540
ATQCUS0041,June,Groceries,UPI,1895
ATQCUS0041,June,Groceries,Debit Card,835
ATQCUS0041,June,Groceries,Net Banking,223
ATQCUS0041,June,Electronics,Credit Card,1338
ATQCUS0041,June,Electronics,UPI,852
ATQCUS0041,June,Electronics,Debit Card,536
ATQCUS0041,June,Electronics,Net Banking,324
ATQCUS0041,June,Health & Wellness,Credit Card,623
ATQCUS0041,June,Health & Wellness,UPI,534
ATQCUS0041,June,Health & Wellness,Debit Card,179
ATQCUS0041,June,Health & Wellness,Net Banking,317
ATQCUS0041,June,Travel,Credit Card,851
ATQCUS0041,June,Travel,UPI,570
ATQCUS0041,June,Travel,Debit Card,336
ATQCUS0041,June,Travel,Net Banking,330
ATQCUS0041,June,Food,Credit Card,312
ATQCUS0041,June,Food,UPI,169
ATQCUS0041,June,Food,Debit Card,193
ATQCUS0041,June,Food,Net Banking,163
ATQCUS0041,June,Entertainment,Credit Card,436
ATQCUS0041,June,Entertainment,UPI,135
ATQCUS0041,June,Entertainment,Debit Card,325
ATQCUS0041,June,Entertainment,Net Banking,105
ATQCUS0041,June,Apparel,Credit Card,821
ATQCUS0041,June,Apparel,UPI,371
ATQCUS0041,June,Apparel,Debit Card,334
ATQCUS0041,June,Apparel,Net Banking,446
ATQCUS0041,June,Others,Credit Card,189
ATQCUS0041,June,Others,UPI,353
ATQCUS0041,June,Others,Debit Card,55
ATQCUS0041,June,Others,Net Banking,80
ATQCUS0041,July,Bills,Credit Card,955
ATQCUS0041,July,Bills,UPI,1643
ATQCUS0041,July,Bills,Debit Card,226
ATQCUS0041,July,Bills,Net Banking,316
ATQCUS0041,July,Groceries,Credit Card,2370
ATQCUS0041,July,Groceries,UPI,617
ATQCUS0041,July,Groceries,Debit Card,800
ATQCUS0041,July,Groceries,Net Banking,654
ATQCUS0041,July,Electronics,Credit Card,777
ATQCUS0041,July,Electronics,UPI,261
ATQCUS0041,July,Electronics,Debit Card,305
ATQCUS0041,July,Electronics,Net Banking,474
ATQCUS0041,July,Health & Wellness,Credit Card,494
ATQCUS0041,July,Health & Wellness,UPI,96
ATQCUS0041,July,Health & Wellness,Debit Card,280
ATQCUS0041,July,Health & Wellness,Net Banking,179
ATQCUS0041,July,Travel,Credit Card,889
ATQCUS0041,July,Travel,UPI,598
ATQCUS0041,July,Travel,Debit Card,726
ATQCUS0041,July,Travel,Net Banking,291
ATQCUS0041,July,Food,Credit Card,372
ATQCUS0041,July,Food,UPI,283
ATQCUS0041,July,Food,Debit Card,338
ATQCUS0041,July,Food,Net Banking,129
ATQCUS0041,July,Entertainment,Credit Card,696
ATQCUS0041,July,Entertainment,UPI,281
ATQCUS0041,July,Entertainment,Debit Card,317
ATQCUS0041,July,Entertainment,Net Banking,287
ATQCUS0041,July,Apparel,Credit Card,518
ATQCUS0041,July,Apparel,UPI,522
ATQCUS0041,July,Apparel,Debit Card,751
ATQCUS0041,July,Apparel,Net Banking,174
ATQCUS0041,July,Others,Credit Card,298
ATQCUS0041,July,Others,UPI,153
ATQCUS0041,July,Others,Debit Card,233
ATQCUS0041,July,Others,Net Banking,260
ATQCUS0041,August,Bills,Credit Card,396
ATQCUS0041,August,Bills,UPI,1901
ATQCUS0041,August,Bills,Debit Card,254
ATQCUS0041,August,Bills,Net Banking,268
ATQCUS0041,August,Groceries,Credit Card,965
ATQCUS0041,August,Groceries,UPI,1241
ATQCUS0041,August,Groceries,Debit Card,1023
ATQCUS0041,August,Groceries,Net Banking,702
ATQCUS0041,August,Electronics,Credit Card,518
ATQCUS0041,August,Electronics,UPI,1150
ATQCUS0041,August,Electronics,Debit Card,800
ATQCUS0041,August,Electronics,Net Banking,521
ATQCUS0041,August,Health & Wellness,Credit Card,94
ATQCUS0041,August,Health & Wellness,UPI,572
ATQCUS0041,August,Health & Wellness,Debit Card,290
ATQCUS0041,August,Health & Wellness,Net Banking,159
ATQCUS0041,August,Travel,Credit Card,153
ATQCUS0041,August,Travel,UPI,371
ATQCUS0041,August,Travel,Debit Card,187
ATQCUS0041,August,Travel,Net Banking,235
ATQCUS0041,August,Food,Credit Card,541
ATQCUS0041,August,Food,UPI,526
ATQCUS0041,August,Food,Debit Card,279
ATQCUS0041,August,Food,Net Banking,45
ATQCUS0041,August,Entertainment,Credit Card,517
ATQCUS0041,August,Entertainment,UPI,562
ATQCUS0041,August,Entertainment,Debit Card,135
ATQCUS0041,August,Entertainment,Net Banking,226
ATQCUS0041,August,Apparel,Credit Card,369
ATQCUS0041,August,Apparel,UPI,38
ATQCUS0041,August,Apparel,Debit Card,88
ATQCUS0041,August,Apparel,Net Banking,158
ATQCUS0041,August,Others,Credit Card,103
ATQCUS0041,August,Others,UPI,293
ATQCUS0041,August,Others,Debit Card,302
ATQCUS0041,August,Others,Net Banking,105
ATQCUS0041,September,Bills,Credit Card,1183
ATQCUS0041,September,Bills,UPI,714
ATQCUS0041,September,Bills,Debit Card,173
ATQCUS0041,September,Bills,Net Banking,213
ATQCUS0041,September,Groceries,Credit Card,1538
ATQCUS0041,September,Groceries,UPI,229
ATQCUS0041,September,Groceries,Debit Card,61
ATQCUS0041,September,Groceries,Net Banking,577
ATQCUS0041,September,Electronics,Credit Card,861
ATQCUS0041,September,Electronics,UPI,459
ATQCUS0041,September,Electronics,Debit Card,110
ATQCUS0041,September,Electronics,Net Banking,600
ATQCUS0041,September,Health & Wellness,Credit Card,221
ATQCUS0041,September,Health & Wellness,UPI,1118
ATQCUS0041,September,Health & Wellness,Debit Card,247
ATQCUS0041,September,Health & Wellness,Net Banking,110
ATQCUS0041,September,Travel,Credit Card,719
ATQCUS0041,September,Travel,UPI,267
ATQCUS0041,September,Travel,Debit Card,460
ATQCUS0041,September,Travel,Net Banking,60
ATQCUS0041,September,Food,Credit Card,1205
ATQCUS0041,September,Food,UPI,670
ATQCUS0041,September,Food,Debit Card,273
ATQCUS0041,September,Food,Net Banking,111
ATQCUS0041,September,Entertainment,Credit Card,327
ATQCUS0041,September,Entertainment,UPI,372
ATQCUS0041,September,Entertainment,Debit Card,555
ATQCUS0041,September,Entertainment,Net Banking,286
ATQCUS0041,September,Apparel,Credit Card,917
ATQCUS0041,September,Apparel,UPI,132
ATQCUS0041,September,Apparel,Debit Card,400
ATQCUS0041,September,Apparel,Net Banking,76
ATQCUS0041,September,Others,Credit Card,363
ATQCUS0041,September,Others,UPI,197
ATQCUS0041,September,Others,Debit Card,186
ATQCUS0041,September,Others,Net Banking,79
ATQCUS0041,October,Bills,Credit Card,1178
ATQCUS0041,October,Bills,UPI,1499
ATQCUS0041,October,Bills,Debit Card,398
ATQCUS0041,October,Bills,Net Banking,459
ATQCUS0041,October,Groceries,Credit Card,229
ATQCUS0041,October,Groceries,UPI,357
ATQCUS0041,October,Groceries,Debit Card,634
ATQCUS0041,October,Groceries,Net Banking,937
ATQCUS0041,October,Electronics,Credit Card,440
ATQCUS0041,October,Electronics,UPI,1904
ATQCUS0041,October,Electronics,Debit Card,124
ATQCUS0041,October,Electronics,Net Banking,103
ATQCUS0041,October,Health & Wellness,Credit Card,1644
ATQCUS0041,October,Health & Wellness,UPI,444
ATQCUS0041,October,Health & Wellness,Debit Card,260
ATQCUS0041,October,Health & Wellness,Net Banking,507
ATQCUS0041,October,Travel,Credit Card,604
ATQCUS0041,October,Travel,UPI,241
ATQCUS0041,October,Travel,Debit Card,167
ATQCUS0041,October,Travel,Net Banking,267
ATQCUS0041,October,Food,Credit Card,710
ATQCUS0041,October,Food,UPI,81
ATQCUS0041,October,Food,Debit Card,465
ATQCUS0041,October,Food,Net Banking,57
ATQCUS0041,October,Entertainment,Credit Card,508
ATQCUS0041,October,Entertainment,UPI,66
ATQCUS0041,October,Entertainment,Debit Card,218
ATQCUS0041,October,Entertainment,Net Banking,383
ATQCUS0041,October,Apparel,Credit Card,568
ATQCUS0041,October,Apparel,UPI,893
ATQCUS0041,October,Apparel,Debit Card,387
ATQCUS0041,October,Apparel,Net Banking,160
ATQCUS0041,October,Others,Credit Card,356
ATQCUS0041,October,Others,UPI,399
ATQCUS0041,October,Others,Debit Card,53
ATQCUS0041,October,Others,Net Banking,97
ATQCUS0042,May,Bills,Credit Card,5664
ATQCUS0042,May,Bills,UPI,1459
ATQCUS0042,May,Bills,Debit Card,237
ATQCUS0042,May,Bills,Net Banking,1254
ATQCUS0042,May,Groceries,Credit Card,1238
ATQCUS0042,May,Groceries,UPI,390
ATQCUS0042,May,Groceries,Debit Card,1325
ATQCUS0042,May,Groceries,Net Banking,117
ATQCUS0042,May,Electronics,Credit Card,381
ATQCUS0042,May,Electronics,UPI,2985
ATQCUS0042,May,Electronics,Debit Card,1344
ATQCUS0042,May,Electronics,Net Banking,388
ATQCUS0042,May,Health & Wellness,Credit Card,508
ATQCUS0042,May,Health & Wellness,UPI,300
ATQCUS0042,May,Health & Wellness,Debit Card,216
ATQCUS0042,May,Health & Wellness,Net Banking,565
ATQCUS0042,May,Travel,Credit Card,613
ATQCUS0042,May,Travel,UPI,380
ATQCUS0042,May,Travel,Debit Card,590
ATQCUS0042,May,Travel,Net Banking,830
ATQCUS0042,May,Food,Credit Card,230
ATQCUS0042,May,Food,UPI,1382
ATQCUS0042,May,Food,Debit Card,750
ATQCUS0042,May,Food,Net Banking,396
ATQCUS0042,May,Entertainment,Credit Card,90
ATQCUS0042,May,Entertainment,UPI,102
ATQCUS0042,May,Entertainment,Debit Card,804
ATQCUS0042,May,Entertainment,Net Banking,279
ATQCUS0042,May,Apparel,Credit Card,1020
ATQCUS0042,May,Apparel,UPI,238
ATQCUS0042,May,Apparel,Debit Card,237
ATQCUS0042,May,Apparel,Net Banking,381
ATQCUS0042,May,Others,Credit Card,318
ATQCUS0042,May,Others,UPI,463
ATQCUS0042,May,Others,Debit Card,194
ATQCUS0042,May,Others,Net Banking,98
ATQCUS0042,June,Bills,Credit Card,1728
ATQCUS0042,June,Bills,UPI,2234
ATQCUS0042,June,Bills,Debit Card,1305
ATQCUS0042,June,Bills,Net Banking,1185
ATQCUS0042,June,Groceries,Credit Card,866
ATQCUS0042,June,Groceries,UPI,407
ATQCUS0042,June,Groceries,Debit Card,450
ATQCUS0042,June,Groceries,Net Banking,605
ATQCUS0042,June,Electronics,Credit Card,293
ATQCUS0042,June,Electronics,UPI,926
ATQCUS0042,June,Electronics,Debit Card,1186
ATQCUS0042,June,Electronics,Net Banking,200
ATQCUS0042,June,Health & Wellness,Credit Card,1809
ATQCUS0042,June,Health & Wellness,UPI,240
ATQCUS0042,June,Health & Wellness,Debit Card,1589
ATQCUS0042,June,Health & Wellness,Net Banking,340
ATQCUS0042,June,Travel,Credit Card,1676
ATQCUS0042,June,Travel,UPI,710
ATQCUS0042,June,Travel,Debit Card,390
ATQCUS0042,June,Travel,Net Banking,330
ATQCUS0042,June,Food,Credit Card,332
ATQCUS0042,June,Food,UPI,811
ATQCUS0042,June,Food,Debit Card,641
ATQCUS0042,June,Food,Net Banking,104
ATQCUS0042,June,Entertainment,Credit Card,208
ATQCUS0042,June,Entertainment,UPI,1690
ATQCUS0042,June,Entertainment,Debit Card,276
ATQCUS0042,June,Entertainment,Net Banking,427
ATQCUS0042,June,Apparel,Credit Card,775
ATQCUS0042,June,Apparel,UPI,1061
ATQCUS0042,June,Apparel,Debit Card,415
ATQCUS0042,June,Apparel,Net Banking,628
ATQCUS0042,June,Others,Credit Card,282
ATQCUS0042,June,Others,UPI,538
ATQCUS0042,June,Others,Debit Card,363
ATQCUS0042,June,Others,Net Banking,149
ATQCUS0042,July,Bills,Credit Card,2603
ATQCUS0042,July,Bills,UPI,362
ATQCUS0042,July,Bills,Debit Card,1811
ATQCUS0042,July,Bills,Net Banking,163
ATQCUS0042,July,Groceries,Credit Card,3044
ATQCUS0042,July,Groceries,UPI,548
ATQCUS0042,July,Groceries,Debit Card,1201
ATQCUS0042,July,Groceries,Net Banking,165
ATQCUS0042,July,Electronics,Credit Card,639
ATQCUS0042,July,Electronics,UPI,352
ATQCUS0042,July,Electronics,Debit Card,525
ATQCUS0042,July,Electronics,Net Banking,138
ATQCUS0042,July,Health & Wellness,Credit Card,429
ATQCUS0042,July,Health & Wellness,UPI,1067
ATQCUS0042,July,Health & Wellness,Debit Card,171
ATQCUS0042,July,Health & Wellness,Net Banking,592
ATQCUS0042,July,Travel,Credit Card,1721
ATQCUS0042,July,Travel,UPI,250
ATQCUS0042,July,Travel,Debit Card,99
ATQCUS0042,July,Travel,Net Banking,111
ATQCUS0042,July,Food,Credit Card,1346
ATQCUS0042,July,Food,UPI,1159
ATQCUS0042,July,Food,Debit Card,382
ATQCUS0042,July,Food,Net Banking,44
ATQCUS0042,July,Entertainment,Credit Card,316
ATQCUS0042,July,Entertainment,UPI,407
ATQCUS0042,July,Entertainment,Debit Card,416
ATQCUS0042,July,Entertainment,Net Banking,160
ATQCUS0042,July,Apparel,Credit Card,186
ATQCUS0042,July,Apparel,UPI,687
ATQCUS0042,July,Apparel,Debit Card,571
ATQCUS0042,July,Apparel,Net Banking,654
ATQCUS0042,July,Others,Credit Card,224
ATQCUS0042,July,Others,UPI,220
ATQCUS0042,July,Others,Debit Card,39
ATQCUS0042,July,Others,Net Banking,497
ATQCUS0042,August,Bills,Credit Card,3073
ATQCUS0042,August,Bills,UPI,1395
ATQCUS0042,August,Bills,Debit Card,678
ATQCUS0042,August,Bills,Net Banking,1161
ATQCUS0042,August,Groceries,Credit Card,704
ATQCUS0042,August,Groceries,UPI,627
ATQCUS0042,August,Groceries,Debit Card,489
ATQCUS0042,August,Groceries,Net Banking,564
ATQCUS0042,August,Electronics,Credit Card,1487
ATQCUS0042,August,Electronics,UPI,1029
ATQCUS0042,August,Electronics,Debit Card,1029
ATQCUS0042,August,Electronics,Net Banking,373
ATQCUS0042,August,Health & Wellness,Credit Card,706
ATQCUS0042,August,Health & Wellness,UPI,249
ATQCUS0042,August,Health & Wellness,Debit Card,471
ATQCUS0042,August,Health & Wellness,Net Banking,515
ATQCUS0042,August,Travel,Credit Card,1610
ATQCUS0042,August,Travel,UPI,1284
ATQCUS0042,August,Travel,Debit Card,436
ATQCUS0042,August,Travel,Net Banking,258
ATQCUS0042,August,Food,Credit Card,695
ATQCUS0042,August,Food,UPI,481
ATQCUS0042,August,Food,Debit Card,153
ATQCUS0042,August,Food,Net Banking,80
ATQCUS0042,August,Entertainment,Credit Card,455
ATQCUS0042,August,Entertainment,UPI,161
ATQCUS0042,August,Entertainment,Debit Card,189
ATQCUS0042,August,Entertainment,Net Banking,274
ATQCUS0042,August,Apparel,Credit Card,156
ATQCUS0042,August,Apparel,UPI,250
ATQCUS0042,August,Apparel,Debit Card,843
ATQCUS0042,August,Apparel,Net Banking,301
ATQCUS0042,August,Others,Credit Card,749
ATQCUS0042,August,Others,UPI,274
ATQCUS0042,August,Others,Debit Card,81
ATQCUS0042,August,Others,Net Banking,255
ATQCUS0042,September,Bills,Credit Card,446
ATQCUS0042,September,Bills,UPI,1185
ATQCUS0042,September,Bills,Debit Card,1003
ATQCUS0042,September,Bills,Net Banking,554
ATQCUS0042,September,Groceries,Credit Card,1565
ATQCUS0042,September,Groceries,UPI,516
ATQCUS0042,September,Groceries,Debit Card,1074
ATQCUS0042,September,Groceries,Net Banking,650
ATQCUS0042,September,Electronics,Credit Card,1388
ATQCUS0042,September,Electronics,UPI,2235
ATQCUS0042,September,Electronics,Debit Card,857
ATQCUS0042,September,Electronics,Net Banking,328
ATQCUS0042,September,Health & Wellness,Credit Card,579
ATQCUS0042,September,Health & Wellness,UPI,1484
ATQCUS0042,September,Health & Wellness,Debit Card,376
ATQCUS0042,September,Health & Wellness,Net Banking,102
ATQCUS0042,September,Travel,Credit Card,400
ATQCUS0042,September,Travel,UPI,272
ATQCUS0042,September,Travel,Debit Card,473
ATQCUS0042,September,Travel,Net Banking,507
ATQCUS0042,September,Food,Credit Card,1751
ATQCUS0042,September,Food,UPI,752
ATQCUS0042,September,Food,Debit Card,739
ATQCUS0042,September,Food,Net Banking,143
ATQCUS0042,September,Entertainment,Credit Card,1233
ATQCUS0042,September,Entertainment,UPI,319
ATQCUS0042,September,Entertainment,Debit Card,447
ATQCUS0042,September,Entertainment,Net Banking,68
ATQCUS0042,September,Apparel,Credit Card,246
ATQCUS0042,September,Apparel,UPI,233
ATQCUS0042,September,Apparel,Debit Card,632
ATQCUS0042,September,Apparel,Net Banking,176
ATQCUS0042,September,Others,Credit Card,579
ATQCUS0042,September,Others,UPI,329
ATQCUS0042,September,Others,Debit Card,381
ATQCUS0042,September,Others,Net Banking,59
ATQCUS0042,October,Bills,Credit Card,3655
ATQCUS0042,October,Bills,UPI,2056
ATQCUS0042,October,Bills,Debit Card,607
ATQCUS0042,October,Bills,Net Banking,281
ATQCUS0042,October,Groceries,Credit Card,830
ATQCUS0042,October,Groceries,UPI,1271
ATQCUS0042,October,Groceries,Debit Card,294
ATQCUS0042,October,Groceries,Net Banking,734
ATQCUS0042,October,Electronics,Credit Card,992
ATQCUS0042,October,Electronics,UPI,352
ATQCUS0042,October,Electronics,Debit Card,377
ATQCUS0042,October,Electronics,Net Banking,277
ATQCUS0042,October,Health & Wellness,Credit Card,1389
ATQCUS0042,October,Health & Wellness,UPI,1578
ATQCUS0042,October,Health & Wellness,Debit Card,312
ATQCUS0042,October,Health & Wellness,Net Banking,395
ATQCUS0042,October,Travel,Credit Card,1594
ATQCUS0042,October,Travel,UPI,760
ATQCUS0042,October,Travel,Debit Card,529
ATQCUS0042,October,Travel,Net Banking,297
ATQCUS0042,October,Food,Credit Card,648
ATQCUS0042,October,Food,UPI,323
ATQCUS0042,October,Food,Debit Card,88
ATQCUS0042,October,Food,Net Banking,225
ATQCUS0042,October,Entertainment,Credit Card,503
ATQCUS0042,October,Entertainment,UPI,510
ATQCUS0042,October,Entertainment,Debit Card,218
ATQCUS0042,October,Entertainment,Net Banking,513
ATQCUS0042,October,Apparel,Credit Card,693
ATQCUS0042,October,Apparel,UPI,800
ATQCUS0042,October,Apparel,Debit Card,261
ATQCUS0042,October,Apparel,Net Banking,116
ATQCUS0042,October,Others,Credit Card,299
ATQCUS0042,October,Others,UPI,603
ATQCUS0042,October,Others,Debit Card,250
ATQCUS0042,October,Others,Net Banking,422
ATQCUS0043,May,Bills,Credit Card,441
ATQCUS0043,May,Bills,UPI,108
ATQCUS0043,May,Bills,Debit Card,389
ATQCUS0043,May,Bills,Net Banking,147
ATQCUS0043,May,Groceries,Credit Card,997
ATQCUS0043,May,Groceries,UPI,1010
ATQCUS0043,May,Groceries,Debit Card,274
ATQCUS0043,May,Groceries,Net Banking,138
ATQCUS0043,May,Electronics,Credit Card,1144
ATQCUS0043,May,Electronics,UPI,372
ATQCUS0043,May,Electronics,Debit Card,345
ATQCUS0043,May,Electronics,Net Banking,140
ATQCUS0043,May,Health & Wellness,Credit Card,260
ATQCUS0043,May,Health & Wellness,UPI,455
ATQCUS0043,May,Health & Wellness,Debit Card,60
ATQCUS0043,May,Health & Wellness,Net Banking,47
ATQCUS0043,May,Travel,Credit Card,446
ATQCUS0043,May,Travel,UPI,304
ATQCUS0043,May,Travel,Debit Card,291
ATQCUS0043,May,Travel,Net Banking,62
ATQCUS0043,May,Food,Credit Card,116
ATQCUS0043,May,Food,UPI,169
ATQCUS0043,May,Food,Debit Card,157
ATQCUS0043,May,Food,Net Banking,134
ATQCUS0043,May,Entertainment,Credit Card,561
ATQCUS0043,May,Entertainment,UPI,919
ATQCUS0043,May,Entertainment,Debit Card,503
ATQCUS0043,May,Entertainment,Net Banking,93
ATQCUS0043,May,Apparel,Credit Card,882
ATQCUS0043,May,Apparel,UPI,277
ATQCUS0043,May,Apparel,Debit Card,74
ATQCUS0043,May,Apparel,Net Banking,105
ATQCUS0043,May,Others,Credit Card,184
ATQCUS0043,May,Others,UPI,253
ATQCUS0043,May,Others,Debit Card,80
ATQCUS0043,May,Others,Net Banking,46
ATQCUS0043,June,Bills,Credit Card,1829
ATQCUS0043,June,Bills,UPI,176
ATQCUS0043,June,Bills,Debit Card,200
ATQCUS0043,June,Bills,Net Banking,387
ATQCUS0043,June,Groceries,Credit Card,777
ATQCUS0043,June,Groceries,UPI,565
ATQCUS0043,June,Groceries,Debit Card,682
ATQCUS0043,June,Groceries,Net Banking,130
ATQCUS0043,June,Electronics,Credit Card,291
ATQCUS0043,June,Electronics,UPI,812
ATQCUS0043,June,Electronics,Debit Card,390
ATQCUS0043,June,Electronics,Net Banking,216
ATQCUS0043,June,Health & Wellness,Credit Card,225
ATQCUS0043,June,Health & Wellness,UPI,249
ATQCUS0043,June,Health & Wellness,Debit Card,226
ATQCUS0043,June,Health & Wellness,Net Banking,208
ATQCUS0043,June,Travel,Credit Card,237
ATQCUS0043,June,Travel,UPI,139
ATQCUS0043,June,Travel,Debit Card,567
ATQCUS0043,June,Travel,Net Banking,45
ATQCUS0043,June,Food,Credit Card,240
ATQCUS0043,June,Food,UPI,101
ATQCUS0043,June,Food,Debit Card,230
ATQCUS0043,June,Food,Net Banking,120
ATQCUS0043,June,Entertainment,Credit Card,253
ATQCUS0043,June,Entertainment,UPI,135
ATQCUS0043,June,Entertainment,Debit Card,127
ATQCUS0043,June,Entertainment,Net Banking,127
ATQCUS0043,June,Apparel,Credit Card,146
ATQCUS0043,June,Apparel,UPI,800
ATQCUS0043,June,Apparel,Debit Card,50
ATQCUS0043,June,Apparel,Net Banking,130
ATQCUS0043,June,Others,Credit Card,110
ATQCUS0043,June,Others,UPI,101
ATQCUS0043,June,Others,Debit Card,260
ATQCUS0043,June,Others,Net Banking,49
ATQCUS0043,July,Bills,Credit Card,1051
ATQCUS0043,July,Bills,UPI,160
ATQCUS0043,July,Bills,Debit Card,335
ATQCUS0043,July,Bills,Net Banking,756
ATQCUS0043,July,Groceries,Credit Card,504
ATQCUS0043,July,Groceries,UPI,1162
ATQCUS0043,July,Groceries,Debit Card,84
ATQCUS0043,July,Groceries,Net Banking,298
ATQCUS0043,July,Electronics,Credit Card,583
ATQCUS0043,July,Electronics,UPI,747
ATQCUS0043,July,Electronics,Debit Card,366
ATQCUS0043,July,Electronics,Net Banking,186
ATQCUS0043,July,Health & Wellness,Credit Card,692
ATQCUS0043,July,Health & Wellness,UPI,905
ATQCUS0043,July,Health & Wellness,Debit Card,231
ATQCUS0043,July,Health & Wellness,Net Banking,132
ATQCUS0043,July,Travel,Credit Card,214
ATQCUS0043,July,Travel,UPI,322
ATQCUS0043,July,Travel,Debit Card,171
ATQCUS0043,July,Travel,Net Banking,128
ATQCUS0043,July,Food,Credit Card,227
ATQCUS0043,July,Food,UPI,172
ATQCUS0043,July,Food,Debit Card,531
ATQCUS0043,July,Food,Net Banking,333
ATQCUS0043,July,Entertainment,Credit Card,281
ATQCUS0043,July,Entertainment,UPI,147
ATQCUS0043,July,Entertainment,Debit Card,99
ATQCUS0043,July,Entertainment,Net Banking,83
ATQCUS0043,July,Apparel,Credit Card,522
ATQCUS0043,July,Apparel,UPI,151
ATQCUS0043,July,Apparel,Debit Card,134
ATQCUS0043,July,Apparel,Net Banking,83
ATQCUS0043,July,Others,Credit Card,122
ATQCUS0043,July,Others,UPI,198
ATQCUS0043,July,Others,Debit Card,53
ATQCUS0043,July,Others,Net Banking,268
ATQCUS0043,August,Bills,Credit Card,949
ATQCUS0043,August,Bills,UPI,685
ATQCUS0043,August,Bills,Debit Card,180
ATQCUS0043,August,Bills,Net Banking,189
ATQCUS0043,August,Groceries,Credit Card,448
ATQCUS0043,August,Groceries,UPI,166
ATQCUS0043,August,Groceries,Debit Card,489
ATQCUS0043,August,Groceries,Net Banking,225
ATQCUS0043,August,Electronics,Credit Card,272
ATQCUS0043,August,Electronics,UPI,116
ATQCUS0043,August,Electronics,Debit Card,202
ATQCUS0043,August,Electronics,Net Banking,258
ATQCUS0043,August,Health & Wellness,Credit Card,515
ATQCUS0043,August,Health & Wellness,UPI,496
ATQCUS0043,August,Health & Wellness,Debit Card,65
ATQCUS0043,August,Health & Wellness,Net Banking,145
ATQCUS0043,August,Travel,Credit Card,485
ATQCUS0043,August,Travel,UPI,289
ATQCUS0043,August,Travel,Debit Card,302
ATQCUS0043,August,Travel,Net Banking,70
ATQCUS0043,August,Food,Credit Card,84
ATQCUS0043,August,Food,UPI,313
ATQCUS0043,August,Food,Debit Card,116
ATQCUS0043,August,Food,Net Banking,140
ATQCUS0043,August,Entertainment,Credit Card,354
ATQCUS0043,August,Entertainment,UPI,141
ATQCUS0043,August,Entertainment,Debit Card,243
ATQCUS0043,August,Entertainment,Net Banking,102
ATQCUS0043,August,Apparel,Credit Card,421
ATQCUS0043,August,Apparel,UPI,260
ATQCUS0043,August,Apparel,Debit Card,66
ATQCUS0043,August,Apparel,Net Banking,130
ATQCUS0043,August,Others,Credit Card,392
ATQCUS0043,August,Others,UPI,226
ATQCUS0043,August,Others,Debit Card,121
ATQCUS0043,August,Others,Net Banking,129
ATQCUS0043,September,Bills,Credit Card,672
ATQCUS0043,September,Bills,UPI,420
ATQCUS0043,September,Bills,Debit Card,170
ATQCUS0043,September,Bills,Net Banking,208
ATQCUS0043,September,Groceries,Credit Card,180
ATQCUS0043,September,Groceries,UPI,282
ATQCUS0043,September,Groceries,Debit Card,100
ATQCUS0043,September,Groceries,Net Banking,102
ATQCUS0043,September,Electronics,Credit Card,419
ATQCUS0043,September,Electronics,UPI,552
ATQCUS0043,September,Electronics,Debit Card,118
ATQCUS0043,September,Electronics,Net Banking,282
ATQCUS0043,September,Health & Wellness,Credit Card,545
ATQCUS0043,September,Health & Wellness,UPI,233
ATQCUS0043,September,Health & Wellness,Debit Card,320
ATQCUS0043,September,Health & Wellness,Net Banking,66
ATQCUS0043,September,Travel,Credit Card,338
ATQCUS0043,September,Travel,UPI,75
ATQCUS0043,September,Travel,Debit Card,345
ATQCUS0043,September,Travel,Net Banking,306
ATQCUS0043,September,Food,Credit Card,623
ATQCUS0043,September,Food,UPI,455
ATQCUS0043,September,Food,Debit Card,252
ATQCUS0043,September,Food,Net Banking,83
ATQCUS0043,September,Entertainment,Credit Card,407
ATQCUS0043,September,Entertainment,UPI,408
ATQCUS0043,September,Entertainment,Debit Card,123
ATQCUS0043,September,Entertainment,Net Banking,143
ATQCUS0043,September,Apparel,Credit Card,202
ATQCUS0043,September,Apparel,UPI,150
ATQCUS0043,September,Apparel,Debit Card,117
ATQCUS0043,September,Apparel,Net Banking,279
ATQCUS0043,September,Others,Credit Card,19
ATQCUS0043,September,Others,UPI,198
ATQCUS0043,September,Others,Debit Card,60
ATQCUS0043,September,Others,Net Banking,141
ATQCUS0043,October,Bills,Credit Card,265
ATQCUS0043,October,Bills,UPI,636
ATQCUS0043,October,Bills,Debit Card,472
ATQCUS0043,October,Bills,Net Banking,276
ATQCUS0043,October,Groceries,Credit Card,293
ATQCUS0043,October,Groceries,UPI,986
ATQCUS0043,October,Groceries,Debit Card,539
ATQCUS0043,October,Groceries,Net Banking,178
ATQCUS0043,October,Electronics,Credit Card,1156
ATQCUS0043,October,Electronics,UPI,635
ATQCUS0043,October,Electronics,Debit Card,157
ATQCUS0043,October,Electronics,Net Banking,386
ATQCUS0043,October,Health & Wellness,Credit Card,610
ATQCUS0043,October,Health & Wellness,UPI,838
ATQCUS0043,October,Health & Wellness,Debit Card,362
ATQCUS0043,October,Health & Wellness,Net Banking,160
ATQCUS0043,October,Travel,Credit Card,405
ATQCUS0043,October,Travel,UPI,264
ATQCUS0043,October,Travel,Debit Card,33
ATQCUS0043,October,Travel,Net Banking,108
ATQCUS0043,October,Food,Credit Card,609
ATQCUS0043,October,Food,UPI,28
ATQCUS0043,October,Food,Debit Card,181
ATQCUS0043,October,Food,Net Banking,184
ATQCUS0043,October,Entertainment,Credit Card,137
ATQCUS0043,October,Entertainment,UPI,187
ATQCUS0043,October,Entertainment,Debit Card,177
ATQCUS0043,October,Entertainment,Net Banking,80
ATQCUS0043,October,Apparel,Credit Card,185
ATQCUS0043,October,Apparel,UPI,409
ATQCUS0043,October,Apparel,Debit Card,261
ATQCUS0043,October,Apparel,Net Banking,68
ATQCUS0043,October,Others,Credit Card,158
ATQCUS0043,October,Others,UPI,252
ATQCUS0043,October,Others,Debit Card,113
ATQCUS0043,October,Others,Net Banking,74
ATQCUS0044,May,Bills,Credit Card,2201
ATQCUS0044,May,Bills,UPI,1953
ATQCUS0044,May,Bills,Debit Card,2744
ATQCUS0044,May,Bills,Net Banking,1343
ATQCUS0044,May,Groceries,Credit Card,441
ATQCUS0044,May,Groceries,UPI,1122
ATQCUS0044,May,Groceries,Debit Card,653
ATQCUS0044,May,Groceries,Net Banking,653
ATQCUS0044,May,Electronics,Credit Card,1700
ATQCUS0044,May,Electronics,UPI,197
ATQCUS0044,May,Electronics,Debit Card,145
ATQCUS0044,May,Electronics,Net Banking,204
ATQCUS0044,May,Health & Wellness,Credit Card,1964
ATQCUS0044,May,Health & Wellness,UPI,3709
ATQCUS0044,May,Health & Wellness,Debit Card,1395
ATQCUS0044,May,Health & Wellness,Net Banking,735
ATQCUS0044,May,Travel,Credit Card,396
ATQCUS0044,May,Travel,UPI,2463
ATQCUS0044,May,Travel,Debit Card,153
ATQCUS0044,May,Travel,Net Banking,783
ATQCUS0044,May,Food,Credit Card,190
ATQCUS0044,May,Food,UPI,224
ATQCUS0044,May,Food,Debit Card,555
ATQCUS0044,May,Food,Net Banking,334
ATQCUS0044,May,Entertainment,Credit Card,1440
ATQCUS0044,May,Entertainment,UPI,542
ATQCUS0044,May,Entertainment,Debit Card,539
ATQCUS0044,May,Entertainment,Net Banking,155
ATQCUS0044,May,Apparel,Credit Card,794
ATQCUS0044,May,Apparel,UPI,302
ATQCUS0044,May,Apparel,Debit Card,440
ATQCUS0044,May,Apparel,Net Banking,369
ATQCUS0044,May,Others,Credit Card,543
ATQCUS0044,May,Others,UPI,488
ATQCUS0044,May,Others,Debit Card,207
ATQCUS0044,May,Others,Net Banking,285
ATQCUS0044,June,Bills,Credit Card,1279
ATQCUS0044,June,Bills,UPI,3680
ATQCUS0044,June,Bills,Debit Card,325
ATQCUS0044,June,Bills,Net Banking,557
ATQCUS0044,June,Groceries,Credit Card,3117
ATQCUS0044,June,Groceries,UPI,813
ATQCUS0044,June,Groceries,Debit Card,2117
ATQCUS0044,June,Groceries,Net Banking,988
ATQCUS0044,June,Electronics,Credit Card,1908
ATQCUS0044,June,Electronics,UPI,1327
ATQCUS0044,June,Electronics,Debit Card,412
ATQCUS0044,June,Electronics,Net Banking,468
ATQCUS0044,June,Health & Wellness,Credit Card,1091
ATQCUS0044,June,Health & Wellness,UPI,1393
ATQCUS0044,June,Health & Wellness,Debit Card,395
ATQCUS0044,June,Health & Wellness,Net Banking,187
ATQCUS0044,June,Travel,Credit Card,2053
ATQCUS0044,June,Travel,UPI,728
ATQCUS0044,June,Travel,Debit Card,157
ATQCUS0044,June,Travel,Net Banking,281
ATQCUS0044,June,Food,Credit Card,995
ATQCUS0044,June,Food,UPI,694
ATQCUS0044,June,Food,Debit Card,603
ATQCUS0044,June,Food,Net Banking,421
ATQCUS0044,June,Entertainment,Credit Card,1726
ATQCUS0044,June,Entertainment,UPI,777
ATQCUS0044,June,Entertainment,Debit Card,759
ATQCUS0044,June,Entertainment,Net Banking,173
ATQCUS0044,June,Apparel,Credit Card,1148
ATQCUS0044,June,Apparel,UPI,770
ATQCUS0044,June,Apparel,Debit Card,151
ATQCUS0044,June,Apparel,Net Banking,84
ATQCUS0044,June,Others,Credit Card,262
ATQCUS0044,June,Others,UPI,550
ATQCUS0044,June,Others,Debit Card,133
ATQCUS0044,June,Others,Net Banking,434
ATQCUS0044,July,Bills,Credit Card,1163
ATQCUS0044,July,Bills,UPI,597
ATQCUS0044,July,Bills,Debit Card,349
ATQCUS0044,July,Bills,Net Banking,887
ATQCUS0044,July,Groceries,Credit Card,703
ATQCUS0044,July,Groceries,UPI,695
ATQCUS0044,July,Groceries,Debit Card,562
ATQCUS0044,July,Groceries,Net Banking,443
ATQCUS0044,July,Electronics,Credit Card,1780
ATQCUS0044,July,Electronics,UPI,2223
ATQCUS0044,July,Electronics,Debit Card,1671
ATQCUS0044,July,Electronics,Net Banking,341
ATQCUS0044,July,Health & Wellness,Credit Card,947
ATQCUS0044,July,Health & Wellness,UPI,1543
ATQCUS0044,July,Health & Wellness,Debit Card,424
ATQCUS0044,July,Health & Wellness,Net Banking,563
ATQCUS0044,July,Travel,Credit Card,341
ATQCUS0044,July,Travel,UPI,229
ATQCUS0044,July,Travel,Debit Card,410
ATQCUS0044,July,Travel,Net Banking,110
ATQCUS0044,July,Food,Credit Card,365
ATQCUS0044,July,Food,UPI,226
ATQCUS0044,July,Food,Debit Card,100
ATQCUS0044,July,Food,Net Banking,93
ATQCUS0044,July,Entertainment,Credit Card,724
ATQCUS0044,July,Entertainment,UPI,507
ATQCUS0044,July,Entertainment,Debit Card,385
ATQCUS0044,July,Entertainment,Net Banking,151
ATQCUS0044,July,Apparel,Credit Card,627
ATQCUS0044,July,Apparel,UPI,181
ATQCUS0044,July,Apparel,Debit Card,407
ATQCUS0044,July,Apparel,Net Banking,179
ATQCUS0044,July,Others,Credit Card,672
ATQCUS0044,July,Others,UPI,214
ATQCUS0044,July,Others,Debit Card,132
ATQCUS0044,July,Others,Net Banking,185
ATQCUS0044,August,Bills,Credit Card,2073
ATQCUS0044,August,Bills,UPI,2884
ATQCUS0044,August,Bills,Debit Card,476
ATQCUS0044,August,Bills,Net Banking,369
ATQCUS0044,August,Groceries,Credit Card,3385
ATQCUS0044,August,Groceries,UPI,1265
ATQCUS0044,August,Groceries,Debit Card,148
ATQCUS0044,August,Groceries,Net Banking,1010
ATQCUS0044,August,Electronics,Credit Card,1486
ATQCUS0044,August,Electronics,UPI,1527
ATQCUS0044,August,Electronics,Debit Card,1157
ATQCUS0044,August,Electronics,Net Banking,1210
ATQCUS0044,August,Health & Wellness,Credit Card,1919
ATQCUS0044,August,Health & Wellness,UPI,595
ATQCUS0044,August,Health & Wellness,Debit Card,1351
ATQCUS0044,August,Health & Wellness,Net Banking,774
ATQCUS0044,August,Travel,Credit Card,1028
ATQCUS0044,August,Travel,UPI,477
ATQCUS0044,August,Travel,Debit Card,154
ATQCUS0044,August,Travel,Net Banking,388
ATQCUS0044,August,Food,Credit Card,3019
ATQCUS0044,August,Food,UPI,806
ATQCUS0044,August,Food,Debit Card,391
ATQCUS0044,August,Food,Net Banking,267
ATQCUS0044,August,Entertainment,Credit Card,510
ATQCUS0044,August,Entertainment,UPI,254
ATQCUS0044,August,Entertainment,Debit Card,325
ATQCUS0044,August,Entertainment,Net Banking,255
ATQCUS0044,August,Apparel,Credit Card,241
ATQCUS0044,August,Apparel,UPI,175
ATQCUS0044,August,Apparel,Debit Card,166
ATQCUS0044,August,Apparel,Net Banking,179
ATQCUS0044,August,Others,Credit Card,444
ATQCUS0044,August,Others,UPI,519
ATQCUS0044,August,Others,Debit Card,265
ATQCUS0044,August,Others,Net Banking,142
ATQCUS0044,September,Bills,Credit Card,6670
ATQCUS0044,September,Bills,UPI,1939
ATQCUS0044,September,Bills,Debit Card,920
ATQCUS0044,September,Bills,Net Banking,228
ATQCUS0044,September,Groceries,Credit Card,1920
ATQCUS0044,September,Groceries,UPI,1682
ATQCUS0044,September,Groceries,Debit Card,265
ATQCUS0044,September,Groceries,Net Banking,174
ATQCUS0044,September,Electronics,Credit Card,1336
ATQCUS0044,September,Electronics,UPI,695
ATQCUS0044,September,Electronics,Debit Card,627
ATQCUS0044,September,Electronics,Net Banking,328
ATQCUS0044,September,Health & Wellness,Credit Card,2006
ATQCUS0044,September,Health & Wellness,UPI,528
ATQCUS0044,September,Health & Wellness,Debit Card,538
ATQCUS0044,September,Health & Wellness,Net Banking,179
ATQCUS0044,September,Travel,Credit Card,2731
ATQCUS0044,September,Travel,UPI,765
ATQCUS0044,September,Travel,Debit Card,921
ATQCUS0044,September,Travel,Net Banking,739
ATQCUS0044,September,Food,Credit Card,1050
ATQCUS0044,September,Food,UPI,1066
ATQCUS0044,September,Food,Debit Card,174
ATQCUS0044,September,Food,Net Banking,708
ATQCUS0044,September,Entertainment,Credit Card,135
ATQCUS0044,September,Entertainment,UPI,448
ATQCUS0044,September,Entertainment,Debit Card,295
ATQCUS0044,September,Entertainment,Net Banking,170
ATQCUS0044,September,Apparel,Credit Card,1006
ATQCUS0044,September,Apparel,UPI,484
ATQCUS0044,September,Apparel,Debit Card,1000
ATQCUS0044,September,Apparel,Net Banking,33
ATQCUS0044,September,Others,Credit Card,455
ATQCUS0044,September,Others,UPI,307
ATQCUS0044,September,Others,Debit Card,415
ATQCUS0044,September,Others,Net Banking,251
ATQCUS0044,October,Bills,Credit Card,5654
ATQCUS0044,October,Bills,UPI,1856
ATQCUS0044,October,Bills,Debit Card,237
ATQCUS0044,October,Bills,Net Banking,162
ATQCUS0044,October,Groceries,Credit Card,1478
ATQCUS0044,October,Groceries,UPI,809
ATQCUS0044,October,Groceries,Debit Card,177
ATQCUS0044,October,Groceries,Net Banking,373
ATQCUS0044,October,Electronics,Credit Card,1137
ATQCUS0044,October,Electronics,UPI,1556
ATQCUS0044,October,Electronics,Debit Card,510
ATQCUS0044,October,Electronics,Net Banking,517
ATQCUS0044,October,Health & Wellness,Credit Card,1566
ATQCUS0044,October,Health & Wellness,UPI,622
ATQCUS0044,October,Health & Wellness,Debit Card,1257
ATQCUS0044,October,Health & Wellness,Net Banking,713
ATQCUS0044,October,Travel,Credit Card,470
ATQCUS0044,October,Travel,UPI,2344
ATQCUS0044,October,Travel,Debit Card,433
ATQCUS0044,October,Travel,Net Banking,136
ATQCUS0044,October,Food,Credit Card,1323
ATQCUS0044,October,Food,UPI,620
ATQCUS0044,October,Food,Debit Card,334
ATQCUS0044,October,Food,Net Banking,291
ATQCUS0044,October,Entertainment,Credit Card,986
ATQCUS0044,October,Entertainment,UPI,262
ATQCUS0044,October,Entertainment,Debit Card,639
ATQCUS0044,October,Entertainment,Net Banking,103
ATQCUS0044,October,Apparel,Credit Card,1221
ATQCUS0044,October,Apparel,UPI,160
ATQCUS0044,October,Apparel,Debit Card,324
ATQCUS0044,October,Apparel,Net Banking,194
ATQCUS0044,October,Others,Credit Card,130
ATQCUS0044,October,Others,UPI,142
ATQCUS0044,October,Others,Debit Card,134
ATQCUS0044,October,Others,Net Banking,41
ATQCUS0045,May,Bills,Credit Card,1866
ATQCUS0045,May,Bills,UPI,583
ATQCUS0045,May,Bills,Debit Card,2216
ATQCUS0045,May,Bills,Net Banking,1313
ATQCUS0045,May,Groceries,Credit Card,1134
ATQCUS0045,May,Groceries,UPI,1106
ATQCUS0045,May,Groceries,Debit Card,1035
ATQCUS0045,May,Groceries,Net Banking,341
ATQCUS0045,May,Electronics,Credit Card,432
ATQCUS0045,May,Electronics,UPI,270
ATQCUS0045,May,Electronics,Debit Card,303
ATQCUS0045,May,Electronics,Net Banking,884
ATQCUS0045,May,Health & Wellness,Credit Card,1043
ATQCUS0045,May,Health & Wellness,UPI,442
ATQCUS0045,May,Health & Wellness,Debit Card,772
ATQCUS0045,May,Health & Wellness,Net Banking,439
ATQCUS0045,May,Travel,Credit Card,772
ATQCUS0045,May,Travel,UPI,654
ATQCUS0045,May,Travel,Debit Card,166
ATQCUS0045,May,Travel,Net Banking,446
ATQCUS0045,May,Food,Credit Card,411
ATQCUS0045,May,Food,UPI,498
ATQCUS0045,May,Food,Debit Card,183
ATQCUS0045,May,Food,Net Banking,139
ATQCUS0045,May,Entertainment,Credit Card,347
ATQCUS0045,May,Entertainment,UPI,212
ATQCUS0045,May,Entertainment,Debit Card,1109
ATQCUS0045,May,Entertainment,Net Banking,154
ATQCUS0045,May,Apparel,Credit Card,582
ATQCUS0045,May,Apparel,UPI,341
ATQCUS0045,May,Apparel,Debit Card,343
ATQCUS0045,May,Apparel,Net Banking,295
ATQCUS0045,May,Others,Credit Card,534
ATQCUS0045,May,Others,UPI,128
ATQCUS0045,May,Others,Debit Card,245
ATQCUS0045,May,Others,Net Banking,122
ATQCUS0045,June,Bills,Credit Card,3274
ATQCUS0045,June,Bills,UPI,378
ATQCUS0045,June,Bills,Debit Card,680
ATQCUS0045,June,Bills,Net Banking,627
ATQCUS0045,June,Groceries,Credit Card,568
ATQCUS0045,June,Groceries,UPI,337
ATQCUS0045,June,Groceries,Debit Card,576
ATQCUS0045,June,Groceries,Net Banking,52
ATQCUS0045,June,Electronics,Credit Card,98
ATQCUS0045,June,Electronics,UPI,451
ATQCUS0045,June,Electronics,Debit Card,879
ATQCUS0045,June,Electronics,Net Banking,324
ATQCUS0045,June,Health & Wellness,Credit Card,505
ATQCUS0045,June,Health & Wellness,UPI,446
ATQCUS0045,June,Health & Wellness,Debit Card,268
ATQCUS0045,June,Health & Wellness,Net Banking,358
ATQCUS0045,June,Travel,Credit Card,594
ATQCUS0045,June,Travel,UPI,548
ATQCUS0045,June,Travel,Debit Card,317
ATQCUS0045,June,Travel,Net Banking,96
ATQCUS0045,June,Food,Credit Card,375
ATQCUS0045,June,Food,UPI,293
ATQCUS0045,June,Food,Debit Card,283
ATQCUS0045,June,Food,Net Banking,188
ATQCUS0045,June,Entertainment,Credit Card,339
ATQCUS0045,June,Entertainment,UPI,243
ATQCUS0045,June,Entertainment,Debit Card,328
ATQCUS0045,June,Entertainment,Net Banking,418
ATQCUS0045,June,Apparel,Credit Card,712
ATQCUS0045,June,Apparel,UPI,197
ATQCUS0045,June,Apparel,Debit Card,189
ATQCUS0045,June,Apparel,Net Banking,90
ATQCUS0045,June,Others,Credit Card,329
ATQCUS0045,June,Others,UPI,429
ATQCUS0045,June,Others,Debit Card,179
ATQCUS0045,June,Others,Net Banking,96
ATQCUS0045,July,Bills,Credit Card,3868
ATQCUS0045,July,Bills,UPI,2024
ATQCUS0045,July,Bills,Debit Card,632
ATQCUS0045,July,Bills,Net Banking,404
ATQCUS0045,July,Groceries,Credit Card,404
ATQCUS0045,July,Groceries,UPI,1643
ATQCUS0045,July,Groceries,Debit Card,852
ATQCUS0045,July,Groceries,Net Banking,897
ATQCUS0045,July,Electronics,Credit Card,397
ATQCUS0045,July,Electronics,UPI,1534
ATQCUS0045,July,Electronics,Debit Card,570
ATQCUS0045,July,Electronics,Net Banking,694
ATQCUS0045,July,Health & Wellness,Credit Card,841
ATQCUS0045,July,Health & Wellness,UPI,364
ATQCUS0045,July,Health & Wellness,Debit Card,324
ATQCUS0045,July,Health & Wellness,Net Banking,167
ATQCUS0045,July,Travel,Credit Card,935
ATQCUS0045,July,Travel,UPI,459
ATQCUS0045,July,Travel,Debit Card,614
ATQCUS0045,July,Travel,Net Banking,102
ATQCUS0045,July,Food,Credit Card,301
ATQCUS0045,July,Food,UPI,1304
ATQCUS0045,July,Food,Debit Card,330
ATQCUS0045,July,Food,Net Banking,426
ATQCUS0045,July,Entertainment,Credit Card,166
ATQCUS0045,July,Entertainment,UPI,288
ATQCUS0045,July,Entertainment,Debit Card,238
ATQCUS0045,July,Entertainment,Net Banking,69
ATQCUS0045,July,Apparel,Credit Card,1093
ATQCUS0045,July,Apparel,UPI,148
ATQCUS0045,July,Apparel,Debit Card,250
ATQCUS0045,July,Apparel,Net Banking,49
ATQCUS0045,July,Others,Credit Card,154
ATQCUS0045,July,Others,UPI,593
ATQCUS0045,July,Others,Debit Card,160
ATQCUS0045,July,Others,Net Banking,242
ATQCUS0045,August,Bills,Credit Card,396
ATQCUS0045,August,Bills,UPI,1051
ATQCUS0045,August,Bills,Debit Card,881
ATQCUS0045,August,Bills,Net Banking,1516
ATQCUS0045,August,Groceries,Credit Card,967
ATQCUS0045,August,Groceries,UPI,759
ATQCUS0045,August,Groceries,Debit Card,351
ATQCUS0045,August,Groceries,Net Banking,579
ATQCUS0045,August,Electronics,Credit Card,837
ATQCUS0045,August,Electronics,UPI,308
ATQCUS0045,August,Electronics,Debit Card,581
ATQCUS0045,August,Electronics,Net Banking,153
ATQCUS0045,August,Health & Wellness,Credit Card,237
ATQCUS0045,August,Health & Wellness,UPI,312
ATQCUS0045,August,Health & Wellness,Debit Card,882
ATQCUS0045,August,Health & Wellness,Net Banking,127
ATQCUS0045,August,Travel,Credit Card,427
ATQCUS0045,August,Travel,UPI,729
ATQCUS0045,August,Travel,Debit Card,338
ATQCUS0045,August,Travel,Net Banking,291
ATQCUS0045,August,Food,Credit Card,120
ATQCUS0045,August,Food,UPI,1143
ATQCUS0045,August,Food,Debit Card,161
ATQCUS0045,August,Food,Net Banking,401
ATQCUS0045,August,Entertainment,Credit Card,660
ATQCUS0045,August,Entertainment,UPI,226
ATQCUS0045,August,Entertainment,Debit Card,486
ATQCUS0045,August,Entertainment,Net Banking,431
ATQCUS0045,August,Apparel,Credit Card,244
ATQCUS0045,August,Apparel,UPI,42
ATQCUS0045,August,Apparel,Debit Card,225
ATQCUS0045,August,Apparel,Net Banking,101
ATQCUS0045,August,Others,Credit Card,573
ATQCUS0045,August,Others,UPI,219
ATQCUS0045,August,Others,Debit Card,149
ATQCUS0045,August,Others,Net Banking,94
ATQCUS0045,September,Bills,Credit Card,1689
ATQCUS0045,September,Bills,UPI,634
ATQCUS0045,September,Bills,Debit Card,730
ATQCUS0045,September,Bills,Net Banking,1840
ATQCUS0045,September,Groceries,Credit Card,245
ATQCUS0045,September,Groceries,UPI,239
ATQCUS0045,September,Groceries,Debit Card,532
ATQCUS0045,September,Groceries,Net Banking,308
ATQCUS0045,September,Electronics,Credit Card,1452
ATQCUS0045,September,Electronics,UPI,311
ATQCUS0045,September,Electronics,Debit Card,566
ATQCUS0045,September,Electronics,Net Banking,263
ATQCUS0045,September,Health & Wellness,Credit Card,476
ATQCUS0045,September,Health & Wellness,UPI,738
ATQCUS0045,September,Health & Wellness,Debit Card,403
ATQCUS0045,September,Health & Wellness,Net Banking,251
ATQCUS0045,September,Travel,Credit Card,492
ATQCUS0045,September,Travel,UPI,301
ATQCUS0045,September,Travel,Debit Card,204
ATQCUS0045,September,Travel,Net Banking,122
ATQCUS0045,September,Food,Credit Card,419
ATQCUS0045,September,Food,UPI,384
ATQCUS0045,September,Food,Debit Card,1002
ATQCUS0045,September,Food,Net Banking,103
ATQCUS0045,September,Entertainment,Credit Card,955
ATQCUS0045,September,Entertainment,UPI,245
ATQCUS0045,September,Entertainment,Debit Card,153
ATQCUS0045,September,Entertainment,Net Banking,296
ATQCUS0045,September,Apparel,Credit Card,937
ATQCUS0045,September,Apparel,UPI,252
ATQCUS0045,September,Apparel,Debit Card,221
ATQCUS0045,September,Apparel,Net Banking,67
ATQCUS0045,September,Others,Credit Card,275
ATQCUS0045,September,Others,UPI,276
ATQCUS0045,September,Others,Debit Card,236
ATQCUS0045,September,Others,Net Banking,239
ATQCUS0045,October,Bills,Credit Card,1279
ATQCUS0045,October,Bills,UPI,2311
ATQCUS0045,October,Bills,Debit Card,1616
ATQCUS0045,October,Bills,Net Banking,188
ATQCUS0045,October,Groceries,Credit Card,1256
ATQCUS0045,October,Groceries,UPI,90
ATQCUS0045,October,Groceries,Debit Card,1554
ATQCUS0045,October,Groceries,Net Banking,562
ATQCUS0045,October,Electronics,Credit Card,500
ATQCUS0045,October,Electronics,UPI,669
ATQCUS0045,October,Electronics,Debit Card,235
ATQCUS0045,October,Electronics,Net Banking,397
ATQCUS0045,October,Health & Wellness,Credit Card,1210
ATQCUS0045,October,Health & Wellness,UPI,639
ATQCUS0045,October,Health & Wellness,Debit Card,673
ATQCUS0045,October,Health & Wellness,Net Banking,127
ATQCUS0045,October,Travel,Credit Card,979
ATQCUS0045,October,Travel,UPI,504
ATQCUS0045,October,Travel,Debit Card,850
ATQCUS0045,October,Travel,Net Banking,218
ATQCUS0045,October,Food,Credit Card,569
ATQCUS0045,October,Food,UPI,130
ATQCUS0045,October,Food,Debit Card,343
ATQCUS0045,October,Food,Net Banking,261
ATQCUS0045,October,Entertainment,Credit Card,1208
ATQCUS0045,October,Entertainment,UPI,942
ATQCUS0045,October,Entertainment,Debit Card,364
ATQCUS0045,October,Entertainment,Net Banking,331
ATQCUS0045,October,Apparel,Credit Card,597
ATQCUS0045,October,Apparel,UPI,710
ATQCUS0045,October,Apparel,Debit Card,716
ATQCUS0045,October,Apparel,Net Banking,192
ATQCUS0045,October,Others,Credit Card,327
ATQCUS0045,October,Others,UPI,476
ATQCUS0045,October,Others,Debit Card,129
ATQCUS0045,October,Others,Net Banking,234
ATQCUS0046,May,Bills,Credit Card,1043
ATQCUS0046,May,Bills,UPI,1688
ATQCUS0046,May,Bills,Debit Card,1127
ATQCUS0046,May,Bills,Net Banking,482
ATQCUS0046,May,Groceries,Credit Card,606
ATQCUS0046,May,Groceries,UPI,523
ATQCUS0046,May,Groceries,Debit Card,310
ATQCUS0046,May,Groceries,Net Banking,398
ATQCUS0046,May,Electronics,Credit Card,2776
ATQCUS0046,May,Electronics,UPI,1236
ATQCUS0046,May,Electronics,Debit Card,634
ATQCUS0046,May,Electronics,Net Banking,718
ATQCUS0046,May,Health & Wellness,Credit Card,1034
ATQCUS0046,May,Health & Wellness,UPI,486
ATQCUS0046,May,Health & Wellness,Debit Card,310
ATQCUS0046,May,Health & Wellness,Net Banking,244
ATQCUS0046,May,Travel,Credit Card,2106
ATQCUS0046,May,Travel,UPI,299
ATQCUS0046,May,Travel,Debit Card,100
ATQCUS0046,May,Travel,Net Banking,83
ATQCUS0046,May,Food,Credit Card,891
ATQCUS0046,May,Food,UPI,1082
ATQCUS0046,May,Food,Debit Card,378
ATQCUS0046,May,Food,Net Banking,130
ATQCUS0046,May,Entertainment,Credit Card,762
ATQCUS0046,May,Entertainment,UPI,668
ATQCUS0046,May,Entertainment,Debit Card,517
ATQCUS0046,May,Entertainment,Net Banking,92
ATQCUS0046,May,Apparel,Credit Card,375
ATQCUS0046,May,Apparel,UPI,826
ATQCUS0046,May,Apparel,Debit Card,145
ATQCUS0046,May,Apparel,Net Banking,191
ATQCUS0046,May,Others,Credit Card,292
ATQCUS0046,May,Others,UPI,168
ATQCUS0046,May,Others,Debit Card,251
ATQCUS0046,May,Others,Net Banking,176
ATQCUS0046,June,Bills,Credit Card,6967
ATQCUS0046,June,Bills,UPI,460
ATQCUS0046,June,Bills,Debit Card,317
ATQCUS0046,June,Bills,Net Banking,227
ATQCUS0046,June,Groceries,Credit Card,653
ATQCUS0046,June,Groceries,UPI,1046
ATQCUS0046,June,Groceries,Debit Card,720
ATQCUS0046,June,Groceries,Net Banking,177
ATQCUS0046,June,Electronics,Credit Card,1335
ATQCUS0046,June,Electronics,UPI,1895
ATQCUS0046,June,Electronics,Debit Card,1406
ATQCUS0046,June,Electronics,Net Banking,167
ATQCUS0046,June,Health & Wellness,Credit Card,459
ATQCUS0046,June,Health & Wellness,UPI,971
ATQCUS0046,June,Health & Wellness,Debit Card,587
ATQCUS0046,June,Health & Wellness,Net Banking,269
ATQCUS0046,June,Travel,Credit Card,742
ATQCUS0046,June,Travel,UPI,154
ATQCUS0046,June,Travel,Debit Card,481
ATQCUS0046,June,Travel,Net Banking,235
ATQCUS0046,June,Food,Credit Card,665
ATQCUS0046,June,Food,UPI,559
ATQCUS0046,June,Food,Debit Card,191
ATQCUS0046,June,Food,Net Banking,185
ATQCUS0046,June,Entertainment,Credit Card,2956
ATQCUS0046,June,Entertainment,UPI,312
ATQCUS0046,June,Entertainment,Debit Card,130
ATQCUS0046,June,Entertainment,Net Banking,466
ATQCUS0046,June,Apparel,Credit Card,1111
ATQCUS0046,June,Apparel,UPI,552
ATQCUS0046,June,Apparel,Debit Card,117
ATQCUS0046,June,Apparel,Net Banking,255
ATQCUS0046,June,Others,Credit Card,423
ATQCUS0046,June,Others,UPI,469
ATQCUS0046,June,Others,Debit Card,351
ATQCUS0046,June,Others,Net Banking,243
ATQCUS0046,July,Bills,Credit Card,2723
ATQCUS0046,July,Bills,UPI,2557
ATQCUS0046,July,Bills,Debit Card,2098
ATQCUS0046,July,Bills,Net Banking,204
ATQCUS0046,July,Groceries,Credit Card,2221
ATQCUS0046,July,Groceries,UPI,990
ATQCUS0046,July,Groceries,Debit Card,556
ATQCUS0046,July,Groceries,Net Banking,276
ATQCUS0046,July,Electronics,Credit Card,643
ATQCUS0046,July,Electronics,UPI,1039
ATQCUS0046,July,Electronics,Debit Card,291
ATQCUS0046,July,Electronics,Net Banking,1241
ATQCUS0046,July,Health & Wellness,Credit Card,742
ATQCUS0046,July,Health & Wellness,UPI,477
ATQCUS0046,July,Health & Wellness,Debit Card,393
ATQCUS0046,July,Health & Wellness,Net Banking,591
ATQCUS0046,July,Travel,Credit Card,248
ATQCUS0046,July,Travel,UPI,435
ATQCUS0046,July,Travel,Debit Card,180
ATQCUS0046,July,Travel,Net Banking,645
ATQCUS0046,July,Food,Credit Card,1459
ATQCUS0046,July,Food,UPI,674
ATQCUS0046,July,Food,Debit Card,241
ATQCUS0046,July,Food,Net Banking,701
ATQCUS0046,July,Entertainment,Credit Card,1068
ATQCUS0046,July,Entertainment,UPI,963
ATQCUS0046,July,Entertainment,Debit Card,403
ATQCUS0046,July,Entertainment,Net Banking,240
ATQCUS0046,July,Apparel,Credit Card,199
ATQCUS0046,July,Apparel,UPI,1058
ATQCUS0046,July,Apparel,Debit Card,559
ATQCUS0046,July,Apparel,Net Banking,56
ATQCUS0046,July,Others,Credit Card,475
ATQCUS0046,July,Others,UPI,440
ATQCUS0046,July,Others,Debit Card,155
ATQCUS0046,July,Others,Net Banking,50
ATQCUS0046,August,Bills,Credit Card,3444
ATQCUS0046,August,Bills,UPI,712
ATQCUS0046,August,Bills,Debit Card,1629
ATQCUS0046,August,Bills,Net Banking,623
ATQCUS0046,August,Groceries,Credit Card,1374
ATQCUS0046,August,Groceries,UPI,978
ATQCUS0046,August,Groceries,Debit Card,886
ATQCUS0046,August,Groceries,Net Banking,1018
ATQCUS0046,August,Electronics,Credit Card,603
ATQCUS0046,August,Electronics,UPI,2128
ATQCUS0046,August,Electronics,Debit Card,1451
ATQCUS0046,August,Electronics,Net Banking,153
ATQCUS0046,August,Health & Wellness,Credit Card,1660
ATQCUS0046,August,Health & Wellness,UPI,1589
ATQCUS0046,August,Health & Wellness,Debit Card,408
ATQCUS0046,August,Health & Wellness,Net Banking,304
ATQCUS0046,August,Travel,Credit Card,1063
ATQCUS0046,August,Travel,UPI,143
ATQCUS0046,August,Travel,Debit Card,102
ATQCUS0046,August,Travel,Net Banking,119
ATQCUS0046,August,Food,Credit Card,2331
ATQCUS0046,August,Food,UPI,706
ATQCUS0046,August,Food,Debit Card,273
ATQCUS0046,August,Food,Net Banking,130
ATQCUS0046,August,Entertainment,Credit Card,1167
ATQCUS0046,August,Entertainment,UPI,616
ATQCUS0046,August,Entertainment,Debit Card,131
ATQCUS0046,August,Entertainment,Net Banking,94
ATQCUS0046,August,Apparel,Credit Card,1185
ATQCUS0046,August,Apparel,UPI,88
ATQCUS0046,August,Apparel,Debit Card,126
ATQCUS0046,August,Apparel,Net Banking,484
ATQCUS0046,August,Others,Credit Card,161
ATQCUS0046,August,Others,UPI,270
ATQCUS0046,August,Others,Debit Card,130
ATQCUS0046,August,Others,Net Banking,105
ATQCUS0046,September,Bills,Credit Card,3251
ATQCUS0046,September,Bills,UPI,1070
ATQCUS0046,September,Bills,Debit Card,2466
ATQCUS0046,September,Bills,Net Banking,354
ATQCUS0046,September,Groceries,Credit Card,6024
ATQCUS0046,September,Groceries,UPI,968
ATQCUS0046,September,Groceries,Debit Card,1261
ATQCUS0046,September,Groceries,Net Banking,690
ATQCUS0046,September,Electronics,Credit Card,1631
ATQCUS0046,September,Electronics,UPI,204
ATQCUS0046,September,Electronics,Debit Card,1137
ATQCUS0046,September,Electronics,Net Banking,643
ATQCUS0046,September,Health & Wellness,Credit Card,1268
ATQCUS0046,September,Health & Wellness,UPI,1662
ATQCUS0046,September,Health & Wellness,Debit Card,76
ATQCUS0046,September,Health & Wellness,Net Banking,357
ATQCUS0046,September,Travel,Credit Card,899
ATQCUS0046,September,Travel,UPI,1030
ATQCUS0046,September,Travel,Debit Card,873
ATQCUS0046,September,Travel,Net Banking,77
ATQCUS0046,September,Food,Credit Card,857
ATQCUS0046,September,Food,UPI,86
ATQCUS0046,September,Food,Debit Card,204
ATQCUS0046,September,Food,Net Banking,714
ATQCUS0046,September,Entertainment,Credit Card,883
ATQCUS0046,September,Entertainment,UPI,396
ATQCUS0046,September,Entertainment,Debit Card,117
ATQCUS0046,September,Entertainment,Net Banking,419
ATQCUS0046,September,Apparel,Credit Card,1366
ATQCUS0046,September,Apparel,UPI,1076
ATQCUS0046,September,Apparel,Debit Card,599
ATQCUS0046,September,Apparel,Net Banking,157
ATQCUS0046,September,Others,Credit Card,844
ATQCUS0046,September,Others,UPI,424
ATQCUS0046,September,Others,Debit Card,395
ATQCUS0046,September,Others,Net Banking,248
ATQCUS0046,October,Bills,Credit Card,1235
ATQCUS0046,October,Bills,UPI,1128
ATQCUS0046,October,Bills,Debit Card,977
ATQCUS0046,October,Bills,Net Banking,1138
ATQCUS0046,October,Groceries,Credit Card,1414
ATQCUS0046,October,Groceries,UPI,121
ATQCUS0046,October,Groceries,Debit Card,637
ATQCUS0046,October,Groceries,Net Banking,77
ATQCUS0046,October,Electronics,Credit Card,3013
ATQCUS0046,October,Electronics,UPI,2350
ATQCUS0046,October,Electronics,Debit Card,60
ATQCUS0046,October,Electronics,Net Banking,254
ATQCUS0046,October,Health & Wellness,Credit Card,1254
ATQCUS0046,October,Health & Wellness,UPI,306
ATQCUS0046,October,Health & Wellness,Debit Card,503
ATQCUS0046,October,Health & Wellness,Net Banking,195
ATQCUS0046,October,Travel,Credit Card,828
ATQCUS0046,October,Travel,UPI,542
ATQCUS0046,October,Travel,Debit Card,170
ATQCUS0046,October,Travel,Net Banking,173
ATQCUS0046,October,Food,Credit Card,1906
ATQCUS0046,October,Food,UPI,2329
ATQCUS0046,October,Food,Debit Card,163
ATQCUS0046,October,Food,Net Banking,265
ATQCUS0046,October,Entertainment,Credit Card,816
ATQCUS0046,October,Entertainment,UPI,243
ATQCUS0046,October,Entertainment,Debit Card,392
ATQCUS0046,October,Entertainment,Net Banking,112
ATQCUS0046,October,Apparel,Credit Card,709
ATQCUS0046,October,Apparel,UPI,517
ATQCUS0046,October,Apparel,Debit Card,876
ATQCUS0046,October,Apparel,Net Banking,82
ATQCUS0046,October,Others,Credit Card,537
ATQCUS0046,October,Others,UPI,901
ATQCUS0046,October,Others,Debit Card,132
ATQCUS0046,October,Others,Net Banking,48
ATQCUS0047,May,Bills,Credit Card,3995
ATQCUS0047,May,Bills,UPI,266
ATQCUS0047,May,Bills,Debit Card,3258
ATQCUS0047,May,Bills,Net Banking,883
ATQCUS0047,May,Groceries,Credit Card,2629
ATQCUS0047,May,Groceries,UPI,3252
ATQCUS0047,May,Groceries,Debit Card,542
ATQCUS0047,May,Groceries,Net Banking,327
ATQCUS0047,May,Electronics,Credit Card,4998
ATQCUS0047,May,Electronics,UPI,4179
ATQCUS0047,May,Electronics,Debit Card,1998
ATQCUS0047,May,Electronics,Net Banking,272
ATQCUS0047,May,Health & Wellness,Credit Card,2018
ATQCUS0047,May,Health & Wellness,UPI,1080
ATQCUS0047,May,Health & Wellness,Debit Card,766
ATQCUS0047,May,Health & Wellness,Net Banking,235
ATQCUS0047,May,Travel,Credit Card,906
ATQCUS0047,May,Travel,UPI,815
ATQCUS0047,May,Travel,Debit Card,1932
ATQCUS0047,May,Travel,Net Banking,396
ATQCUS0047,May,Food,Credit Card,1365
ATQCUS0047,May,Food,UPI,516
ATQCUS0047,May,Food,Debit Card,280
ATQCUS0047,May,Food,Net Banking,256
ATQCUS0047,May,Entertainment,Credit Card,621
ATQCUS0047,May,Entertainment,UPI,561
ATQCUS0047,May,Entertainment,Debit Card,284
ATQCUS0047,May,Entertainment,Net Banking,628
ATQCUS0047,May,Apparel,Credit Card,1547
ATQCUS0047,May,Apparel,UPI,444
ATQCUS0047,May,Apparel,Debit Card,664
ATQCUS0047,May,Apparel,Net Banking,164
ATQCUS0047,May,Others,Credit Card,366
ATQCUS0047,May,Others,UPI,380
ATQCUS0047,May,Others,Debit Card,324
ATQCUS0047,May,Others,Net Banking,253
ATQCUS0047,June,Bills,Credit Card,3445
ATQCUS0047,June,Bills,UPI,3082
ATQCUS0047,June,Bills,Debit Card,2022
ATQCUS0047,June,Bills,Net Banking,939
ATQCUS0047,June,Groceries,Credit Card,943
ATQCUS0047,June,Groceries,UPI,1055
ATQCUS0047,June,Groceries,Debit Card,1773
ATQCUS0047,June,Groceries,Net Banking,804
ATQCUS0047,June,Electronics,Credit Card,2185
ATQCUS0047,June,Electronics,UPI,976
ATQCUS0047,June,Electronics,Debit Card,1096
ATQCUS0047,June,Electronics,Net Banking,272
ATQCUS0047,June,Health & Wellness,Credit Card,1525
ATQCUS0047,June,Health & Wellness,UPI,381
ATQCUS0047,June,Health & Wellness,Debit Card,2388
ATQCUS0047,June,Health & Wellness,Net Banking,681
ATQCUS0047,June,Travel,Credit Card,1274
ATQCUS0047,June,Travel,UPI,478
ATQCUS0047,June,Travel,Debit Card,335
ATQCUS0047,June,Travel,Net Banking,446
ATQCUS0047,June,Food,Credit Card,554
ATQCUS0047,June,Food,UPI,2402
ATQCUS0047,June,Food,Debit Card,1570
ATQCUS0047,June,Food,Net Banking,583
ATQCUS0047,June,Entertainment,Credit Card,1115
ATQCUS0047,June,Entertainment,UPI,312
ATQCUS0047,June,Entertainment,Debit Card,580
ATQCUS0047,June,Entertainment,Net Banking,241
ATQCUS0047,June,Apparel,Credit Card,1442
ATQCUS0047,June,Apparel,UPI,168
ATQCUS0047,June,Apparel,Debit Card,658
ATQCUS0047,June,Apparel,Net Banking,515
ATQCUS0047,June,Others,Credit Card,1180
ATQCUS0047,June,Others,UPI,359
ATQCUS0047,June,Others,Debit Card,442
ATQCUS0047,June,Others,Net Banking,101
ATQCUS0047,July,Bills,Credit Card,3024
ATQCUS0047,July,Bills,UPI,2916
ATQCUS0047,July,Bills,Debit Card,1421
ATQCUS0047,July,Bills,Net Banking,715
ATQCUS0047,July,Groceries,Credit Card,2073
ATQCUS0047,July,Groceries,UPI,2350
ATQCUS0047,July,Groceries,Debit Card,2697
ATQCUS0047,July,Groceries,Net Banking,869
ATQCUS0047,July,Electronics,Credit Card,3068
ATQCUS0047,July,Electronics,UPI,1633
ATQCUS0047,July,Electronics,Debit Card,1056
ATQCUS0047,July,Electronics,Net Banking,1820
ATQCUS0047,July,Health & Wellness,Credit Card,1487
ATQCUS0047,July,Health & Wellness,UPI,342
ATQCUS0047,July,Health & Wellness,Debit Card,1055
ATQCUS0047,July,Health & Wellness,Net Banking,302
ATQCUS0047,July,Travel,Credit Card,1637
ATQCUS0047,July,Travel,UPI,192
ATQCUS0047,July,Travel,Debit Card,374
ATQCUS0047,July,Travel,Net Banking,295
ATQCUS0047,July,Food,Credit Card,716
ATQCUS0047,July,Food,UPI,270
ATQCUS0047,July,Food,Debit Card,473
ATQCUS0047,July,Food,Net Banking,55
ATQCUS0047,July,Entertainment,Credit Card,667
ATQCUS0047,July,Entertainment,UPI,351
ATQCUS0047,July,Entertainment,Debit Card,365
ATQCUS0047,July,Entertainment,Net Banking,289
ATQCUS0047,July,Apparel,Credit Card,710
ATQCUS0047,July,Apparel,UPI,989
ATQCUS0047,July,Apparel,Debit Card,265
ATQCUS0047,July,Apparel,Net Banking,220
ATQCUS0047,July,Others,Credit Card,450
ATQCUS0047,July,Others,UPI,626
ATQCUS0047,July,Others,Debit Card,810
ATQCUS0047,July,Others,Net Banking,111
ATQCUS0047,August,Bills,Credit Card,5782
ATQCUS0047,August,Bills,UPI,1145
ATQCUS0047,August,Bills,Debit Card,1167
ATQCUS0047,August,Bills,Net Banking,175
ATQCUS0047,August,Groceries,Credit Card,2799
ATQCUS0047,August,Groceries,UPI,118
ATQCUS0047,August,Groceries,Debit Card,874
ATQCUS0047,August,Groceries,Net Banking,712
ATQCUS0047,August,Electronics,Credit Card,1924
ATQCUS0047,August,Electronics,UPI,159
ATQCUS0047,August,Electronics,Debit Card,1126
ATQCUS0047,August,Electronics,Net Banking,985
ATQCUS0047,August,Health & Wellness,Credit Card,2935
ATQCUS0047,August,Health & Wellness,UPI,1201
ATQCUS0047,August,Health & Wellness,Debit Card,2073
ATQCUS0047,August,Health & Wellness,Net Banking,219
ATQCUS0047,August,Travel,Credit Card,3530
ATQCUS0047,August,Travel,UPI,1175
ATQCUS0047,August,Travel,Debit Card,632
ATQCUS0047,August,Travel,Net Banking,594
ATQCUS0047,August,Food,Credit Card,3779
ATQCUS0047,August,Food,UPI,1898
ATQCUS0047,August,Food,Debit Card,606
ATQCUS0047,August,Food,Net Banking,397
ATQCUS0047,August,Entertainment,Credit Card,700
ATQCUS0047,August,Entertainment,UPI,1020
ATQCUS0047,August,Entertainment,Debit Card,2158
ATQCUS0047,August,Entertainment,Net Banking,51
ATQCUS0047,August,Apparel,Credit Card,1852
ATQCUS0047,August,Apparel,UPI,838
ATQCUS0047,August,Apparel,Debit Card,632
ATQCUS0047,August,Apparel,Net Banking,215
ATQCUS0047,August,Others,Credit Card,217
ATQCUS0047,August,Others,UPI,761
ATQCUS0047,August,Others,Debit Card,691
ATQCUS0047,August,Others,Net Banking,531
ATQCUS0047,September,Bills,Credit Card,1478
ATQCUS0047,September,Bills,UPI,1536
ATQCUS0047,September,Bills,Debit Card,1725
ATQCUS0047,September,Bills,Net Banking,342
ATQCUS0047,September,Groceries,Credit Card,2313
ATQCUS0047,September,Groceries,UPI,599
ATQCUS0047,September,Groceries,Debit Card,1049
ATQCUS0047,September,Groceries,Net Banking,1177
ATQCUS0047,September,Electronics,Credit Card,2439
ATQCUS0047,September,Electronics,UPI,793
ATQCUS0047,September,Electronics,Debit Card,1333
ATQCUS0047,September,Electronics,Net Banking,946
ATQCUS0047,September,Health & Wellness,Credit Card,2183
ATQCUS0047,September,Health & Wellness,UPI,156
ATQCUS0047,September,Health & Wellness,Debit Card,1492
ATQCUS0047,September,Health & Wellness,Net Banking,448
ATQCUS0047,September,Travel,Credit Card,1616
ATQCUS0047,September,Travel,UPI,1330
ATQCUS0047,September,Travel,Debit Card,366
ATQCUS0047,September,Travel,Net Banking,639
ATQCUS0047,September,Food,Credit Card,3058
ATQCUS0047,September,Food,UPI,1104
ATQCUS0047,September,Food,Debit Card,440
ATQCUS0047,September,Food,Net Banking,397
ATQCUS0047,September,Entertainment,Credit Card,3512
ATQCUS0047,September,Entertainment,UPI,1476
ATQCUS0047,September,Entertainment,Debit Card,695
ATQCUS0047,September,Entertainment,Net Banking,144
ATQCUS0047,September,Apparel,Credit Card,356
ATQCUS0047,September,Apparel,UPI,380
ATQCUS0047,September,Apparel,Debit Card,223
ATQCUS0047,September,Apparel,Net Banking,79
ATQCUS0047,September,Others,Credit Card,241
ATQCUS0047,September,Others,UPI,219
ATQCUS0047,September,Others,Debit Card,103
ATQCUS0047,September,Others,Net Banking,113
ATQCUS0047,October,Bills,Credit Card,1282
ATQCUS0047,October,Bills,UPI,1085
ATQCUS0047,October,Bills,Debit Card,1399
ATQCUS0047,October,Bills,Net Banking,749
ATQCUS0047,October,Groceries,Credit Card,813
ATQCUS0047,October,Groceries,UPI,1061
ATQCUS0047,October,Groceries,Debit Card,941
ATQCUS0047,October,Groceries,Net Banking,1860
ATQCUS0047,October,Electronics,Credit Card,867
ATQCUS0047,October,Electronics,UPI,1943
ATQCUS0047,October,Electronics,Debit Card,2763
ATQCUS0047,October,Electronics,Net Banking,288
ATQCUS0047,October,Health & Wellness,Credit Card,712
ATQCUS0047,October,Health & Wellness,UPI,1006
ATQCUS0047,October,Health & Wellness,Debit Card,1658
ATQCUS0047,October,Health & Wellness,Net Banking,899
ATQCUS0047,October,Travel,Credit Card,3112
ATQCUS0047,October,Travel,UPI,578
ATQCUS0047,October,Travel,Debit Card,365
ATQCUS0047,October,Travel,Net Banking,108
ATQCUS0047,October,Food,Credit Card,798
ATQCUS0047,October,Food,UPI,1174
ATQCUS0047,October,Food,Debit Card,232
ATQCUS0047,October,Food,Net Banking,272
ATQCUS0047,October,Entertainment,Credit Card,917
ATQCUS0047,October,Entertainment,UPI,847
ATQCUS0047,October,Entertainment,Debit Card,131
ATQCUS0047,October,Entertainment,Net Banking,128
ATQCUS0047,October,Apparel,Credit Card,451
ATQCUS0047,October,Apparel,UPI,1170
ATQCUS0047,October,Apparel,Debit Card,278
ATQCUS0047,October,Apparel,Net Banking,159
ATQCUS0047,October,Others,Credit Card,882
ATQCUS0047,October,Others,UPI,508
ATQCUS0047,October,Others,Debit Card,301
ATQCUS0047,October,Others,Net Banking,108
ATQCUS0048,May,Bills,Credit Card,2954
ATQCUS0048,May,Bills,UPI,982
ATQCUS0048,May,Bills,Debit Card,1029
ATQCUS0048,May,Bills,Net Banking,725
ATQCUS0048,May,Groceries,Credit Card,1446
ATQCUS0048,May,Groceries,UPI,968
ATQCUS0048,May,Groceries,Debit Card,619
ATQCUS0048,May,Groceries,Net Banking,323
ATQCUS0048,May,Electronics,Credit Card,1389
ATQCUS0048,May,Electronics,UPI,788
ATQCUS0048,May,Electronics,Debit Card,495
ATQCUS0048,May,Electronics,Net Banking,197
ATQCUS0048,May,Health & Wellness,Credit Card,1620
ATQCUS0048,May,Health & Wellness,UPI,37
ATQCUS0048,May,Health & Wellness,Debit Card,167
ATQCUS0048,May,Health & Wellness,Net Banking,65
ATQCUS0048,May,Travel,Credit Card,613
ATQCUS0048,May,Travel,UPI,874
ATQCUS0048,May,Travel,Debit Card,161
ATQCUS0048,May,Travel,Net Banking,138
ATQCUS0048,May,Food,Credit Card,192
ATQCUS0048,May,Food,UPI,323
ATQCUS0048,May,Food,Debit Card,587
ATQCUS0048,May,Food,Net Banking,114
ATQCUS0048,May,Entertainment,Credit Card,425
ATQCUS0048,May,Entertainment,UPI,210
ATQCUS0048,May,Entertainment,Debit Card,127
ATQCUS0048,May,Entertainment,Net Banking,76
ATQCUS0048,May,Apparel,Credit Card,260
ATQCUS0048,May,Apparel,UPI,580
ATQCUS0048,May,Apparel,Debit Card,350
ATQCUS0048,May,Apparel,Net Banking,224
ATQCUS0048,May,Others,Credit Card,714
ATQCUS0048,May,Others,UPI,246
ATQCUS0048,May,Others,Debit Card,223
ATQCUS0048,May,Others,Net Banking,77
ATQCUS0048,June,Bills,Credit Card,1147
ATQCUS0048,June,Bills,UPI,1851
ATQCUS0048,June,Bills,Debit Card,430
ATQCUS0048,June,Bills,Net Banking,433
ATQCUS0048,June,Groceries,Credit Card,1063
ATQCUS0048,June,Groceries,UPI,591
ATQCUS0048,June,Groceries,Debit Card,251
ATQCUS0048,June,Groceries,Net Banking,72
ATQCUS0048,June,Electronics,Credit Card,1627
ATQCUS0048,June,Electronics,UPI,1089
ATQCUS0048,June,Electronics,Debit Card,80
ATQCUS0048,June,Electronics,Net Banking,815
ATQCUS0048,June,Health & Wellness,Credit Card,314
ATQCUS0048,June,Health & Wellness,UPI,333
ATQCUS0048,June,Health & Wellness,Debit Card,178
ATQCUS0048,June,Health & Wellness,Net Banking,249
ATQCUS0048,June,Travel,Credit Card,575
ATQCUS0048,June,Travel,UPI,624
ATQCUS0048,June,Travel,Debit Card,126
ATQCUS0048,June,Travel,Net Banking,149
ATQCUS0048,June,Food,Credit Card,980
ATQCUS0048,June,Food,UPI,403
ATQCUS0048,June,Food,Debit Card,259
ATQCUS0048,June,Food,Net Banking,71
ATQCUS0048,June,Entertainment,Credit Card,363
ATQCUS0048,June,Entertainment,UPI,414
ATQCUS0048,June,Entertainment,Debit Card,1004
ATQCUS0048,June,Entertainment,Net Banking,137
ATQCUS0048,June,Apparel,Credit Card,443
ATQCUS0048,June,Apparel,UPI,445
ATQCUS0048,June,Apparel,Debit Card,150
ATQCUS0048,June,Apparel,Net Banking,515
ATQCUS0048,June,Others,Credit Card,364
ATQCUS0048,June,Others,UPI,104
ATQCUS0048,June,Others,Debit Card,60
ATQCUS0048,June,Others,Net Banking,56
ATQCUS0048,July,Bills,Credit Card,660
ATQCUS0048,July,Bills,UPI,105
ATQCUS0048,July,Bills,Debit Card,467
ATQCUS0048,July,Bills,Net Banking,145
ATQCUS0048,July,Groceries,Credit Card,2462
ATQCUS0048,July,Groceries,UPI,244
ATQCUS0048,July,Groceries,Debit Card,2219
ATQCUS0048,July,Groceries,Net Banking,282
ATQCUS0048,July,Electronics,Credit Card,1011
ATQCUS0048,July,Electronics,UPI,1180
ATQCUS0048,July,Electronics,Debit Card,1287
ATQCUS0048,July,Electronics,Net Banking,245
ATQCUS0048,July,Health & Wellness,Credit Card,396
ATQCUS0048,July,Health & Wellness,UPI,659
ATQCUS0048,July,Health & Wellness,Debit Card,225
ATQCUS0048,July,Health & Wellness,Net Banking,233
ATQCUS0048,July,Travel,Credit Card,566
ATQCUS0048,July,Travel,UPI,733
ATQCUS0048,July,Travel,Debit Card,186
ATQCUS0048,July,Travel,Net Banking,142
ATQCUS0048,July,Food,Credit Card,417
ATQCUS0048,July,Food,UPI,242
ATQCUS0048,July,Food,Debit Card,469
ATQCUS0048,July,Food,Net Banking,80
ATQCUS0048,July,Entertainment,Credit Card,240
ATQCUS0048,July,Entertainment,UPI,589
ATQCUS0048,July,Entertainment,Debit Card,195
ATQCUS0048,July,Entertainment,Net Banking,379
ATQCUS0048,July,Apparel,Credit Card,133
ATQCUS0048,July,Apparel,UPI,231
ATQCUS0048,July,Apparel,Debit Card,1094
ATQCUS0048,July,Apparel,Net Banking,100
ATQCUS0048,July,Others,Credit Card,97
ATQCUS0048,July,Others,UPI,229
ATQCUS0048,July,Others,Debit Card,192
ATQCUS0048,July,Others,Net Banking,68
ATQCUS0048,August,Bills,Credit Card,765
ATQCUS0048,August,Bills,UPI,635
ATQCUS0048,August,Bills,Debit Card,1772
ATQCUS0048,August,Bills,Net Banking,230
ATQCUS0048,August,Groceries,Credit Card,222
ATQCUS0048,August,Groceries,UPI,776
ATQCUS0048,August,Groceries,Debit Card,155
ATQCUS0048,August,Groceries,Net Banking,298
ATQCUS0048,August,Electronics,Credit Card,1296
ATQCUS0048,August,Electronics,UPI,1665
ATQCUS0048,August,Electronics,Debit Card,888
ATQCUS0048,August,Electronics,Net Banking,114
ATQCUS0048,August,Health & Wellness,Credit Card,1272
ATQCUS0048,August,Health & Wellness,UPI,388
ATQCUS0048,August,Health & Wellness,Debit Card,276
ATQCUS0048,August,Health & Wellness,Net Banking,380
ATQCUS0048,August,Travel,Credit Card,945
ATQCUS0048,August,Travel,UPI,207
ATQCUS0048,August,Travel,Debit Card,352
ATQCUS0048,August,Travel,Net Banking,157
ATQCUS0048,August,Food,Credit Card,413
ATQCUS0048,August,Food,UPI,85
ATQCUS0048,August,Food,Debit Card,72
ATQCUS0048,August,Food,Net Banking,111
ATQCUS0048,August,Entertainment,Credit Card,241
ATQCUS0048,August,Entertainment,UPI,62
ATQCUS0048,August,Entertainment,Debit Card,480
ATQCUS0048,August,Entertainment,Net Banking,184
ATQCUS0048,August,Apparel,Credit Card,234
ATQCUS0048,August,Apparel,UPI,502
ATQCUS0048,August,Apparel,Debit Card,102
ATQCUS0048,August,Apparel,Net Banking,344
ATQCUS0048,August,Others,Credit Card,438
ATQCUS0048,August,Others,UPI,164
ATQCUS0048,August,Others,Debit Card,133
ATQCUS0048,August,Others,Net Banking,77
ATQCUS0048,September,Bills,Credit Card,1738
ATQCUS0048,September,Bills,UPI,621
ATQCUS0048,September,Bills,Debit Card,335
ATQCUS0048,September,Bills,Net Banking,129
ATQCUS0048,September,Groceries,Credit Card,573
ATQCUS0048,September,Groceries,UPI,1132
ATQCUS0048,September,Groceries,Debit Card,652
ATQCUS0048,September,Groceries,Net Banking,281
ATQCUS0048,September,Electronics,Credit Card,791
ATQCUS0048,September,Electronics,UPI,316
ATQCUS0048,September,Electronics,Debit Card,91
ATQCUS0048,September,Electronics,Net Banking,555
ATQCUS0048,September,Health & Wellness,Credit Card,2115
ATQCUS0048,September,Health & Wellness,UPI,91
ATQCUS0048,September,Health & Wellness,Debit Card,201
ATQCUS0048,September,Health & Wellness,Net Banking,421
ATQCUS0048,September,Travel,Credit Card,250
ATQCUS0048,September,Travel,UPI,437
ATQCUS0048,September,Travel,Debit Card,592
ATQCUS0048,September,Travel,Net Banking,527
ATQCUS0048,September,Food,Credit Card,478
ATQCUS0048,September,Food,UPI,619
ATQCUS0048,September,Food,Debit Card,356
ATQCUS0048,September,Food,Net Banking,97
ATQCUS0048,September,Entertainment,Credit Card,519
ATQCUS0048,September,Entertainment,UPI,93
ATQCUS0048,September,Entertainment,Debit Card,262
ATQCUS0048,September,Entertainment,Net Banking,86
ATQCUS0048,September,Apparel,Credit Card,178
ATQCUS0048,September,Apparel,UPI,108
ATQCUS0048,September,Apparel,Debit Card,340
ATQCUS0048,September,Apparel,Net Banking,115
ATQCUS0048,September,Others,Credit Card,175
ATQCUS0048,September,Others,UPI,346
ATQCUS0048,September,Others,Debit Card,44
ATQCUS0048,September,Others,Net Banking,197
ATQCUS0048,October,Bills,Credit Card,879
ATQCUS0048,October,Bills,UPI,1397
ATQCUS0048,October,Bills,Debit Card,672
ATQCUS0048,October,Bills,Net Banking,159
ATQCUS0048,October,Groceries,Credit Card,586
ATQCUS0048,October,Groceries,UPI,744
ATQCUS0048,October,Groceries,Debit Card,702
ATQCUS0048,October,Groceries,Net Banking,445
ATQCUS0048,October,Electronics,Credit Card,1388
ATQCUS0048,October,Electronics,UPI,249
ATQCUS0048,October,Electronics,Debit Card,593
ATQCUS0048,October,Electronics,Net Banking,120
ATQCUS0048,October,Health & Wellness,Credit Card,627
ATQCUS0048,October,Health & Wellness,UPI,632
ATQCUS0048,October,Health & Wellness,Debit Card,777
ATQCUS0048,October,Health & Wellness,Net Banking,78
ATQCUS0048,October,Travel,Credit Card,273
ATQCUS0048,October,Travel,UPI,569
ATQCUS0048,October,Travel,Debit Card,457
ATQCUS0048,October,Travel,Net Banking,101
ATQCUS0048,October,Food,Credit Card,264
ATQCUS0048,October,Food,UPI,494
ATQCUS0048,October,Food,Debit Card,514
ATQCUS0048,October,Food,Net Banking,311
ATQCUS0048,October,Entertainment,Credit Card,492
ATQCUS0048,October,Entertainment,UPI,255
ATQCUS0048,October,Entertainment,Debit Card,114
ATQCUS0048,October,Entertainment,Net Banking,395
ATQCUS0048,October,Apparel,Credit Card,761
ATQCUS0048,October,Apparel,UPI,280
ATQCUS0048,October,Apparel,Debit Card,276
ATQCUS0048,October,Apparel,Net Banking,83
ATQCUS0048,October,Others,Credit Card,386
ATQCUS0048,October,Others,UPI,561
ATQCUS0048,October,Others,Debit Card,282
ATQCUS0048,October,Others,Net Banking,83
ATQCUS0049,May,Bills,Credit Card,91
ATQCUS0049,May,Bills,UPI,638
ATQCUS0049,May,Bills,Debit Card,895
ATQCUS0049,May,Bills,Net Banking,336
ATQCUS0049,May,Groceries,Credit Card,1112
ATQCUS0049,May,Groceries,UPI,612
ATQCUS0049,May,Groceries,Debit Card,841
ATQCUS0049,May,Groceries,Net Banking,357
ATQCUS0049,May,Electronics,Credit Card,490
ATQCUS0049,May,Electronics,UPI,539
ATQCUS0049,May,Electronics,Debit Card,147
ATQCUS0049,May,Electronics,Net Banking,643
ATQCUS0049,May,Health & Wellness,Credit Card,996
ATQCUS0049,May,Health & Wellness,UPI,102
ATQCUS0049,May,Health & Wellness,Debit Card,91
ATQCUS0049,May,Health & Wellness,Net Banking,195
ATQCUS0049,May,Travel,Credit Card,271
ATQCUS0049,May,Travel,UPI,93
ATQCUS0049,May,Travel,Debit Card,80
ATQCUS0049,May,Travel,Net Banking,191
ATQCUS0049,May,Food,Credit Card,278
ATQCUS0049,May,Food,UPI,135
ATQCUS0049,May,Food,Debit Card,82
ATQCUS0049,May,Food,Net Banking,267
ATQCUS0049,May,Entertainment,Credit Card,542
ATQCUS0049,May,Entertainment,UPI,110
ATQCUS0049,May,Entertainment,Debit Card,383
ATQCUS0049,May,Entertainment,Net Banking,175
ATQCUS0049,May,Apparel,Credit Card,450
ATQCUS0049,May,Apparel,UPI,120
ATQCUS0049,May,Apparel,Debit Card,434
ATQCUS0049,May,Apparel,Net Banking,227
ATQCUS0049,May,Others,Credit Card,197
ATQCUS0049,May,Others,UPI,171
ATQCUS0049,May,Others,Debit Card,27
ATQCUS0049,May,Others,Net Banking,91
ATQCUS0049,June,Bills,Credit Card,409
ATQCUS0049,June,Bills,UPI,1408
ATQCUS0049,June,Bills,Debit Card,1299
ATQCUS0049,June,Bills,Net Banking,1145
ATQCUS0049,June,Groceries,Credit Card,970
ATQCUS0049,June,Groceries,UPI,1021
ATQCUS0049,June,Groceries,Debit Card,149
ATQCUS0049,June,Groceries,Net Banking,300
ATQCUS0049,June,Electronics,Credit Card,563
ATQCUS0049,June,Electronics,UPI,133
ATQCUS0049,June,Electronics,Debit Card,134
ATQCUS0049,June,Electronics,Net Banking,330
ATQCUS0049,June,Health & Wellness,Credit Card,434
ATQCUS0049,June,Health & Wellness,UPI,1933
ATQCUS0049,June,Health & Wellness,Debit Card,907
ATQCUS0049,June,Health & Wellness,Net Banking,973
ATQCUS0049,June,Travel,Credit Card,189
ATQCUS0049,June,Travel,UPI,353
ATQCUS0049,June,Travel,Debit Card,76
ATQCUS0049,June,Travel,Net Banking,163
ATQCUS0049,June,Food,Credit Card,56
ATQCUS0049,June,Food,UPI,194
ATQCUS0049,June,Food,Debit Card,587
ATQCUS0049,June,Food,Net Banking,88
ATQCUS0049,June,Entertainment,Credit Card,241
ATQCUS0049,June,Entertainment,UPI,371
ATQCUS0049,June,Entertainment,Debit Card,358
ATQCUS0049,June,Entertainment,Net Banking,152
ATQCUS0049,June,Apparel,Credit Card,694
ATQCUS0049,June,Apparel,UPI,428
ATQCUS0049,June,Apparel,Debit Card,225
ATQCUS0049,June,Apparel,Net Banking,273
ATQCUS0049,June,Others,Credit Card,197
ATQCUS0049,June,Others,UPI,209
ATQCUS0049,June,Others,Debit Card,49
ATQCUS0049,June,Others,Net Banking,133
ATQCUS0049,July,Bills,Credit Card,3317
ATQCUS0049,July,Bills,UPI,1186
ATQCUS0049,July,Bills,Debit Card,69
ATQCUS0049,July,Bills,Net Banking,132
ATQCUS0049,July,Groceries,Credit Card,2292
ATQCUS0049,July,Groceries,UPI,367
ATQCUS0049,July,Groceries,Debit Card,409
ATQCUS0049,July,Groceries,Net Banking,427
ATQCUS0049,July,Electronics,Credit Card,1982
ATQCUS0049,July,Electronics,UPI,664
ATQCUS0049,July,Electronics,Debit Card,155
ATQCUS0049,July,Electronics,Net Banking,249
ATQCUS0049,July,Health & Wellness,Credit Card,508
ATQCUS0049,July,Health & Wellness,UPI,906
ATQCUS0049,July,Health & Wellness,Debit Card,681
ATQCUS0049,July,Health & Wellness,Net Banking,177
ATQCUS0049,July,Travel,Credit Card,189
ATQCUS0049,July,Travel,UPI,738
ATQCUS0049,July,Travel,Debit Card,693
ATQCUS0049,July,Travel,Net Banking,528
ATQCUS0049,July,Food,Credit Card,563
ATQCUS0049,July,Food,UPI,1283
ATQCUS0049,July,Food,Debit Card,221
ATQCUS0049,July,Food,Net Banking,314
ATQCUS0049,July,Entertainment,Credit Card,741
ATQCUS0049,July,Entertainment,UPI,641
ATQCUS0049,July,Entertainment,Debit Card,405
ATQCUS0049,July,Entertainment,Net Banking,116
ATQCUS0049,July,Apparel,Credit Card,95
ATQCUS0049,July,Apparel,UPI,223
ATQCUS0049,July,Apparel,Debit Card,31
ATQCUS0049,July,Apparel,Net Banking,52
ATQCUS0049,July,Others,Credit Card,138
ATQCUS0049,July,Others,UPI,323
ATQCUS0049,July,Others,Debit Card,215
ATQCUS0049,July,Others,Net Banking,278
ATQCUS0049,August,Bills,Credit Card,647
ATQCUS0049,August,Bills,UPI,353
ATQCUS0049,August,Bills,Debit Card,267
ATQCUS0049,August,Bills,Net Banking,365
ATQCUS0049,August,Groceries,Credit Card,288
ATQCUS0049,August,Groceries,UPI,219
ATQCUS0049,August,Groceries,Debit Card,140
ATQCUS0049,August,Groceries,Net Banking,166
ATQCUS0049,August,Electronics,Credit Card,736
ATQCUS0049,August,Electronics,UPI,179
ATQCUS0049,August,Electronics,Debit Card,120
ATQCUS0049,August,Electronics,Net Banking,192
ATQCUS0049,August,Health & Wellness,Credit Card,871
ATQCUS0049,August,Health & Wellness,UPI,1163
ATQCUS0049,August,Health & Wellness,Debit Card,361
ATQCUS0049,August,Health & Wellness,Net Banking,166
ATQCUS0049,August,Travel,Credit Card,1074
ATQCUS0049,August,Travel,UPI,240
ATQCUS0049,August,Travel,Debit Card,457
ATQCUS0049,August,Travel,Net Banking,215
ATQCUS0049,August,Food,Credit Card,391
ATQCUS0049,August,Food,UPI,96
ATQCUS0049,August,Food,Debit Card,204
ATQCUS0049,August,Food,Net Banking,240
ATQCUS0049,August,Entertainment,Credit Card,444
ATQCUS0049,August,Entertainment,UPI,191
ATQCUS0049,August,Entertainment,Debit Card,113
ATQCUS0049,August,Entertainment,Net Banking,137
ATQCUS0049,August,Apparel,Credit Card,942
ATQCUS0049,August,Apparel,UPI,101
ATQCUS0049,August,Apparel,Debit Card,123
ATQCUS0049,August,Apparel,Net Banking,51
ATQCUS0049,August,Others,Credit Card,189
ATQCUS0049,August,Others,UPI,225
ATQCUS0049,August,Others,Debit Card,304
ATQCUS0049,August,Others,Net Banking,219
ATQCUS0049,September,Bills,Credit Card,178
ATQCUS0049,September,Bills,UPI,779
ATQCUS0049,September,Bills,Debit Card,128
ATQCUS0049,September,Bills,Net Banking,484
ATQCUS0049,September,Groceries,Credit Card,1147
ATQCUS0049,September,Groceries,UPI,312
ATQCUS0049,September,Groceries,Debit Card,616
ATQCUS0049,September,Groceries,Net Banking,301
ATQCUS0049,September,Electronics,Credit Card,547
ATQCUS0049,September,Electronics,UPI,802
ATQCUS0049,September,Electronics,Debit Card,686
ATQCUS0049,September,Electronics,Net Banking,308
ATQCUS0049,September,Health & Wellness,Credit Card,1416
ATQCUS0049,September,Health & Wellness,UPI,166
ATQCUS0049,September,Health & Wellness,Debit Card,738
ATQCUS0049,September,Health & Wellness,Net Banking,354
ATQCUS0049,September,Travel,Credit Card,232
ATQCUS0049,September,Travel,UPI,493
ATQCUS0049,September,Travel,Debit Card,419
ATQCUS0049,September,Travel,Net Banking,261
ATQCUS0049,September,Food,Credit Card,604
ATQCUS0049,September,Food,UPI,1098
ATQCUS0049,September,Food,Debit Card,105
ATQCUS0049,September,Food,Net Banking,87
ATQCUS0049,September,Entertainment,Credit Card,176
ATQCUS0049,September,Entertainment,UPI,360
ATQCUS0049,September,Entertainment,Debit Card,400
ATQCUS0049,September,Entertainment,Net Banking,59
ATQCUS0049,September,Apparel,Credit Card,418
ATQCUS0049,September,Apparel,UPI,123
ATQCUS0049,September,Apparel,Debit Card,121
ATQCUS0049,September,Apparel,Net Banking,301
ATQCUS0049,September,Others,Credit Card,668
ATQCUS0049,September,Others,UPI,112
ATQCUS0049,September,Others,Debit Card,159
ATQCUS0049,September,Others,Net Banking,34
ATQCUS0049,October,Bills,Credit Card,790
ATQCUS0049,October,Bills,UPI,670
ATQCUS0049,October,Bills,Debit Card,640
ATQCUS0049,October,Bills,Net Banking,305
ATQCUS0049,October,Groceries,Credit Card,1472
ATQCUS0049,October,Groceries,UPI,1385
ATQCUS0049,October,Groceries,Debit Card,314
ATQCUS0049,October,Groceries,Net Banking,232
ATQCUS0049,October,Electronics,Credit Card,877
ATQCUS0049,October,Electronics,UPI,954
ATQCUS0049,October,Electronics,Debit Card,149
ATQCUS0049,October,Electronics,Net Banking,183
ATQCUS0049,October,Health & Wellness,Credit Card,1108
ATQCUS0049,October,Health & Wellness,UPI,919
ATQCUS0049,October,Health & Wellness,Debit Card,436
ATQCUS0049,October,Health & Wellness,Net Banking,482
ATQCUS0049,October,Travel,Credit Card,722
ATQCUS0049,October,Travel,UPI,770
ATQCUS0049,October,Travel,Debit Card,143
ATQCUS0049,October,Travel,Net Banking,185
ATQCUS0049,October,Food,Credit Card,875
ATQCUS0049,October,Food,UPI,345
ATQCUS0049,October,Food,Debit Card,174
ATQCUS0049,October,Food,Net Banking,171
ATQCUS0049,October,Entertainment,Credit Card,655
ATQCUS0049,October,Entertainment,UPI,257
ATQCUS0049,October,Entertainment,Debit Card,187
ATQCUS0049,October,Entertainment,Net Banking,328
ATQCUS0049,October,Apparel,Credit Card,200
ATQCUS0049,October,Apparel,UPI,257
ATQCUS0049,October,Apparel,Debit Card,301
ATQCUS0049,October,Apparel,Net Banking,54
ATQCUS0049,October,Others,Credit Card,46
ATQCUS0049,October,Others,UPI,277
ATQCUS0049,October,Others,Debit Card,200
ATQCUS0049,October,Others,Net Banking,118
ATQCUS0050,May,Bills,Credit Card,487
ATQCUS0050,May,Bills,UPI,1792
ATQCUS0050,May,Bills,Debit Card,440
ATQCUS0050,May,Bills,Net Banking,163
ATQCUS0050,May,Groceries,Credit Card,1515
ATQCUS0050,May,Groceries,UPI,1226
ATQCUS0050,May,Groceries,Debit Card,564
ATQCUS0050,May,Groceries,Net Banking,749
ATQCUS0050,May,Electronics,Credit Card,803
ATQCUS0050,May,Electronics,UPI,755
ATQCUS0050,May,Electronics,Debit Card,465
ATQCUS0050,May,Electronics,Net Banking,1109
ATQCUS0050,May,Health & Wellness,Credit Card,580
ATQCUS0050,May,Health & Wellness,UPI,747
ATQCUS0050,May,Health & Wellness,Debit Card,1587
ATQCUS0050,May,Health & Wellness,Net Banking,262
ATQCUS0050,May,Travel,Credit Card,402
ATQCUS0050,May,Travel,UPI,291
ATQCUS0050,May,Travel,Debit Card,269
ATQCUS0050,May,Travel,Net Banking,273
ATQCUS0050,May,Food,Credit Card,676
ATQCUS0050,May,Food,UPI,606
ATQCUS0050,May,Food,Debit Card,75
ATQCUS0050,May,Food,Net Banking,311
ATQCUS0050,May,Entertainment,Credit Card,786
ATQCUS0050,May,Entertainment,UPI,284
ATQCUS0050,May,Entertainment,Debit Card,120
ATQCUS0050,May,Entertainment,Net Banking,461
ATQCUS0050,May,Apparel,Credit Card,825
ATQCUS0050,May,Apparel,UPI,268
ATQCUS0050,May,Apparel,Debit Card,416
ATQCUS0050,May,Apparel,Net Banking,183
ATQCUS0050,May,Others,Credit Card,514
ATQCUS0050,May,Others,UPI,125
ATQCUS0050,May,Others,Debit Card,90
ATQCUS0050,May,Others,Net Banking,158
ATQCUS0050,June,Bills,Credit Card,2826
ATQCUS0050,June,Bills,UPI,2683
ATQCUS0050,June,Bills,Debit Card,628
ATQCUS0050,June,Bills,Net Banking,832
ATQCUS0050,June,Groceries,Credit Card,638
ATQCUS0050,June,Groceries,UPI,1921
ATQCUS0050,June,Groceries,Debit Card,619
ATQCUS0050,June,Groceries,Net Banking,288
ATQCUS0050,June,Electronics,Credit Card,2341
ATQCUS0050,June,Electronics,UPI,923
ATQCUS0050,June,Electronics,Debit Card,588
ATQCUS0050,June,Electronics,Net Banking,462
ATQCUS0050,June,Health & Wellness,Credit Card,200
ATQCUS0050,June,Health & Wellness,UPI,50
ATQCUS0050,June,Health & Wellness,Debit Card,469
ATQCUS0050,June,Health & Wellness,Net Banking,112
ATQCUS0050,June,Travel,Credit Card,704
ATQCUS0050,June,Travel,UPI,352
ATQCUS0050,June,Travel,Debit Card,579
ATQCUS0050,June,Travel,Net Banking,219
ATQCUS0050,June,Food,Credit Card,1606
ATQCUS0050,June,Food,UPI,550
ATQCUS0050,June,Food,Debit Card,229
ATQCUS0050,June,Food,Net Banking,293
ATQCUS0050,June,Entertainment,Credit Card,165
ATQCUS0050,June,Entertainment,UPI,731
ATQCUS0050,June,Entertainment,Debit Card,394
ATQCUS0050,June,Entertainment,Net Banking,102
ATQCUS0050,June,Apparel,Credit Card,366
ATQCUS0050,June,Apparel,UPI,418
ATQCUS0050,June,Apparel,Debit Card,352
ATQCUS0050,June,Apparel,Net Banking,110
ATQCUS0050,June,Others,Credit Card,438
ATQCUS0050,June,Others,UPI,171
ATQCUS0050,June,Others,Debit Card,164
ATQCUS0050,June,Others,Net Banking,60
ATQCUS0050,July,Bills,Credit Card,3494
ATQCUS0050,July,Bills,UPI,283
ATQCUS0050,July,Bills,Debit Card,1062
ATQCUS0050,July,Bills,Net Banking,642
ATQCUS0050,July,Groceries,Credit Card,407
ATQCUS0050,July,Groceries,UPI,584
ATQCUS0050,July,Groceries,Debit Card,588
ATQCUS0050,July,Groceries,Net Banking,1082
ATQCUS0050,July,Electronics,Credit Card,839
ATQCUS0050,July,Electronics,UPI,951
ATQCUS0050,July,Electronics,Debit Card,320
ATQCUS0050,July,Electronics,Net Banking,530
ATQCUS0050,July,Health & Wellness,Credit Card,564
ATQCUS0050,July,Health & Wellness,UPI,876
ATQCUS0050,July,Health & Wellness,Debit Card,374
ATQCUS0050,July,Health & Wellness,Net Banking,393
ATQCUS0050,July,Travel,Credit Card,1555
ATQCUS0050,July,Travel,UPI,334
ATQCUS0050,July,Travel,Debit Card,157
ATQCUS0050,July,Travel,Net Banking,110
ATQCUS0050,July,Food,Credit Card,1901
ATQCUS0050,July,Food,UPI,407
ATQCUS0050,July,Food,Debit Card,157
ATQCUS0050,July,Food,Net Banking,64
ATQCUS0050,July,Entertainment,Credit Card,186
ATQCUS0050,July,Entertainment,UPI,517
ATQCUS0050,July,Entertainment,Debit Card,90
ATQCUS0050,July,Entertainment,Net Banking,92
ATQCUS0050,July,Apparel,Credit Card,1020
ATQCUS0050,July,Apparel,UPI,235
ATQCUS0050,July,Apparel,Debit Card,132
ATQCUS0050,July,Apparel,Net Banking,200
ATQCUS0050,July,Others,Credit Card,415
ATQCUS0050,July,Others,UPI,172
ATQCUS0050,July,Others,Debit Card,125
ATQCUS0050,July,Others,Net Banking,32
ATQCUS0050,August,Bills,Credit Card,2604
ATQCUS0050,August,Bills,UPI,3006
ATQCUS0050,August,Bills,Debit Card,482
ATQCUS0050,August,Bills,Net Banking,276
ATQCUS0050,August,Groceries,Credit Card,445
ATQCUS0050,August,Groceries,UPI,344
ATQCUS0050,August,Groceries,Debit Card,836
ATQCUS0050,August,Groceries,Net Banking,602
ATQCUS0050,August,Electronics,Credit Card,979
ATQCUS0050,August,Electronics,UPI,857
ATQCUS0050,August,Electronics,Debit Card,1005
ATQCUS0050,August,Electronics,Net Banking,189
ATQCUS0050,August,Health & Wellness,Credit Card,263
ATQCUS0050,August,Health & Wellness,UPI,273
ATQCUS0050,August,Health & Wellness,Debit Card,354
ATQCUS0050,August,Health & Wellness,Net Banking,550
ATQCUS0050,August,Travel,Credit Card,723
ATQCUS0050,August,Travel,UPI,755
ATQCUS0050,August,Travel,Debit Card,205
ATQCUS0050,August,Travel,Net Banking,123
ATQCUS0050,August,Food,Credit Card,1032
ATQCUS0050,August,Food,UPI,74
ATQCUS0050,August,Food,Debit Card,107
ATQCUS0050,August,Food,Net Banking,68
ATQCUS0050,August,Entertainment,Credit Card,303
ATQCUS0050,August,Entertainment,UPI,729
ATQCUS0050,August,Entertainment,Debit Card,208
ATQCUS0050,August,Entertainment,Net Banking,135
ATQCUS0050,August,Apparel,Credit Card,306
ATQCUS0050,August,Apparel,UPI,389
ATQCUS0050,August,Apparel,Debit Card,186
ATQCUS0050,August,Apparel,Net Banking,120
ATQCUS0050,August,Others,Credit Card,52
ATQCUS0050,August,Others,UPI,192
ATQCUS0050,August,Others,Debit Card,77
ATQCUS0050,August,Others,Net Banking,198
ATQCUS0050,September,Bills,Credit Card,349
ATQCUS0050,September,Bills,UPI,1244
ATQCUS0050,September,Bills,Debit Card,933
ATQCUS0050,September,Bills,Net Banking,738
ATQCUS0050,September,Groceries,Credit Card,1062
ATQCUS0050,September,Groceries,UPI,1753
ATQCUS0050,September,Groceries,Debit Card,515
ATQCUS0050,September,Groceries,Net Banking,455
ATQCUS0050,September,Electronics,Credit Card,2334
ATQCUS0050,September,Electronics,UPI,946
ATQCUS0050,September,Electronics,Debit Card,629
ATQCUS0050,September,Electronics,Net Banking,230
ATQCUS0050,September,Health & Wellness,Credit Card,790
ATQCUS0050,September,Health & Wellness,UPI,374
ATQCUS0050,September,Health & Wellness,Debit Card,177
ATQCUS0050,September,Health & Wellness,Net Banking,114
ATQCUS0050,September,Travel,Credit Card,998
ATQCUS0050,September,Travel,UPI,437
ATQCUS0050,September,Travel,Debit Card,557
ATQCUS0050,September,Travel,Net Banking,513
ATQCUS0050,September,Food,Credit Card,292
ATQCUS0050,September,Food,UPI,718
ATQCUS0050,September,Food,Debit Card,360
ATQCUS0050,September,Food,Net Banking,528
ATQCUS0050,September,Entertainment,Credit Card,504
ATQCUS0050,September,Entertainment,UPI,193
ATQCUS0050,September,Entertainment,Debit Card,307
ATQCUS0050,September,Entertainment,Net Banking,40
ATQCUS0050,September,Apparel,Credit Card,483
ATQCUS0050,September,Apparel,UPI,205
ATQCUS0050,September,Apparel,Debit Card,157
ATQCUS0050,September,Apparel,Net Banking,75
ATQCUS0050,September,Others,Credit Card,345
ATQCUS0050,September,Others,UPI,399
ATQCUS0050,September,Others,Debit Card,169
ATQCUS0050,September,Others,Net Banking,195
ATQCUS0050,October,Bills,Credit Card,4780
ATQCUS0050,October,Bills,UPI,1653
ATQCUS0050,October,Bills,Debit Card,263
ATQCUS0050,October,Bills,Net Banking,603
ATQCUS0050,October,Groceries,Credit Card,567
ATQCUS0050,October,Groceries,UPI,1112
ATQCUS0050,October,Groceries,Debit Card,778
ATQCUS0050,October,Groceries,Net Banking,125
ATQCUS0050,October,Electronics,Credit Card,2585
ATQCUS0050,October,Electronics,UPI,660
ATQCUS0050,October,Electronics,Debit Card,552
ATQCUS0050,October,Electronics,Net Banking,356
ATQCUS0050,October,Health & Wellness,Credit Card,1867
ATQCUS0050,October,Health & Wellness,UPI,448
ATQCUS0050,October,Health & Wellness,Debit Card,390
ATQCUS0050,October,Health & Wellness,Net Banking,295
ATQCUS0050,October,Travel,Credit Card,1039
ATQCUS0050,October,Travel,UPI,142
ATQCUS0050,October,Travel,Debit Card,411
ATQCUS0050,October,Travel,Net Banking,479
ATQCUS0050,October,Food,Credit Card,2156
ATQCUS0050,October,Food,UPI,267
ATQCUS0050,October,Food,Debit Card,328
ATQCUS0050,October,Food,Net Banking,254
ATQCUS0050,October,Entertainment,Credit Card,260
ATQCUS0050,October,Entertainment,UPI,263
ATQCUS0050,October,Entertainment,Debit Card,318
ATQCUS0050,October,Entertainment,Net Banking,102
ATQCUS0050,October,Apparel,Credit Card,777
ATQCUS0050,October,Apparel,UPI,164
ATQCUS0050,October,Apparel,Debit Card,235
ATQCUS0050,October,Apparel,Net Banking,273
ATQCUS0050,October,Others,Credit Card,300
ATQCUS0050,October,Others,UPI,227
ATQCUS0050,October,Others,Debit Card,108
ATQCUS0050,October,Others,Net Banking,244
